date,ON_STREAM_HRS,AVG_DOWNHOLE_PRESSURE,AVG_DOWNHOLE_TEMPERATURE,AVG_DP_TUBING,AVG_ANNULUS_PRESS,AVG_CHOKE_SIZE_P,AVG_WHP_P,AVG_WHT_P,DP_CHOKE_SIZE,BORE_OIL_VOL,BORE_GAS_VOL,BORE_WAT_VOL,is_shut_in,annulus_press_missing,choke_size_missing,water_vol_corrected,days_since_last_record,oil_rate_bopd,days_on_production,cum_oil_vol,gor,wor,pressure_drawdown,oil_rate_lag1,oil_rate_roll7,oil_rate_roll30
2008-02-12,0.0,0.0,0.0,0.0,0.0,,0.0,0.0,0.05885,0.0,0.0,0.0,1,0,1,0,1,0.0,0,0.0,,,0.0,,,
2008-02-13,0.0,0.0,0.0,0.0,0.0,,0.0,0.0,0.06768,0.0,0.0,0.0,1,0,1,0,1,0.0,1,0.0,,,0.0,0.0,,
2008-02-14,0.0,0.0,0.0,0.0,0.0,,0.0,0.0,0.0495,0.0,0.0,0.0,1,0,1,0,1,0.0,2,0.0,,,0.0,0.0,0.0,
2008-02-15,0.0,0.0,0.0,0.0,6e-05,,0.0,0.0,0.0664,0.0,0.0,0.0,1,0,1,0,1,0.0,3,0.0,,,0.0,0.0,0.0,
2008-02-16,0.0,0.0,0.0,0.0,6e-05,,0.0,0.0,0.10479,0.0,0.0,0.0,1,0,1,0,1,0.0,4,0.0,,,0.0,0.0,0.0,
2008-02-17,0.0,0.0,0.0,0.0,6e-05,,0.0,0.0,0.13571,0.0,0.0,0.0,1,0,1,0,1,0.0,5,0.0,,,0.0,0.0,0.0,
2008-02-18,0.0,0.0,0.0,0.0,0.0,,0.0,0.0,0.23359,0.0,0.0,0.0,1,0,1,0,1,0.0,6,0.0,,,0.0,0.0,0.0,
2008-02-19,0.0,0.0,0.0,0.0,0.0,,0.0,0.0,0.56651,0.0,0.0,0.0,1,0,1,0,1,0.0,7,0.0,,,0.0,0.0,0.0,
2008-02-20,0.0,0.0,0.0,0.0,0.00013,,0.0,2e-05,0.6135,0.0,0.0,0.0,1,0,1,0,1,0.0,8,0.0,,,0.0,0.0,0.0,
2008-02-21,0.0,0.0,0.0,0.0,0.0,,0.0,0.0,0.73982,0.0,0.0,0.0,1,0,1,0,1,0.0,9,0.0,,,0.0,0.0,0.0,0.0
2008-02-22,0.0,0.0,0.0,0.0,0.00027,,0.0,0.00015,0.99382,0.0,0.0,0.0,1,0,1,0,1,0.0,10,0.0,,,0.0,0.0,0.0,0.0
2008-02-23,0.0,0.0,0.0,0.0,0.0,,0.0,0.0,1.39511,0.0,0.0,0.0,1,0,1,0,1,0.0,11,0.0,,,0.0,0.0,0.0,0.0
2008-02-24,0.0,0.0,0.0,0.0,0.0,,0.0,0.0,1.90704,0.0,0.0,0.0,1,0,1,0,1,0.0,12,0.0,,,0.0,0.0,0.0,0.0
2008-02-25,0.0,0.0,0.0,0.0,0.0,,0.0,0.0,2.88356,0.0,0.0,0.0,1,0,1,0,1,0.0,13,0.0,,,0.0,0.0,0.0,0.0
2008-02-26,0.0,0.0,0.0,0.0,0.0,,0.0,0.0,3.80516,0.0,0.0,0.0,1,0,1,0,1,0.0,14,0.0,,,0.0,0.0,0.0,0.0
2008-02-27,0.0,0.0,0.0,0.0,7e-05,,0.0,0.0,4.60605,0.0,0.0,0.0,1,0,1,0,1,0.0,15,0.0,,,0.0,0.0,0.0,0.0
2008-02-28,0.0,0.0,0.0,0.0,0.00028,,0.0,0.0,5.44651,0.0,0.0,0.0,1,0,1,0,1,0.0,16,0.0,,,0.0,0.0,0.0,0.0
2008-02-29,0.0,0.0,0.0,0.0,6e-05,,0.0,0.0,6.3644,0.0,0.0,0.0,1,0,1,0,1,0.0,17,0.0,,,0.0,0.0,0.0,0.0
2008-03-01,0.0,0.0,0.0,0.0,0.00069,,0.0,2e-05,7.2751,0.0,0.0,0.0,1,0,1,0,1,0.0,18,0.0,,,0.0,0.0,0.0,0.0
2008-03-02,0.0,0.0,0.0,0.0,0.00105,,0.0,0.00013,8.1182,0.0,0.0,0.0,1,0,1,0,1,0.0,19,0.0,,,0.0,0.0,0.0,0.0
2008-03-03,0.0,0.0,0.0,0.0,0.00388,,0.0,0.00301,8.94931,0.0,0.0,0.0,1,0,1,0,1,0.0,20,0.0,,,0.0,0.0,0.0,0.0
2008-03-04,0.0,0.0,0.0,0.0,0.00624,,0.0,0.00604,9.72088,0.0,0.0,0.0,1,0,1,0,1,0.0,21,0.0,,,0.0,0.0,0.0,0.0
2008-03-05,0.0,0.0,0.0,0.0,0.00353,,0.0,0.0,10.7844,0.0,0.0,0.0,1,0,1,0,1,0.0,22,0.0,,,0.0,0.0,0.0,0.0
2008-03-06,0.0,0.0,0.0,0.0,0.0,,0.0,0.0,11.91114,0.0,0.0,0.0,1,0,1,0,1,0.0,23,0.0,,,0.0,0.0,0.0,0.0
2008-03-07,0.0,0.0,0.0,0.0,6e-05,,0.0,0.0,12.87469,0.0,0.0,0.0,1,0,1,0,1,0.0,24,0.0,,,0.0,0.0,0.0,0.0
2008-03-08,0.0,0.0,0.0,0.0,0.0,,0.0,0.0,13.91169,0.0,0.0,0.0,1,0,1,0,1,0.0,25,0.0,,,0.0,0.0,0.0,0.0
2008-03-09,0.0,0.0,0.0,0.0,0.0,,0.0,0.0,14.996,0.0,0.0,0.0,1,0,1,0,1,0.0,26,0.0,,,0.0,0.0,0.0,0.0
2008-03-10,0.0,0.0,0.0,0.0,0.00013,,0.0,0.0,15.85424,0.0,0.0,0.0,1,0,1,0,1,0.0,27,0.0,,,0.0,0.0,0.0,0.0
2008-03-11,0.0,0.0,0.0,0.0,0.00021,,0.0,0.0,16.27521,0.0,0.0,0.0,1,0,1,0,1,0.0,28,0.0,,,0.0,0.0,0.0,0.0
2008-03-12,0.0,0.0,0.0,0.0,6e-05,,0.0,0.0,16.49341,0.0,0.0,0.0,1,0,1,0,1,0.0,29,0.0,,,0.0,0.0,0.0,0.0
2008-03-13,0.0,0.0,0.0,0.0,6e-05,,0.0,0.0,17.86627,0.0,0.0,0.0,1,0,1,0,1,0.0,30,0.0,,,0.0,0.0,0.0,0.0
2008-03-14,0.0,0.0,0.0,0.0,6e-05,,0.0,3e-05,25.39629,0.0,0.0,0.0,1,0,1,0,1,0.0,31,0.0,,,0.0,0.0,0.0,0.0
2008-03-15,0.0,0.0,0.0,0.0,0.0,,0.0,0.0,31.41855,0.0,0.0,0.0,1,0,1,0,1,0.0,32,0.0,,,0.0,0.0,0.0,0.0
2008-03-16,0.0,0.0,0.0,0.0,0.00021,,0.0,0.0,31.15885,0.0,0.0,0.0,1,0,1,0,1,0.0,33,0.0,,,0.0,0.0,0.0,0.0
2008-03-17,0.0,0.0,0.0,0.0,0.00207,,0.0,0.00101,30.95724,0.0,0.0,0.0,1,0,1,0,1,0.0,34,0.0,,,0.0,0.0,0.0,0.0
2008-03-18,0.0,0.0,0.0,0.0,0.00204,,0.0,0.00083,30.90056,0.0,0.0,0.0,1,0,1,0,1,0.0,35,0.0,,,0.0,0.0,0.0,0.0
2008-03-19,0.0,0.0,0.0,0.0,0.00149,,0.0,0.00045,30.56417,0.0,0.0,0.0,1,0,1,0,1,0.0,36,0.0,,,0.0,0.0,0.0,0.0
2008-03-20,0.0,0.0,0.0,0.0,0.00067,,0.0,0.00026,30.31562,0.0,0.0,0.0,1,0,1,0,1,0.0,37,0.0,,,0.0,0.0,0.0,0.0
2008-03-21,0.0,0.0,0.0,0.0,0.0013,,0.0,0.00091,30.22878,0.0,0.0,0.0,1,0,1,0,1,0.0,38,0.0,,,0.0,0.0,0.0,0.0
2008-03-22,0.0,0.0,0.0,0.0,0.00321,,0.0,0.0023,30.39496,0.0,0.0,0.0,1,0,1,0,1,0.0,39,0.0,,,0.0,0.0,0.0,0.0
2008-03-23,0.0,0.0,0.0,0.0,0.00707,,0.0,0.00658,30.5011,0.0,0.0,0.0,1,0,1,0,1,0.0,40,0.0,,,0.0,0.0,0.0,0.0
2008-03-24,0.0,0.0,0.0,0.0,0.00957,,0.0,0.00936,30.51044,0.0,0.0,0.0,1,0,1,0,1,0.0,41,0.0,,,0.0,0.0,0.0,0.0
2008-03-25,0.0,0.0,0.0,0.0,0.00749,,0.0,0.00785,30.58097,0.0,0.0,0.0,1,0,1,0,1,0.0,42,0.0,,,0.0,0.0,0.0,0.0
2008-03-26,0.0,0.0,0.0,0.0,0.00236,,0.0,0.00215,17.85681,0.0,0.0,0.0,1,0,1,0,1,0.0,43,0.0,,,0.0,0.0,0.0,0.0
2008-03-27,0.0,0.0,0.0,0.0,0.00377,,0.0,0.00319,1.48369,0.0,0.0,0.0,1,0,1,0,1,0.0,44,0.0,,,0.0,0.0,0.0,0.0
2008-03-28,0.0,0.0,0.0,0.0,0.00183,,0.0,0.00089,1.1368,0.0,0.0,0.0,1,0,1,0,1,0.0,45,0.0,,,0.0,0.0,0.0,0.0
2008-03-29,0.0,0.0,0.0,0.0,4e-05,,0.0,0.0,26.05963,0.0,0.0,0.0,1,0,1,0,1,0.0,46,0.0,,,0.0,0.0,0.0,0.0
2008-03-30,0.0,0.0,0.0,0.0,0.0,0.0,0.0,0.0,21.26599,0.0,0.0,0.0,1,0,0,0,1,0.0,47,0.0,,,0.0,0.0,0.0,0.0
2008-03-31,0.0,0.0,0.0,0.0,0.0,0.0,0.0,0.0,3.19978,0.0,0.0,0.0,1,0,1,0,1,0.0,48,0.0,,,0.0,0.0,0.0,0.0
2008-04-01,0.0,0.0,0.0,0.0,0.0,0.0,0.0,0.0,30.42127,0.0,0.0,0.0,1,0,1,0,1,0.0,49,0.0,,,0.0,0.0,0.0,0.0
2008-04-02,0.0,0.0,0.0,0.0,0.0,0.0,0.0,0.0,30.706,0.0,0.0,0.0,1,0,1,0,1,0.0,50,0.0,,,0.0,0.0,0.0,0.0
2008-04-03,0.0,0.0,0.0,0.0,0.0,0.0,0.0,0.0,30.68292,0.0,0.0,0.0,1,0,1,0,1,0.0,51,0.0,,,0.0,0.0,0.0,0.0
2008-04-04,0.0,0.0,0.0,0.0,0.0,0.0,0.0,0.0,30.70992,0.0,0.0,0.0,1,0,1,0,1,0.0,52,0.0,,,0.0,0.0,0.0,0.0
2008-04-05,0.0,0.0,0.0,0.0,0.0,0.0,0.0,0.0,30.81608,0.0,0.0,0.0,1,0,1,0,1,0.0,53,0.0,,,0.0,0.0,0.0,0.0
2008-04-06,0.0,0.0,0.0,0.0,0.0,0.0,0.0,0.0,31.57922,0.0,0.0,0.0,1,0,1,0,1,0.0,54,0.0,,,0.0,0.0,0.0,0.0
2008-04-07,0.0,0.0,0.0,0.0,0.0,0.0,0.0,0.0,31.37773,0.0,0.0,0.0,1,0,1,0,1,0.0,55,0.0,,,0.0,0.0,0.0,0.0
2008-04-08,0.0,0.0,0.0,0.0,0.0,0.0,0.0,0.0,31.39354,0.0,0.0,0.0,1,0,1,0,1,0.0,56,0.0,,,0.0,0.0,0.0,0.0
2008-04-09,0.0,0.0,0.0,0.0,0.0,0.0,0.0,0.0,31.07492,0.0,0.0,0.0,1,0,1,0,1,0.0,57,0.0,,,0.0,0.0,0.0,0.0
2008-04-10,0.0,0.0,0.0,0.0,0.0,0.0,0.0,0.0,31.26225,0.0,0.0,0.0,1,0,1,0,1,0.0,58,0.0,,,0.0,0.0,0.0,0.0
2008-04-11,0.0,0.0,0.0,0.0,0.0,0.0,0.0,0.0,31.2329,0.0,0.0,0.0,1,0,1,0,1,0.0,59,0.0,,,0.0,0.0,0.0,0.0
2008-04-12,0.0,0.0,0.0,0.0,0.0,0.0,0.0,0.0,17.79576,0.0,0.0,0.0,1,0,1,0,1,0.0,60,0.0,,,0.0,0.0,0.0,0.0
2008-04-13,0.0,0.0,0.0,0.0,0.0,0.0,0.0,0.0,2.29245,0.0,0.0,0.0,1,0,1,0,1,0.0,61,0.0,,,0.0,0.0,0.0,0.0
2008-04-14,0.0,0.0,0.0,0.0,0.0,0.0,0.0,0.0,11.35049,0.0,0.0,0.0,1,0,1,0,1,0.0,62,0.0,,,0.0,0.0,0.0,0.0
2008-04-15,0.0,0.0,0.0,0.0,0.0,0.0,0.0,0.0,28.72326,0.0,0.0,0.0,1,0,1,0,1,0.0,63,0.0,,,0.0,0.0,0.0,0.0
2008-04-16,0.0,0.0,0.0,0.0,0.0,0.0,0.0,0.0,31.10648,0.0,0.0,0.0,1,0,1,0,1,0.0,64,0.0,,,0.0,0.0,0.0,0.0
2008-04-17,0.0,0.0,0.0,0.0,0.0,0.0,0.0,0.0,25.24975,0.0,0.0,0.0,1,0,1,0,1,0.0,65,0.0,,,0.0,0.0,0.0,0.0
2008-04-18,0.0,0.0,0.0,0.0,0.0,0.0,0.0,0.0,30.03376,0.0,0.0,0.0,1,0,1,0,1,0.0,66,0.0,,,0.0,0.0,0.0,0.0
2008-04-19,0.0,0.0,0.0,0.0,0.0,0.0,0.0,0.0,27.2735,0.0,0.0,0.0,1,0,1,0,1,0.0,67,0.0,,,0.0,0.0,0.0,0.0
2008-04-20,0.0,0.0,0.0,0.0,0.0,0.0,0.0,0.0,31.15793,0.0,0.0,0.0,1,0,1,0,1,0.0,68,0.0,,,0.0,0.0,0.0,0.0
2008-04-21,0.0,0.0,0.0,0.0,0.0,0.0,0.0,0.0,31.19338,0.0,0.0,0.0,1,0,1,0,1,0.0,69,0.0,,,0.0,0.0,0.0,0.0
2008-04-22,0.0,0.0,0.0,0.0,0.0,0.0,0.0,0.0,31.22644,0.0,0.0,0.0,1,0,1,0,1,0.0,70,0.0,,,0.0,0.0,0.0,0.0
2008-04-23,0.0,0.0,0.0,0.0,0.0,0.0,0.0,0.0,31.18078,0.0,0.0,0.0,1,0,1,0,1,0.0,71,0.0,,,0.0,0.0,0.0,0.0
2008-04-24,0.0,0.0,0.0,0.0,0.0,0.0,0.0,0.0,31.18799,0.0,0.0,0.0,1,0,1,0,1,0.0,72,0.0,,,0.0,0.0,0.0,0.0
2008-04-25,0.0,0.0,0.0,0.0,0.0,0.0,0.0,0.0,31.2233,0.0,0.0,0.0,1,0,1,0,1,0.0,73,0.0,,,0.0,0.0,0.0,0.0
2008-04-26,0.0,0.0,0.0,0.0,0.0,0.0,0.0,0.0,31.23396,0.0,0.0,0.0,1,0,1,0,1,0.0,74,0.0,,,0.0,0.0,0.0,0.0
2008-04-27,0.0,0.0,0.0,0.0,0.0,0.0,0.0,0.0,23.65977,0.0,0.0,0.0,1,0,1,0,1,0.0,75,0.0,,,0.0,0.0,0.0,0.0
2008-04-29,0.0,0.0,0.0,0.0,0.0,0.0,0.0,0.0,0.78772,0.0,0.0,0.0,1,0,1,0,2,0.0,77,0.0,,,0.0,0.0,0.0,0.0
2008-04-30,0.0,0.0,0.0,0.0,0.0,0.0,0.0,0.0,8.14422,0.0,0.0,0.0,1,0,1,0,1,0.0,78,0.0,,,0.0,0.0,0.0,0.0
2008-05-01,0.0,0.0,0.0,0.0,0.0,0.0,0.0,0.0,18.24434,0.0,0.0,0.0,1,0,1,0,1,0.0,79,0.0,,,0.0,0.0,0.0,0.0
2008-05-02,0.0,0.0,0.0,0.0,0.0,0.0,0.0,0.0,0.0,0.0,0.0,0.0,1,0,1,0,1,0.0,80,0.0,,,0.0,0.0,0.0,0.0
2008-05-03,0.0,0.0,0.0,0.0,0.0,0.0,0.0,0.0,30.13333,0.0,0.0,0.0,1,0,1,0,1,0.0,81,0.0,,,0.0,0.0,0.0,0.0
2008-05-04,0.0,0.0,0.0,0.0,0.0,0.0,0.0,0.0,31.60686,0.0,0.0,0.0,1,0,1,0,1,0.0,82,0.0,,,0.0,0.0,0.0,0.0
2008-05-05,0.0,0.0,0.0,0.0,0.0,0.0,0.0,0.0,31.49284,0.0,0.0,0.0,1,0,1,0,1,0.0,83,0.0,,,0.0,0.0,0.0,0.0
2008-05-06,0.0,0.0,0.0,0.0,0.0,0.0,0.0,0.0,31.22672,0.0,0.0,0.0,1,0,1,0,1,0.0,84,0.0,,,0.0,0.0,0.0,0.0
2008-05-07,0.0,0.0,0.0,0.0,0.0,0.0,0.0,0.0,31.23807,0.0,0.0,0.0,1,0,1,0,1,0.0,85,0.0,,,0.0,0.0,0.0,0.0
2008-05-08,0.0,0.0,0.0,0.0,0.0,0.0,0.0,0.0,31.35273,0.0,0.0,0.0,1,0,1,0,1,0.0,86,0.0,,,0.0,0.0,0.0,0.0
2008-05-09,0.0,0.0,0.0,0.0,0.0,0.0,0.0,0.0,31.73507,0.0,0.0,0.0,1,0,1,0,1,0.0,87,0.0,,,0.0,0.0,0.0,0.0
2008-05-10,0.0,0.0,0.0,0.0,0.0,0.0,0.0,0.0,31.75192,0.0,0.0,0.0,1,0,1,0,1,0.0,88,0.0,,,0.0,0.0,0.0,0.0
2008-05-11,0.0,0.0,0.0,0.0,0.0,0.0,0.0,0.0,31.76143,0.0,0.0,0.0,1,0,1,0,1,0.0,89,0.0,,,0.0,0.0,0.0,0.0
2008-05-12,0.0,0.0,0.0,0.0,0.0,0.0,0.0,0.0,31.78259,0.0,0.0,0.0,1,0,1,0,1,0.0,90,0.0,,,0.0,0.0,0.0,0.0
2008-05-13,0.0,0.0,0.0,0.0,0.0,0.0,0.0,0.0,31.83224,0.0,0.0,0.0,1,0,1,0,1,0.0,91,0.0,,,0.0,0.0,0.0,0.0
2008-05-14,0.0,0.0,0.0,0.0,0.0,0.0,0.0,0.0,31.81885,0.0,0.0,0.0,1,0,1,0,1,0.0,92,0.0,,,0.0,0.0,0.0,0.0
2008-05-15,0.0,0.0,0.0,0.0,0.0,0.0,0.0,0.0,32.05724,0.0,0.0,0.0,1,0,1,0,1,0.0,93,0.0,,,0.0,0.0,0.0,0.0
2008-05-16,0.0,0.0,0.0,0.0,0.0,0.0,0.0,0.0,32.84746,0.0,0.0,0.0,1,0,0,0,1,0.0,94,0.0,,,0.0,0.0,0.0,0.0
2008-05-17,0.0,0.0,0.0,0.0,0.0,0.0,0.0,0.0,32.84387,0.0,0.0,0.0,1,0,1,0,1,0.0,95,0.0,,,0.0,0.0,0.0,0.0
2008-05-18,0.0,0.0,0.0,0.0,0.0,0.0,0.0,0.0,32.22446,0.0,0.0,0.0,1,0,1,0,1,0.0,96,0.0,,,0.0,0.0,0.0,0.0
2008-05-19,0.0,0.0,0.0,0.0,0.0,0.0,0.0,0.0,31.85353,0.0,0.0,0.0,1,0,1,0,1,0.0,97,0.0,,,0.0,0.0,0.0,0.0
2008-05-20,0.0,117.49929,19.17487,117.49929,0.0,0.0,0.0,0.0,31.89367,0.0,0.0,0.0,1,0,0,0,1,0.0,98,0.0,,,117.49929,0.0,0.0,0.0
2008-05-21,0.0,240.00916,39.1577,240.00916,0.0,0.0,0.0,0.0,31.8775,0.0,0.0,0.0,1,0,1,0,1,0.0,99,0.0,,,240.00916,0.0,0.0,0.0
2008-05-22,0.0,97.36413,15.88504,97.36413,0.0,0.0,0.0,0.0,31.87778,0.0,0.0,0.0,1,0,1,0,1,0.0,100,0.0,,,97.36413,0.0,0.0,0.0
2008-05-23,0.0,0.0,0.0,0.0,0.0,0.0,0.0,0.0,31.88039,0.0,0.0,0.0,1,0,1,0,1,0.0,101,0.0,,,0.0,0.0,0.0,0.0
2008-05-24,0.0,0.0,0.0,0.0,0.0,0.0,0.0,0.0,31.88185,0.0,0.0,0.0,1,0,1,0,1,0.0,102,0.0,,,0.0,0.0,0.0,0.0
2008-05-25,0.0,0.0,0.0,0.0,0.0,0.0,0.0,0.0,31.88,0.0,0.0,0.0,1,0,1,0,1,0.0,103,0.0,,,0.0,0.0,0.0,0.0
2008-05-26,0.0,0.0,0.0,0.0,0.0,0.0,0.0,0.0,31.882,0.0,0.0,0.0,1,0,1,0,1,0.0,104,0.0,,,0.0,0.0,0.0,0.0
2008-05-27,0.0,0.0,0.0,0.0,0.0,0.0,0.0,0.0,31.88149,0.0,0.0,0.0,1,0,1,0,1,0.0,105,0.0,,,0.0,0.0,0.0,0.0
2008-05-28,0.0,0.0,0.0,0.0,0.0,0.0,0.0,0.0,31.88074,0.0,0.0,0.0,1,0,1,0,1,0.0,106,0.0,,,0.0,0.0,0.0,0.0
2008-05-29,0.0,0.0,0.0,0.0,0.0,0.0,0.0,0.0,31.88707,0.0,0.0,0.0,1,0,1,0,1,0.0,107,0.0,,,0.0,0.0,0.0,0.0
2008-05-30,0.0,0.0,0.0,0.0,0.0,0.0,0.0,0.0,31.51518,0.0,0.0,0.0,1,0,1,0,1,0.0,108,0.0,,,0.0,0.0,0.0,0.0
2008-05-31,0.0,0.0,0.0,0.0,0.0,0.0,0.0,0.0,4.47542,0.0,0.0,0.0,1,0,1,0,1,0.0,109,0.0,,,0.0,0.0,0.0,0.0
2008-06-01,0.0,0.0,0.0,0.0,0.0,0.0,0.0,0.0,4.03885,0.0,0.0,0.0,1,0,1,0,1,0.0,110,0.0,,,0.0,0.0,0.0,0.0
2008-06-02,0.0,0.0,0.0,0.0,0.0,0.0,0.0,0.0,11.1503,0.0,0.0,0.0,1,0,1,0,1,0.0,111,0.0,,,0.0,0.0,0.0,0.0
2008-06-03,0.0,0.0,0.0,0.0,0.0,0.0,0.0,0.0,14.07928,0.0,0.0,0.0,1,0,1,0,1,0.0,112,0.0,,,0.0,0.0,0.0,0.0
2008-06-04,0.0,0.0,0.0,0.0,0.0,0.0,0.0,0.0,30.47038,0.0,0.0,0.0,1,0,1,0,1,0.0,113,0.0,,,0.0,0.0,0.0,0.0
2008-06-05,0.0,0.0,0.0,0.0,0.0,0.0,0.0,0.0,31.8679,0.0,0.0,0.0,1,0,1,0,1,0.0,114,0.0,,,0.0,0.0,0.0,0.0
2008-06-06,0.0,0.0,0.0,0.0,0.0,0.0,0.0,0.0,31.86735,0.0,0.0,0.0,1,0,1,0,1,0.0,115,0.0,,,0.0,0.0,0.0,0.0
2008-06-07,0.0,0.0,0.0,0.0,0.0,0.0,0.0,0.0,31.89891,0.0,0.0,0.0,1,0,1,0,1,0.0,116,0.0,,,0.0,0.0,0.0,0.0
2008-06-08,0.0,0.0,0.0,0.0,0.0,0.0,0.0,0.0,31.87173,0.0,0.0,0.0,1,0,1,0,1,0.0,117,0.0,,,0.0,0.0,0.0,0.0
2008-06-09,0.0,0.0,0.0,0.0,0.0,0.0,0.0,0.0,31.88667,0.0,0.0,0.0,1,0,1,0,1,0.0,118,0.0,,,0.0,0.0,0.0,0.0
2008-06-10,0.0,0.0,0.0,0.0,0.0,0.0,0.0,0.0,31.88906,0.0,0.0,0.0,1,0,1,0,1,0.0,119,0.0,,,0.0,0.0,0.0,0.0
2008-06-11,0.0,0.0,0.0,0.0,0.0,0.0,0.0,0.0,31.90173,0.0,0.0,0.0,1,0,1,0,1,0.0,120,0.0,,,0.0,0.0,0.0,0.0
2008-06-12,0.0,0.0,0.0,0.0,0.0,0.0,0.0,0.0,31.89807,0.0,0.0,0.0,1,0,1,0,1,0.0,121,0.0,,,0.0,0.0,0.0,0.0
2008-06-13,0.0,0.0,0.0,0.0,0.0,0.0,0.0,0.0,31.89703,0.0,0.0,0.0,1,0,1,0,1,0.0,122,0.0,,,0.0,0.0,0.0,0.0
2008-06-14,0.0,0.0,0.0,0.0,0.0,0.0,0.0,0.0,20.87335,0.0,0.0,0.0,1,0,1,0,1,0.0,123,0.0,,,0.0,0.0,0.0,0.0
2008-06-15,0.0,0.0,0.0,0.0,0.0,0.0,0.0,0.0,29.80199,0.0,0.0,0.0,1,0,1,0,1,0.0,124,0.0,,,0.0,0.0,0.0,0.0
2008-06-16,0.0,0.0,0.0,0.0,0.0,0.0,0.0,0.0,31.88153,0.0,0.0,0.0,1,0,1,0,1,0.0,125,0.0,,,0.0,0.0,0.0,0.0
2008-06-17,0.0,0.0,0.0,0.0,0.0,0.0,0.0,0.0,31.86755,0.0,0.0,0.0,1,0,1,0,1,0.0,126,0.0,,,0.0,0.0,0.0,0.0
2008-06-18,0.0,0.0,0.0,0.0,0.0,0.0,0.0,0.0,31.90414,0.0,0.0,0.0,1,0,1,0,1,0.0,127,0.0,,,0.0,0.0,0.0,0.0
2008-06-19,0.0,0.0,0.0,0.0,0.0,0.0,0.0,0.0,31.91515,0.0,0.0,0.0,1,0,1,0,1,0.0,128,0.0,,,0.0,0.0,0.0,0.0
2008-06-20,0.0,0.0,0.0,0.0,0.0,0.0,0.0,0.0,30.86467,0.0,0.0,0.0,1,0,1,0,1,0.0,129,0.0,,,0.0,0.0,0.0,0.0
2008-06-21,0.0,0.0,0.0,0.0,0.0,0.0,0.0,0.0,31.84294,0.0,0.0,0.0,1,0,1,0,1,0.0,130,0.0,,,0.0,0.0,0.0,0.0
2008-06-22,0.0,0.0,0.0,0.0,0.0,0.0,0.0,0.0,12.84838,0.0,0.0,0.0,1,0,1,0,1,0.0,131,0.0,,,0.0,0.0,0.0,0.0
2008-06-23,0.0,0.0,0.0,0.0,0.0,0.0,0.0,0.0,0.55623,0.0,0.0,0.0,1,0,1,0,1,0.0,132,0.0,,,0.0,0.0,0.0,0.0
2008-06-24,0.0,0.0,0.0,0.0,0.0,0.0,0.0,0.0,0.26608,0.0,0.0,0.0,1,0,1,0,1,0.0,133,0.0,,,0.0,0.0,0.0,0.0
2008-06-25,0.0,0.0,0.0,0.0,0.0,0.0,0.0,0.0,1.04529,0.0,0.0,0.0,1,0,0,0,1,0.0,134,0.0,,,0.0,0.0,0.0,0.0
2008-06-26,0.0,0.0,0.0,0.0,0.0,0.0,0.0,0.0,2.44012,0.0,0.0,0.0,1,0,1,0,1,0.0,135,0.0,,,0.0,0.0,0.0,0.0
2008-06-27,0.0,0.0,0.0,0.0,0.0,0.0,0.0,0.0,2.77805,0.0,0.0,0.0,1,0,0,0,1,0.0,136,0.0,,,0.0,0.0,0.0,0.0
2008-06-28,0.0,0.0,0.0,0.0,0.0,0.0,0.0,0.0,0.0,0.0,0.0,0.0,1,0,1,0,1,0.0,137,0.0,,,0.0,0.0,0.0,0.0
2008-06-29,0.0,0.8572,2.15995,0.8572,0.0,0.0,0.0,0.0,0.0,0.0,0.0,0.0,1,0,1,0,1,0.0,138,0.0,,,0.8572,0.0,0.0,0.0
2008-06-30,0.0,149.55525,51.03811,149.55525,0.0,0.0,0.0,0.0,3.1261,0.0,0.0,0.0,1,0,1,0,1,0.0,139,0.0,,,149.55525,0.0,0.0,0.0
2008-07-01,0.0,260.19918,94.09506,256.72141,0.98238,0.0,3.47777,0.0,6.8901,0.0,0.0,0.0,1,0,1,0,1,0.0,140,0.0,,,256.72141,0.0,0.0,0.0
2008-07-02,0.0,261.10442,94.23988,256.21142,6.2196,0.0,4.893,14.34151,8.19451,0.0,0.0,0.0,1,0,1,0,1,0.0,141,0.0,,,256.21142000000003,0.0,0.0,0.0
2008-07-03,0.0,264.61649,94.36329,263.34602,5.09049,0.0,1.27047,14.82518,14.95499,0.0,0.0,0.0,1,0,1,0,1,0.0,142,0.0,,,263.34602,0.0,0.0,0.0
2008-07-04,0.0,255.96443,94.45,253.57795,5.09049,0.0,2.38648,14.9367,16.82969,0.0,0.0,0.0,1,0,1,0,1,0.0,143,0.0,,,253.57795,0.0,0.0,0.0
2008-07-05,0.0,262.05134,94.35058,259.09827,5.09049,0.0,2.95307,14.8764,18.54177,0.0,0.0,0.0,1,0,1,0,1,0.0,144,0.0,,,259.09826999999996,0.0,0.0,0.0
2008-07-06,0.0,260.46968,91.87213,248.36929,5.09049,0.0,12.10039,15.18418,11.0967,0.0,0.0,0.0,1,0,1,0,1,0.0,145,0.0,,,248.36928999999998,0.0,0.0,0.0
2008-07-07,0.0,255.43918,92.32614,245.66106,5.09049,0.0,9.77812,14.61353,14.47512,0.0,0.0,0.0,1,0,1,0,1,0.0,146,0.0,,,245.66106,0.0,0.0,0.0
2008-07-08,0.0,259.08389,93.96,247.35816,5.09049,0.0,11.72573,14.78888,13.26109,0.0,0.0,0.0,1,0,1,0,1,0.0,147,0.0,,,247.35816,0.0,0.0,0.0
2008-07-09,0.0,266.396,93.4606,230.79019,5.09049,0.0,35.60581,15.04945,9.47031,0.0,0.0,0.0,1,1,1,0,1,0.0,148,0.0,,,230.79019000000002,0.0,0.0,0.0
2008-07-10,0.0,267.51822,93.08614,255.88615,0.0,0.0,11.63207,14.86451,13.48144,0.0,0.0,0.0,1,0,1,0,1,0.0,149,0.0,,,255.88615,0.0,0.0,0.0
2008-07-11,0.0,266.36397,99.40736,212.62085,0.0,0.0,53.74312,21.5634,36.47549,0.0,0.0,0.0,1,1,1,0,1,0.0,150,0.0,,,212.62085,0.0,0.0,0.0
2008-07-12,0.0,267.68099,96.16816,245.9077,0.0,0.0,21.77329,17.06815,21.6764,0.0,0.0,0.0,1,1,1,0,1,0.0,151,0.0,,,245.9077,0.0,0.0,0.0
2008-07-13,24.0,260.86687458333336,103.29287958333333,160.15195520833333,0.0,21.052992708333335,100.714919375,52.38189875,69.53941291666666,1735.26,252235.23,4.0,0,0,0,0,1,1735.26,152,1735.26,145.3587531551468,0.0023051300669640284,160.15195520833336,0.0,247.8942857142857,57.842
2008-07-14,5.57,256.24822987432674,104.01771759425493,156.64991213644524,0.0,27.223459166666668,99.5983177378815,71.11535224416517,68.01616710951527,592.36,88949.0,1.37,0,0,0,0,1,2552.3590664272892,153,2327.62,150.1603754473631,0.0023127827672361403,156.64991213644524,1735.26,612.5170094896127,142.9206355475763
2008-07-15,24.0,254.98278468085107,103.96700872340425,156.3328440425532,0.0,27.277954375,98.64994063829788,67.59075319148936,66.94888382978723,2532.21,373786.28,5.84,0,0,0,0,1,2532.21,154,4859.83,147.61267035514433,0.0023062858135778626,156.33284404255318,2552.3590664272892,974.2612952038986,227.32763554757634
2008-07-16,24.0,251.47592083333333,104.21055708333333,155.81718708333332,0.0,30.650552291666667,95.65873375,73.78225145833333,63.663812291666666,3030.71,447840.09,9.13,0,0,0,0,1,3030.71,155,7890.54,147.76738454025624,0.003012495421864844,155.81718708333335,2532.21,1407.2198666324698,328.351302214243
2008-07-17,24.0,249.34619083333334,104.33918395833334,155.76093895833333,0.0,32.56253666666667,93.585251875,78.03544041666666,61.33769958333333,3288.08,474614.43,7.58,0,0,0,0,1,3288.08,156,11178.619999999999,144.34394236149973,0.0023052967081092918,155.76093895833333,3030.71,1876.945580918184,437.95396888090966
2008-07-18,24.0,251.50157104166666,104.33368666666667,155.2787975,0.0,30.051586458333333,96.22277354166667,75.74988666666667,64.30503125,2780.06,410359.82,11.05,0,1,0,0,1,2780.06,157,13958.679999999998,147.60826025337582,0.003974734358251261,155.2787975,3288.08,2274.0970094896124,530.6226355475762
2008-07-19,24.0,251.50894291666665,104.35385958333333,155.359875625,0.0,30.083934375,96.14906729166667,75.33504,64.16431,2774.38,420865.05,6.4,0,1,0,0,1,2774.38,158,16733.059999999998,151.69697373827665,0.0023068217043087104,155.35987562499997,2780.06,2670.4370094896126,623.1019688809097
2008-07-20,24.0,251.45771104166667,104.37839708333334,155.35175916666665,0.0,30.117950208333333,96.105951875,75.61660541666667,64.12816041666666,2791.01,408766.41,6.43,0,1,0,0,1,2791.01,159,19524.07,146.45823913207045,0.0023038254968631424,155.35175916666668,2774.38,2821.2584380610415,716.1356355475764
2008-07-21,24.0,251.72432625,104.39865270833333,155.23437604166668,0.0,29.830638333333333,96.48995020833334,76.07779375,64.560483125,2743.1,402199.56,6.32,0,1,0,0,1,2743.1,160,22267.17,146.62227406948344,0.0023039626699719296,155.23437604166665,2791.01,2848.5071428571428,807.572302214243
2008-07-22,24.0,251.85836791666668,104.40723395833334,155.17213270833332,0.0,29.748208541666667,96.68623520833333,77.01710479166667,64.77017729166667,2717.44,399221.04,6.45,0,0,0,0,1,2717.44,161,24984.609999999997,146.91071008007535,0.002373557465850212,155.17213270833335,2743.1,2874.968571428571,898.1536355475763
2008-07-23,24.0,251.91538770833333,104.42963020833334,155.18187520833334,0.0,29.668405416666666,96.7335125,77.13652520833334,64.77492395833333,2745.51,403771.0,6.38,0,0,0,0,1,2745.51,162,27730.119999999995,147.06593674763522,0.0023237941220392564,155.18187520833334,2717.44,2834.2257142857147,989.6706355475764
2008-07-24,24.0,251.85079041666665,104.441276875,155.19307083333334,0.0,29.786135208333334,96.65771958333333,76.882569375,64.948734375,2762.59,413309.67,6.4,0,0,0,0,1,2762.59,163,30492.709999999995,149.6094860257946,0.002316666606336807,155.1930708333333,2745.51,2759.155714285714,1081.7569688809097
2008-07-25,24.0,251.86983375,104.45899125,155.582063125,0.0,29.7217075,96.287770625,71.98295291666666,64.81983583333333,2763.68,402430.02,6.43,0,0,0,0,1,2763.68,164,33256.38999999999,145.6138264922133,0.002326608000926301,155.582063125,2762.59,2756.815714285715,1173.8796355475763
2008-07-26,24.0,251.85456291666668,104.47188229166666,155.417326875,0.0,29.786644583333334,96.43723604166667,73.84843666666667,64.93957125,2759.3,404995.2,6.39,0,0,0,0,1,2759.3,165,36015.689999999995,146.77461675062514,0.0023158047330844775,155.41732687500001,2763.68,2754.6614285714286,1265.856302214243
2008-07-27,24.0,251.9145875,104.46939729166667,155.41556770833333,0.0,29.783000208333334,96.49901979166667,74.9850975,65.00550708333333,2732.34,400145.03,6.28,0,0,0,0,1,2732.34,166,38748.03,146.4477444241932,0.0022983962464407795,155.41556770833336,2759.3,2746.28,1356.934302214243
2008-07-28,24.0,251.95071395833332,104.496205625,155.36803104166665,0.0,29.806630416666668,96.58268291666667,75.897555,65.0687875,2762.74,405191.14,6.35,0,0,0,0,1,2762.74,167,41510.77,146.66278404772075,0.0022984428502139183,155.36803104166665,2732.34,2749.085714285714,1449.0256355475763
2008-07-29,24.0,252.58910583333332,104.49696916666667,155.282053125,0.0,28.813522708333334,97.30705270833333,75.3691775,65.835334375,2670.67,391242.72,8.82,0,0,0,0,1,2670.67,168,44181.439999999995,146.4960927407729,0.003302542058734325,155.282053125,2762.74,2742.404285714286,1538.0479688809096
2008-07-30,24.0,246.95408520833334,104.61147083333333,157.46854958333333,0.0,35.302173958333334,89.485535625,77.97330375,57.45833354166667,3553.37,519134.99,8.19,0,1,0,0,1,3553.37,169,47734.81,146.09651964191738,0.0023048542651060823,157.46854958333336,2670.67,2857.812857142857,1656.4936355475763
2008-07-31,24.0,247.19177666666667,104.669528125,157.41067479166668,0.0,35.46480770833333,89.781101875,77.68485520833333,57.76983020833333,3550.27,519804.39,6.36,0,1,0,0,1,3550.27,170,51285.079999999994,146.41263622203383,0.0017914130474583625,157.41067479166668,3553.37,2970.3385714285714,1774.8359688809098
2008-08-01,24.0,250.43519895833333,104.62061145833333,155.985695,0.0,32.30934083333333,94.44950395833334,76.95955354166666,62.752665416666666,3118.92,457661.81,5.0,0,1,0,0,1,3118.92,171,54403.99999999999,146.73727123491466,0.0016031190283816192,155.985695,3550.27,3021.087142857143,1878.7999688809098
2008-08-02,24.0,250.5408075,104.6200975,160.50067458333334,0.0,30.761346458333332,90.04013291666666,74.14554541666666,59.902442083333334,3057.91,449222.7,4.29,0,0,0,0,1,3057.91,172,57461.90999999999,146.90514109309956,0.0014029189871513552,160.50067458333334,3118.92,3063.7457142857143,1980.730302214243
2008-08-03,24.0,250.44342395833334,104.629298125,156.15216708333332,0.0,32.19678416666667,94.291256875,75.897343125,63.26514541666667,3111.44,455830.95,4.67,0,1,0,0,1,3111.44,173,60573.34999999999,146.50160375903118,0.0015009127606510169,156.15216708333332,3057.91,3117.902857142857,2084.4449688809095
2008-08-04,22.5,250.17904544444445,104.55755566666666,155.99290222222223,0.0,32.185829222222225,94.18614322222223,76.064869,62.48481133333334,3019.3,441240.45,4.54,0,0,0,0,1,3220.586666666667,174,63592.649999999994,146.13998277746498,0.0015036597886927433,155.99290222222223,3111.44,3183.309523809524,2191.7978577697986
2008-08-05,24.0,250.29155229166668,104.64402979166667,156.18513354166666,0.0,32.309306666666664,94.10641875,75.51428895833334,62.394005625,3135.89,457771.78,4.72,0,0,0,0,1,3135.89,175,66728.54,145.97826454371807,0.0015051548364260225,156.1851335416667,3220.586666666667,3249.7695238095234,2296.327524436465
2008-08-06,7.79167,251.12122171399713,104.63026505140746,156.13602109996958,0.0,29.152679375,94.98520061402755,77.05017245093799,63.30497240320753,911.43,134051.24,1.37,0,0,0,0,1,2807.39815726282,176,67639.96999999999,147.07793247972964,0.0015031324402312851,156.13602109996958,3135.89,3143.2021177042125,2389.9074630118926
2008-08-08,11.4,259.4878670614035,103.41262451754386,161.46213828947367,0.0,17.481275,98.02572877192982,43.06599973684211,68.70180956140351,724.97,99367.94,1.09,0,1,0,0,2,1526.2526315789473,178,68364.93999999999,137.0648992372098,0.0015035104900892452,161.46213828947367,2807.39815726282,2854.0567793583477,2440.782550731191
2008-08-09,24.0,247.84509916666667,104.61105375,157.201995,0.0,34.383814791666666,90.64310416666666,76.167758125,58.424295416666666,3821.01,526296.56,5.68,0,1,0,0,1,3821.01,179,72185.94999999998,137.7375510663411,0.001486517962528232,157.201995,1526.2526315789473,2954.355350786919,2568.149550731191
2008-08-10,24.0,244.98141604166668,104.70125958333334,157.20853729166666,0.0,36.270328541666665,87.77287875,78.81060375,55.200675833333335,4148.94,575329.6,6.27,0,1,0,0,1,4148.94,180,76334.88999999998,138.6690576388186,0.0015112293742498084,157.2085372916667,3821.01,3110.216779358348,2706.4475507311904
2008-08-11,24.0,244.3121,104.71642583333333,156.91688083333332,0.0,36.24300958333333,87.39521916666666,79.22901416666667,54.72349333333333,4118.03,570958.86,6.17,0,1,0,0,1,4118.03,181,80452.91999999998,138.64854311406182,0.0014982892305301322,156.91688083333332,4148.94,3254.015350786919,2843.715217397857
2008-08-12,24.0,244.0521625,104.716935,156.771613125,0.0,36.020089375,87.280549375,77.39620854166667,54.61933583333333,4126.78,575615.74,6.2,0,1,0,0,1,4126.78,182,84579.69999999998,139.48302066017573,0.0015023820024328896,156.771613125,4118.03,3383.4715412631094,2981.274550731191
2008-08-13,24.0,243.90666604166665,104.71114666666666,156.30729541666668,0.0,35.574552708333336,87.599370625,77.91572083333334,55.02354416666667,3941.15,549953.08,7.54,0,1,0,0,1,3941.15,183,88520.84999999998,139.54127094883472,0.0019131471778541795,156.30729541666665,4126.78,3498.508684120253,3054.804217397858
2008-08-14,24.0,244.30982479166667,104.68464479166667,156.19952916666668,0.0,34.364068958333334,88.110295625,77.26858854166667,55.653155416666664,3676.28,549990.93,23.12,0,1,0,0,1,3676.28,184,92197.12999999998,149.60528849815574,0.006288966019998477,156.19952916666665,3941.15,3622.634661654135,3092.268248516948
2008-08-15,24.0,244.30586104166667,104.6925225,155.46830104166668,0.0,34.1652825,88.83756,78.99816666666666,56.16472916666667,3603.11,539411.93,38.42,0,1,0,0,1,3603.11,185,95800.23999999998,149.70731673470974,0.010663010565872261,155.46830104166668,3676.28,3919.328571428571,3127.9649151836143
2008-08-16,24.0,242.79234333333332,104.70110041666666,155.86036020833333,0.0,35.46934229166666,86.931983125,75.75946354166666,54.478054375,3578.92,522217.2,31.26,0,1,0,0,1,3578.92,186,99379.15999999997,145.9147452304047,0.008734478557777207,155.8603602083333,3603.11,3884.7442857142855,3146.238581850281
2008-08-17,24.0,241.21794479166667,104.70795791666667,155.7399475,0.0,36.303991875,85.47799729166667,77.23155208333333,52.842461666666665,3723.19,543934.14,36.88,0,1,0,0,1,3723.19,187,103102.34999999998,146.09357567032572,0.009905484275580887,155.7399475,3578.92,3823.922857142857,3160.7422485169477
2008-08-18,24.0,240.45311541666666,104.70759895833334,155.209209375,0.0,36.16918270833333,85.24390604166666,79.482491875,52.669517291666665,3666.19,553186.01,12.37,0,1,0,0,1,3666.19,188,106768.53999999998,150.8885273267343,0.0033740749933855035,155.209209375,3723.19,3759.3742857142856,3190.279915183615
2008-08-19,24.0,239.36899083333333,104.708115,154.99636020833333,0.0,36.47469541666667,84.372630625,80.006625625,51.78235041666667,3719.87,560845.2,6.89,0,1,0,0,1,3719.87,189,110488.40999999997,150.77010755752215,0.0018522152655872383,154.99636020833333,3666.19,3701.2442857142855,3221.796248516948
2008-08-20,24.0,238.40274979166668,104.71557166666666,154.734435,0.0,36.58262625,83.66831479166666,80.073548125,51.03132291666667,4032.64,589848.54,7.67,0,1,0,0,1,4032.64,190,114521.04999999997,146.26858335978417,0.001901979844469132,154.73443500000002,3719.87,3714.3142857142852,3263.1839151836148
2008-08-21,17.875,237.6718051048951,104.72792496503496,154.69671986013986,0.0,36.323521944444444,82.97508524475525,78.76353706293706,50.386863496503494,2911.25,423611.98,5.54,0,0,0,0,1,3908.811188811189,191,117432.29999999997,145.508623443538,0.0019029626449119793,154.69671986013986,4032.64,3747.5330269730266,3302.040954810654
2008-08-22,0.0,255.61128,100.77642,255.61119,0.0,36.323521944444444,9e-05,26.44045,0.02197,0.0,0.0,0.0,1,1,1,0,1,0.0,192,117432.29999999997,,,255.61119,3908.811188811189,3232.8030269730266,3211.4596214773205
2008-08-23,0.0,256.76934,99.63211,256.74874,0.0,36.323521944444444,0.0206,17.53817,0.00376,0.0,0.0,0.0,1,1,1,0,1,0.0,193,117432.29999999997,,,256.74874,0.0,2721.5287412587413,3119.9426214773207
2008-08-24,0.0,257.78924,99.11623,257.78866,0.0,36.323521944444444,0.00058,15.08622,0.02381,0.0,0.0,0.0,1,1,1,0,1,0.0,194,117432.29999999997,,,257.78866,0.0,2189.6444555444555,3027.8562881439875
2008-08-25,0.0,258.76323,98.786,258.76323,0.0,36.323521944444444,0.0,15.51184,0.02987,0.0,0.0,0.0,1,0,1,0,1,0.0,195,117432.29999999997,,,258.76323,0.0,1665.903026973027,2935.733621477321
2008-08-26,0.0,259.72557,98.55277,259.72557,0.0,36.323521944444444,0.0,16.12245,0.04236,0.0,0.0,0.0,1,1,1,0,1,0.0,196,117432.29999999997,,,259.72557,0.0,1134.4930269730269,2843.756954810654
2008-08-27,0.0,260.33938,98.35494,260.32803,0.0,36.323521944444444,0.01135,15.68111,0.02898,0.0,0.0,0.0,1,1,1,0,1,0.0,197,117432.29999999997,,,260.32803,0.0,558.4015984015984,2752.678954810654
2008-08-28,0.0,260.32029,98.17849,224.46467,0.0,36.323521944444444,35.85562,22.39637,35.82727,0.0,0.0,0.0,1,1,1,0,1,0.0,198,117432.29999999997,,,224.46467,0.0,0.0,2660.5876214773207
2008-08-29,0.0,260.27294,98.05274,160.48211,0.0,36.323521944444444,99.79083,19.00322,99.75564,0.0,0.0,0.0,1,1,1,0,1,0.0,199,117432.29999999997,,,160.48211,0.0,0.0,2571.5652881439873
2008-08-30,0.0,260.2401,97.95937,172.76644,0.0,36.323521944444444,87.47366,15.70087,87.38445,0.0,0.0,0.0,1,1,1,0,1,0.0,200,117432.29999999997,,,172.76644,0.0,0.0,2453.119621477321
2008-08-31,14.83333,252.34589754854102,104.09192713944205,156.7058994394448,0.0,24.328419354838708,95.6399981090962,58.45083704156113,63.534286053967655,1473.98,204185.7,2.84,0,1,0,0,1,2384.8670527791132,201,118906.27999999997,138.52677783959078,0.0019267561296625463,156.7058994394448,0.0,340.695293254159,2414.2728565699576
2008-09-01,0.0,260.71584,99.51135,159.04569,0.0,24.328419354838708,101.67015,18.11266,69.96998,0.0,0.0,0.0,1,1,1,0,1,0.0,202,118906.27999999997,,,159.04569,2384.8670527791132,340.695293254159,2310.3088565699577
2008-09-02,15.29167,252.32641228107852,104.23496088860799,156.2904152410103,0.0,26.22609935483871,96.03599704006822,63.57404985043491,63.78432500651008,1345.44,187673.22,0.79,0,1,0,0,1,2111.643790377376,203,120251.71999999997,139.48836068498036,0.0005871685099298371,156.2904152410103,0.0,642.3586918794985,2278.766649582537
2008-09-03,24.0,252.19329854166668,104.54063729166667,154.8775525,0.0,26.846065416666665,97.31574604166667,71.78838708333333,65.01494916666667,2164.78,298774.41,0.8,0,1,0,0,1,2164.78,204,122416.49999999997,138.01606167832296,0.00036955256423285503,154.8775525,2111.643790377376,951.6129775937842,2247.2113162492037
2008-09-04,24.0,252.292855,104.57962625,154.81167416666668,0.0,27.028180625,97.48118083333334,73.26228020833334,65.056365,2186.74,302139.38,0.86,0,1,0,0,1,2186.74,205,124603.23999999998,138.16886323934258,0.00039327949367551704,154.81167416666665,2164.78,1264.0044061652127,2212.7497606936477
2008-09-05,24.0,252.36858916666668,104.60509458333334,155.207745,0.0,27.18870520833333,97.16084416666666,70.38254104166667,64.94688395833333,2230.26,305847.41,0.81,0,1,0,0,1,2230.26,206,126833.49999999997,137.13531606180442,0.0003631863549541309,155.20774500000002,2186.74,1582.6129775937843,2182.5620940269814
2008-09-06,16.875,252.796314,104.61537548148148,155.24118585185184,0.0,26.66965617647059,97.55512814814814,72.05324422222222,65.12449762962963,1442.19,199286.09,0.75,0,1,0,0,1,2051.114666666667,207,128275.68999999997,138.18296479659406,0.0005200424354627338,155.24118585185187,2230.26,1875.6293585461651,2157.352644340443
2008-09-07,0.0,262.17377,100.36349,261.85704,0.0,26.66965617647059,0.31673,21.40883,0.29235,0.0,0.0,0.0,1,1,1,0,1,0.0,208,128275.68999999997,,,261.85704,2051.114666666667,1534.9340652920062,2106.4775566211447
2008-09-08,19.45833,252.92028355620445,104.34860193967828,156.04762644307604,0.0,26.062428,96.87265711312841,67.98984950021405,64.60189012349981,1729.8,238728.06,1.23,0,1,0,0,1,2133.5438344400573,209,130005.48999999998,138.00905306971904,0.0007110648629899411,156.04762644307604,0.0,1839.726041640586,2050.2286844358136
2008-09-09,24.0,252.37048645833335,104.61427104166667,155.03913416666666,0.0,27.525289791666665,97.33135229166666,72.45890583333333,65.48806979166666,2272.65,194403.17,1.11,0,1,0,0,1,2272.65,210,132278.13999999998,85.5403031703078,0.0004884166061646096,155.03913416666668,2133.5438344400573,1862.726928729532,1987.6856844358133
2008-09-10,24.0,241.04912229166666,104.807995,158.851670625,0.0,39.69012583333333,82.19745166666667,77.58581729166667,49.072939166666664,4378.15,641009.67,5.68,0,1,0,0,1,4378.15,211,136656.28999999998,146.4110800223839,0.001297351621118509,158.851670625,2272.65,2178.922643015246,1996.3563511024802
2008-09-11,24.0,237.0588825531915,104.87913468085107,160.05047957446808,0.0,42.0148525,77.00840297872341,75.61860893617022,43.6364929787234,4813.99,700783.73,8.17,0,1,0,0,1,4813.99,212,141470.27999999997,145.57232773645148,0.001697136886449702,160.05047957446808,4378.15,2554.244071586675,2019.26335110248
2008-09-12,24.0,235.64594170212766,104.90686234042553,159.42746340425532,0.0,42.04636333333333,76.21847829787234,75.81394106382979,42.8957014893617,4789.59,705461.79,8.14,0,1,0,0,1,4789.59,213,146259.86999999997,147.29064283164112,0.0016995191655235626,159.42746340425532,4813.99,2919.8626430152467,2047.5446844358132
2008-09-13,24.0,233.43983395833334,104.918669375,159.18192458333334,0.0,44.17548854166667,74.257909375,76.998804375,40.873780833333335,4925.62,720884.42,6.44,0,1,0,0,1,4925.62,214,151185.48999999996,146.3540468001998,0.001307449620555382,159.18192458333334,4789.59,3330.5062620628655,2089.18935110248
2008-09-14,24.0,231.42494333333335,104.93713291666667,158.70837291666666,0.0,44.795846875,72.71657041666667,78.37473125,39.33120125,4963.82,724921.58,7.44,0,1,0,0,1,4963.82,215,156149.30999999997,146.0410691765616,0.0014988456471024334,158.7083729166667,4925.62,4039.623404920008,2134.54635110248
2008-09-15,24.0,229.796779375,104.95441208333334,158.08620791666667,0.0,45.06598916666667,71.71057145833333,79.33708854166666,38.338925,4970.38,724705.09,7.47,0,1,0,0,1,4970.38,216,161119.68999999997,145.80476543040973,0.0015029031985481995,158.08620791666667,4963.82,4444.885714285714,2180.92835110248
2008-09-16,24.0,227.75388604166668,104.957398125,157.47313916666667,0.0,45.630543958333334,70.280746875,79.973719375,36.897161875,4982.77,724440.98,7.45,0,1,0,0,1,4982.77,217,166102.45999999996,145.3892072080389,0.001495152294807908,157.47313916666667,4970.38,4832.045714285714,2222.91435110248
2008-09-17,24.0,225.018074375,104.96502645833333,156.71610104166666,0.0,46.474585625,68.30197333333334,80.19972604166666,34.90621895833333,5003.65,724363.22,7.01,0,1,0,0,1,5003.65,218,171106.10999999996,144.76696411619517,0.001400977286580796,156.71610104166666,4982.77,4921.402857142857,2267.4963511024803
2008-09-18,24.0,230.30072479166665,104.865545,153.91262333333333,0.0,37.45192145833333,76.38810145833334,75.56598958333333,43.623434375,3949.42,571257.62,17.27,0,1,0,0,1,3949.42,219,175055.52999999997,144.64342105929478,0.004372793979875526,153.91262333333333,5003.65,4797.892857142857,2275.148017769147
2008-09-19,24.0,227.71916916666666,104.87727416666667,153.66218875,0.0,39.33425583333333,74.05698041666666,77.58742541666666,41.13544604166667,4169.6,603265.9,5.54,0,1,0,0,1,4169.6,220,179225.12999999998,144.68195990023023,0.0013286646201074444,153.66218874999998,3949.42,4709.322857142856,2279.71335110248
2008-09-20,24.0,216.816625625,104.98875583333333,156.29678395833332,0.0,52.35205916666666,60.519841666666665,80.73828291666666,26.968424583333334,5353.53,765203.95,5.69,0,1,0,0,1,5353.53,221,184578.65999999997,142.93446567031472,0.0010628501194538931,156.29678395833332,4169.6,4770.452857142857,2327.870644808774
2008-09-21,22.33333,220.14940770898474,104.91713270632727,154.8389267705443,0.0,45.468537391304345,65.31048093844043,75.37130543282619,31.79601564773368,4520.52,643641.96,6.34,0,1,0,0,1,4857.872963861637,222,189099.17999999996,142.38228345411588,0.0014024935184447805,154.8389267705443,5353.53,4755.317566265948,2489.799743604162
2008-09-22,22.58334,217.29357756221623,104.95474017136084,154.50116325059977,0.0,47.81639739130435,62.79241431161644,78.29939474569306,30.064808510446195,4689.72,668819.96,19.31,0,1,0,0,1,4983.907606226538,223,193788.89999999997,142.6140494528458,0.004117516610799792,154.5011632505998,4857.872963861637,4757.250081441168,2655.9299971450464
2008-09-23,24.0,213.475226875,105.00592916666666,154.54931125,0.0,52.37011583333334,58.925915625,79.34266833333334,25.555932916666666,5290.92,753658.36,20.73,0,0,0,0,1,5290.92,224,199079.81999999998,142.44372623286688,0.003918033158694518,154.54931125000002,4983.907606226538,4801.271510012596,2832.2939971450464
2008-09-24,24.0,211.80178375,105.02149041666667,153.94629916666668,0.0,53.290010625,57.855484583333336,80.58356416666666,24.487358958333335,5336.6,757018.34,7.49,0,0,0,0,1,5336.6,225,204416.41999999998,141.85405314245023,0.0014035153468500542,153.94629916666668,5290.92,4848.835795726882,3010.1806638117127
2008-09-25,24.0,212.71775645833333,105.002683125,152.56305875,0.0,50.20584041666667,60.15469770833333,80.2207625,26.958795208333335,4880.31,733460.14,20.56,0,0,0,0,1,4880.31,226,209296.72999999998,150.28966192721364,0.004212847134710704,152.56305874999998,5336.6,4981.820081441168,3172.8576638117133
2008-09-26,24.0,209.00704145833333,105.02505520833333,153.31483708333334,0.0,55.54999145833333,55.692204375,80.31911083333334,22.278057083333334,5453.84,773865.6,29.58,0,0,0,0,1,5453.84,227,214750.56999999998,141.89371158669854,0.005423701465389523,153.31483708333332,4880.31,5165.282938584025,3354.6523304783796
2008-09-27,24.0,211.50040354166666,105.01029895833334,152.559100625,0.0,51.465235625,58.941302916666665,77.152328125,25.776691666666668,4902.39,705250.94,45.51,0,1,0,0,1,4902.39,228,219652.96,143.8585955013779,0.009283227160629815,152.55910062499999,5453.84,5100.834367155454,3518.0653304783796
2008-09-28,24.0,209.35992229166666,105.02697770833333,152.61197979166667,0.0,53.96015520833333,56.7479425,78.51363145833334,23.476315,5156.66,736404.87,18.84,0,0,0,0,1,5156.66,229,224809.62,142.80655889665016,0.0036535276710118565,152.61197979166667,4902.39,5143.518229460934,3689.9539971450463
2008-09-29,24.0,207.53227666666666,105.03198354166666,152.632983125,0.0,55.80950145833334,54.899293541666665,78.69692354166666,21.530689375,5410.73,766070.77,10.11,0,0,0,0,1,5410.73,230,230220.35,141.58362549970153,0.0018685094247911096,152.632983125,5156.66,5204.492857142856,3870.311663811713
2008-09-30,18.16666,214.27620190904656,104.8890578477882,152.4224542601612,0.0,44.25606447368421,61.853747648885374,72.75483642729043,29.137238914990427,3282.19,469174.12,4.61,0,1,0,0,1,4336.105811414977,231,233502.54,142.945448008799,0.0014045500108159491,152.4224542601612,5410.73,5068.09083020214,3935.352955766242
2008-10-01,24.0,207.69404291666666,105.02975833333333,151.93683145833333,0.0,54.300949375,55.75721145833333,79.98339583333333,22.4555475,5319.83,754940.79,7.42,0,1,0,0,1,5319.83,232,238822.37,141.91069827419298,0.0013947814121879835,151.93683145833333,4336.105811414977,5065.695115916425,4112.680622432908
2008-10-02,24.0,207.08476729166668,105.03120604166666,151.55245916666667,0.0,54.208765,55.532308125,79.59961125,22.263081458333332,5569.54,789974.73,1.8,0,1,0,0,1,5569.54,233,244391.91,141.83841573989952,0.00032318647500511715,151.55245916666667,5319.83,5164.156544487853,4227.943829420329
2008-10-03,24.0,206.512415,105.02966208333333,151.24969541666667,0.0,54.30079625,55.262719583333336,78.5778625,22.02650125,5281.92,748824.81,1.58,0,1,0,0,1,5281.92,234,249673.83000000002,141.77132747182844,0.0002991336483702896,151.24969541666667,5569.54,5139.596544487854,4331.8484960869955
2008-10-04,24.0,207.67280645833333,105.01903875,150.34598958333333,0.0,51.403249583333334,57.326816875,78.23390458333333,24.136366875,4954.21,724471.61,1.74,0,1,0,0,1,4954.21,235,254628.04,146.2335286554264,0.0003512164401589759,150.34598958333333,5281.92,5146.999401630711,4424.097496086995
2008-10-05,24.0,205.5964475,105.02531041666667,150.81298458333333,0.0,54.752695208333336,54.783462916666664,78.94160270833333,21.452292708333335,5419.56,766948.87,1.7,0,1,0,0,1,5419.56,236,260047.6,141.51496984995092,0.00031367860121485873,150.81298458333333,4954.21,5184.556544487854,4530.407496086996
2008-10-06,22.16667,215.26282946806174,104.9375388948498,148.705153526213,0.0,38.50298304347826,66.55767594184873,74.51895704133277,34.41774930656251,3485.34,484446.82,1.11,0,0,0,0,1,3773.6006355487766,237,263532.94,138.99557001612467,0.0003184768200519892,148.705153526213,5419.56,4950.6809209948215,4587.823695049734
2008-10-07,24.0,212.01665708333334,104.97943104166667,148.499161875,0.0,43.304868125,63.51749520833334,75.38155979166666,30.846424375,4222.5,599591.35,2.58,0,0,0,0,1,4222.5,238,267755.44,141.9991355831853,0.00061101243339254,148.499161875,3773.6006355487766,4934.451519364111,4728.573695049734
2008-10-08,24.0,211.89691020833334,104.98190145833334,148.25976395833334,0.0,43.26599916666667,63.63714625,78.19423604166667,30.974686041666665,4208.55,598519.97,3.52,0,1,0,0,1,4208.55,239,271963.99,142.21524515569493,0.0008363925817680674,148.25976395833334,4222.5,4775.697233649825,4797.740567235064
2008-10-09,24.0,211.818160625,104.98143395833333,148.18216791666666,0.0,43.29565604166667,63.63599270833333,78.62326270833333,30.9880675,4201.86,596697.5,4.74,0,1,0,0,1,4201.86,240,276165.85,142.0079441009458,0.001128071853893276,148.18216791666666,4208.55,4580.314376506968,4862.047567235064
2008-10-10,24.0,211.81403916666667,104.98558083333333,148.18536625,0.0,43.25630854166667,63.628672916666666,77.76757729166667,30.9748925,4206.55,598685.25,2.9,0,1,0,0,1,4206.55,241,280372.39999999997,142.32215235763275,0.0006894010531195398,148.18536625000002,4201.86,4426.690090792682,4856.327567235064
2008-10-11,24.0,211.86642729166667,104.989025,148.17479,0.0,43.3189425,63.691637291666666,77.89563854166667,30.9982275,4231.88,603345.05,4.94,0,1,0,0,1,4231.88,242,284604.27999999997,142.57139852736844,0.0011673298864807132,148.17479,4206.55,4323.500090792682,4836.923900568398
2008-10-12,24.0,212.111420625,104.99468229166666,148.18398333333334,0.0,42.79611583333333,63.927437291666664,78.42269958333333,31.318785208333335,4195.09,594618.04,4.01,0,1,0,0,1,4195.09,243,288799.37,141.7414262864444,0.0009558793732673196,148.18398333333334,4231.88,4148.575805078397,4817.107233901731
2008-10-13,24.0,211.93756208333335,104.99129833333333,148.1753025,0.0,42.8037725,63.76225958333333,76.868474375,31.153351875,4208.9,595052.35,3.52,0,1,0,0,1,4208.9,244,293008.27,141.3795409727007,0.0008363230297702488,148.17530250000002,4195.09,4210.761428571429,4793.216567235065
2008-10-14,24.0,212.02278791666666,104.995975,148.08740729166666,0.0,42.807655833333335,63.935380625,78.239493125,31.328007708333335,4210.83,594860.23,1.71,0,1,0,0,1,4210.83,245,297219.10000000003,141.26911559003807,0.0004060957103468912,148.08740729166666,4208.9,4209.094285714285,4768.116900568397
2008-10-15,24.0,212.14405145833334,104.9944625,147.97288145833335,0.0,42.66986333333333,64.17117,78.687156875,31.56960541666667,4187.33,593455.79,3.49,0,1,0,0,1,4187.33,246,301406.43000000005,141.72653934607496,0.0008334666720798219,147.97288145833335,4210.83,4206.062857142858,4742.015233901731
2008-10-16,24.0,211.96899145833333,104.99171041666666,147.868269375,0.0,42.72805270833334,64.10072208333334,78.52281958333333,31.487567708333334,4194.08,594050.4,3.5,0,1,0,0,1,4194.08,247,305600.51000000007,141.640216686377,0.0008345095944760234,147.868269375,4187.33,4204.951428571429,4715.725567235064
2008-10-17,24.0,211.83605520833333,104.991098125,147.799279375,0.0,42.75638020833333,64.03677583333334,78.81451229166667,31.42689875,4206.38,594347.07,3.5,0,1,0,0,1,4206.38,248,309806.8900000001,141.29657092321662,0.0008320693803222723,147.799279375,4194.08,4204.927142857143,4689.149900568398
2008-10-18,24.0,209.82511583333334,105.03423708333334,149.01062708333333,0.0,46.56635979166666,60.81448875,78.674226875,27.907278125,4753.55,677616.46,4.44,0,1,0,0,1,4753.55,249,314560.44000000006,142.54955980267377,0.0009340387710237612,149.01062708333333,4206.38,4279.451428571429,4715.954233901731
2008-10-19,24.0,210.6055175,105.05273958333333,149.06321270833334,0.0,45.42881083333333,61.542304791666666,78.502638125,28.723788541666668,4440.16,625988.23,3.88,0,1,0,0,1,4440.16,250,319000.60000000003,140.98325961226624,0.0008738423840582322,149.0632127083333,4753.55,4314.461428571429,4724.972900568397
2008-10-20,24.0,211.09743604166667,105.06539708333334,149.23278208333332,0.0,45.28615083333333,61.864653958333335,77.78015583333334,29.038915625,4429.04,628127.79,3.89,0,1,0,0,1,4429.04,251,323429.64,141.8203019164424,0.0008782941675848492,149.23278208333335,4440.16,4345.910000000001,4694.156567235064
2008-10-21,24.0,211.643263125,105.08305875,149.493685625,0.0,45.26804833333333,62.1495775,77.97295666666666,29.32125458333333,4435.34,627682.44,1.83,0,1,0,0,1,4435.34,252,327864.98000000004,141.51844954389065,0.0004125952012698012,149.493685625,4429.04,4377.982857142857,4680.072135106343
2008-10-22,24.0,212.130649375,105.097895625,149.65581958333334,0.0,45.25301270833333,62.474829791666664,78.407108125,29.65129875,4613.81,659793.54,4.8,0,1,0,0,1,4613.81,253,332478.79000000004,143.00405521683814,0.0010403549344251278,149.6558195833333,4435.34,4438.908571428571,4667.735548232125
2008-10-23,24.0,211.75067,105.09384395833334,149.68029770833334,0.0,45.779740833333335,62.070372291666665,77.40683041666666,29.244519166666667,4652.96,663983.04,3.23,0,1,0,0,1,4652.96,254,337131.75000000006,142.701213850968,0.0006941817681647811,149.68029770833334,4613.81,4504.4628571428575,4646.470214898792
2008-10-24,24.0,211.578836875,105.10306333333334,149.80986083333335,0.0,45.95049645833333,61.76897604166667,77.642394375,28.95291625,4675.7,669780.92,4.2,0,1,0,0,1,4675.7,255,341807.45000000007,143.2471972111128,0.0008982612229184936,149.80986083333335,4652.96,4571.5085714285715,4624.440214898791
2008-10-25,24.0,212.55457020833333,105.10911125,149.76012645833333,0.0,45.002830833333334,62.79444375,77.134093125,30.0563375,4633.71,662716.12,1.42,0,1,0,0,1,4633.71,256,346441.1600000001,143.020629258197,0.0003064499073096935,149.76012645833333,4675.7,4554.388571428572,4616.220214898791
2008-10-26,25.0,214.0277026,105.1098408,149.5153112,0.0,43.4869554,64.5123914,78.1393928,31.8492412,4608.81,657672.8,1.54,0,1,0,0,1,4424.4576,257,351049.9700000001,142.6990481273908,0.0003341426528756881,149.51531119999999,4633.71,4552.145371428572,4581.907468232125
2008-10-27,24.0,214.206668125,105.10183541666666,149.36163854166668,0.0,43.707190625,64.84502958333333,78.521305,32.12603958333333,4429.46,643534.88,2.73,0,1,0,0,1,4429.46,258,355479.4300000001,145.28517697416842,0.0006163279496823541,149.36163854166665,4424.4576,4552.205371428571,4566.143134898793
2008-10-28,24.0,209.14468375,105.14535625,151.72366166666666,0.0,52.52526854166667,57.421022083333334,78.95258583333333,24.179911458333333,5123.01,733730.33,3.48,0,1,0,0,1,5123.01,259,360602.4400000001,143.22250590961173,0.0006792881528632581,151.7236616666667,4429.46,4650.443942857143,4565.021468232126
2008-10-29,23.33333,211.47308628460232,105.15707167780167,152.19536645272663,0.0,50.58208916666667,59.27771983187569,78.24968020490003,26.096534703224957,4793.27,688367.98,3.69,0,0,0,0,1,4930.2212757458965,260,365395.71000000014,143.61135091492864,0.0007698293649220677,152.19536645272663,5123.01,4695.645553677985,4549.004510756989
2008-10-30,24.0,207.39685666666668,105.16961083333334,152.7874775,0.0,57.139062708333334,54.60937916666666,80.26025354166667,21.218905625,5460.78,778382.24,3.27,0,1,0,0,1,5460.78,261,370856.49000000017,142.54048689015124,0.0005988155538219815,152.78747750000002,4930.2212757458965,4811.048410820842,4586.493650376489
2008-10-31,24.0,206.56559208333334,105.17440791666667,152.37984416666666,0.0,57.32534291666666,54.185747916666664,80.19015458333334,20.836312291666665,5463.11,776658.92,5.09,0,1,0,0,1,5463.11,262,376319.60000000015,142.16424710467118,0.0009317037365163799,152.3798441666667,5460.78,4923.535553677985,4591.269650376489
2008-11-01,22.83333,211.1425038382356,105.15776368588375,152.0714450956212,0.0,50.59004489361702,59.07105874261441,78.51947754910913,25.821804918113127,4645.38,654580.07,5.5,0,1,0,0,1,4882.735895289912,263,380964.98000000016,140.9099083390379,0.0011839720324279177,152.0714450956212,5463.11,4959.110681576544,4568.376180219487
2008-11-02,23.0,218.98880432608695,104.99865340217391,151.85955929347827,0.0,38.05671872340425,67.1292450326087,73.57373919565218,34.47872365217391,3731.52,531070.72,2.34,0,0,0,0,1,3893.7599999999998,264,384696.5000000002,142.3202126747277,0.0006270903010033445,151.85955929347824,4882.735895289912,4883.296738719401,4522.104180219486
2008-11-03,24.0,221.10001270833334,105.11340125,148.53834375,0.0,36.82971270833333,72.56166895833333,78.87503354166667,40.495265208333336,3475.8,507041.18,2.2,0,1,0,0,1,3475.8,265,388172.30000000016,145.87754761493755,0.0006329478105759826,148.53834375000002,3893.7599999999998,4747.059595862259,4472.823846886153
2008-11-04,24.0,221.30804145833332,105.10111208333333,148.670331875,0.0,36.76053958333333,72.63770958333333,76.77532375,40.41428354166667,3460.92,498542.52,1.33,0,1,0,0,1,3460.92,266,391633.22000000015,144.04913144481813,0.00038429088219317406,148.670331875,3475.8,4509.61816729083,4407.535846886153
2008-11-05,24.0,221.06318145833333,105.08326583333333,148.37725833333334,0.0,36.80415895833333,72.685923125,78.11275625,40.463428125,3458.27,489500.32,2.11,0,1,0,0,1,3458.27,267,395091.49000000017,141.54485335153126,0.0006101316554230872,148.37725833333332,3460.92,4299.339413612844,4397.024825701194
2008-11-06,24.0,221.62376895833333,105.08839729166667,148.50751145833334,0.0,36.484163125,73.1162575,75.01258458333334,40.88765145833333,3403.18,487984.32,2.5,0,1,0,0,1,3403.18,268,398494.67000000016,143.39068753342463,0.0007346070440000235,148.50751145833334,3458.27,4005.396556469987,4369.714159034527
2008-11-07,24.0,223.78612,105.07610041666666,148.305161875,0.0,34.81935166666667,75.480958125,73.3207075,43.510765625,3310.61,469642.19,2.75,0,1,0,0,1,3310.61,269,401805.28000000014,141.85971467493906,0.0008306626271291393,148.305161875,3403.18,3697.896556469987,4339.782825701193
2008-11-08,24.0,223.87606104166667,105.07539875,148.356605,0.0,35.065705625,75.51945604166667,75.00440604166667,43.4854475,3354.77,476607.16,2.5,0,1,0,0,1,3354.77,270,405160.05000000016,142.06850544150566,0.0007452075701165803,148.356605,3310.61,3479.6157142857146,4311.54649236786
2008-11-09,24.0,223.25848291666668,105.08773354166667,148.59178333333332,0.0,35.93629958333333,74.66669958333334,76.07697895833333,42.49829833333333,3502.6,497111.26,2.85,0,0,0,0,1,3502.6,271,408662.65000000014,141.92635756295323,0.0008136812653457432,148.59178333333335,3354.77,3423.7357142857145,4288.08149236786
2008-11-10,24.0,223.77924208333334,105.09285083333333,148.643934375,0.0,35.705073125,75.13530770833333,76.47062458333333,42.990816875,3464.41,492344.49,2.43,0,1,0,0,1,3464.41,272,412127.0600000001,142.11496041172956,0.0007014181346896009,148.64393437500001,3502.6,3422.108571428572,4262.499159034527
2008-11-11,24.0,223.83553729166667,105.09613708333333,148.92832520833332,0.0,35.80876125,74.90721208333333,74.60826979166667,42.76060666666667,3492.99,495927.25,0.85,0,0,0,0,1,3492.99,273,415620.0500000001,141.97786137378006,0.0002433445271815837,148.92832520833332,3464.41,3426.6899999999996,4239.0958257011935
2008-11-12,24.0,224.02432833333333,105.10002041666667,148.83129666666667,0.0,35.788758125,75.19303166666667,77.58760270833334,43.02420166666667,3482.0,496461.65,2.91,0,1,0,0,1,3482.0,274,419102.0500000001,142.5794514646755,0.0008357265939115451,148.83129666666667,3492.99,3430.0799999999995,4214.865825701194
2008-11-13,24.0,224.323561875,105.10426208333334,148.909293125,0.0,35.822289166666664,75.41426875,77.74591354166667,43.25634875,3499.81,497727.68,1.04,0,1,0,0,1,3499.81,275,422601.8600000001,142.2156288484232,0.0002971589886308114,148.90929312499998,3482.0,3443.884285714286,4191.165159034526
2008-11-14,24.0,224.55545916666668,105.10946833333334,149.00885166666666,0.0,35.730422708333336,75.5466075,76.69367354166667,43.383432291666665,3498.89,497601.8,0.9,0,1,0,0,1,3498.89,276,426100.7500000001,142.21704597743857,0.0002572244340347939,149.0088516666667,3499.81,3470.781428571429,4168.217159034527
2008-11-15,24.0,224.80468916666666,105.11266895833333,149.09797708333335,0.0,35.756538541666664,75.70671208333333,76.98718083333333,43.53033645833333,3508.48,499260.8,0.81,0,1,0,0,1,3508.48,277,429609.2300000001,142.30116745713244,0.0002308692083181321,149.09797708333332,3498.89,3492.7400000000002,4145.3638257011935
2008-11-16,24.0,225.001704375,105.11406833333334,149.08167104166668,0.0,35.7677525,75.92003333333334,77.66621395833333,43.75491541666667,3501.06,498776.51,0.89,0,1,0,0,1,3501.06,278,433110.2900000001,142.46442791611685,0.0002542087253574632,149.08167104166665,3508.48,3492.52,4121.853159034527
2008-11-17,24.0,225.027259375,105.115321875,149.354090625,0.0,35.79978166666667,75.67316875,74.95337604166667,43.52499854166667,3526.54,502342.59,0.84,0,1,0,0,1,3526.54,279,436636.8300000001,142.4463043096066,0.00023819381036369925,149.354090625,3501.06,3501.395714285714,4080.9528257011934
2008-11-18,24.0,224.525664375,105.08621333333333,148.795071875,0.0,35.687991875,75.7305925,76.853975625,43.5728725,3481.63,496976.88,0.61,0,1,0,0,1,3481.63,280,440118.4600000001,142.74258895976885,0.00017520529177425515,148.795071875,3526.54,3499.772857142857,4049.0018257011934
2008-11-19,24.0,223.811194375,105.06980854166666,148.54635125,0.0,35.62613875,75.264843125,77.66368,43.12411854166667,3462.83,493744.18,1.3,0,1,0,0,1,3462.83,281,443581.2900000001,142.58400787794955,0.00037541548386724156,148.54635125000001,3481.63,3497.0342857142855,4016.794825701194
2008-11-20,24.0,223.99721354166667,105.09261645833334,148.7980025,0.0,35.808158125,75.19921104166667,77.20121125,42.95290270833333,3489.61,497824.4,0.88,0,1,0,0,1,3489.61,282,447070.9000000001,142.65903639661738,0.00025217717739231603,148.7980025,3462.83,3495.5771428571425,3985.2704923678607
2008-11-21,24.0,224.185235625,105.10335458333333,149.00150270833333,0.0,36.42398958333333,75.18373291666667,76.65867354166667,41.92486958333333,3424.06,486907.05,70.68,0,1,0,0,1,3424.06,283,450494.9600000001,142.2016699473724,0.02064216164436371,149.0015027083333,3489.61,3484.887142857143,3945.612159034527
2008-11-22,24.0,224.68772770833334,105.12275145833334,149.45114354166665,0.0,36.29966458333333,75.23658416666666,76.61557875,42.052568125,3580.99,513287.66,48.62,0,1,0,0,1,3580.99,284,454075.95000000007,143.33680350964397,0.013577250983666527,149.45114354166668,3424.06,3495.2457142857143,3909.8798257011936
2008-11-23,24.0,226.229898125,105.11224291666667,149.57781979166666,0.0,34.85000208333334,76.65207833333334,73.12725,43.44693291666667,3234.99,460596.1,6.33,0,1,0,0,1,3234.99,285,457310.94000000006,142.37945094111575,0.0019567293871078427,149.57781979166668,3580.99,3457.2357142857145,3861.856159034527
2008-11-24,24.0,225.77126041666668,105.11530145833333,149.42211854166666,0.0,35.326432708333336,76.349141875,76.090768125,43.793233541666666,3378.11,486266.34,4.39,0,1,0,0,1,3378.11,286,460689.05000000005,143.94627173182639,0.001299543235714645,149.4221185416667,3234.99,3436.031428571429,3820.0028257011936
2008-11-25,24.0,224.74936520833333,105.1351025,149.63414291666666,0.0,36.55619395833333,75.11522229166667,77.33007520833333,42.34789229166667,3661.02,525715.86,12.45,0,0,0,0,1,3661.02,287,464350.07000000007,143.59819394594948,0.003400691610534769,149.63414291666666,3378.11,3461.6585714285716,3794.554905701194
2008-11-26,24.0,224.061429375,105.16124375,150.279785625,0.0,37.324323541666665,73.78164375,75.55199729166667,40.85031625,3853.4,553829.86,1.56,0,1,0,0,1,3853.4,288,468203.4700000001,143.72498572689054,0.00040483728655213577,150.279785625,3661.02,3517.454285714285,3775.3529057011933
2008-11-27,24.0,224.56307333333334,105.169981875,150.217558125,0.0,37.268613333333334,74.34551520833334,76.34857145833334,41.41362375,3833.27,553351.63,3.73,0,1,0,0,1,3833.27,289,472036.7400000001,144.3549841258247,0.000973059554896994,150.21755812499998,3853.4,3566.5485714285714,3732.3615723678604
2008-11-28,24.0,236.43569270833333,105.07881270833333,150.82663104166667,0.0,25.048654791666667,85.60906166666666,68.561648125,52.67840208333333,1780.74,244692.25,0.44,0,1,0,0,1,1780.74,290,473817.4800000001,137.4104304951874,0.0002470882891382234,150.82663104166667,3833.27,3331.7885714285717,3627.37886317633
2008-11-29,24.0,230.205338125,105.1213575,150.85583645833333,0.0,33.90922020833333,79.34950166666667,74.95132395833333,46.565862083333336,3100.68,451496.53,3.04,0,1,0,0,1,3100.68,291,476918.1600000001,145.61210121650737,0.0009804300992040456,150.85583645833333,1780.74,3263.172857142857,3548.7088631763304
2008-11-30,24.0,227.67799104166667,105.186493125,151.07131229166666,0.0,36.817049583333336,76.60667875,77.34729770833333,43.707517083333336,3811.05,548808.76,1.11,0,1,0,0,1,3811.05,292,480729.2100000001,144.0046076540586,0.0002912583146376983,151.0713122916667,3100.68,3345.467142857143,3493.640196509664
2008-12-01,24.0,230.05362458333335,105.18032645833334,151.35050041666668,0.0,34.58579833333334,78.70312416666667,75.34392416666667,45.880192916666665,3333.32,483082.2,1.26,0,1,0,0,1,3333.32,293,484062.5300000001,144.9252397009588,0.000378001512006048,151.35050041666668,3811.05,3339.0685714285714,3441.993
2008-12-02,24.0,232.064071875,105.16848458333334,151.57023270833332,0.0,33.642250625,80.49383916666666,73.83212354166666,47.864162916666665,3203.92,463731.94,2.41,0,1,0,0,1,3203.92,294,487266.45000000007,144.73892606556967,0.0007522035506504532,151.57023270833332,3333.32,3273.7685714285717,3418.9983333333334
2008-12-03,24.0,230.67093520833333,105.19274833333333,151.25432854166667,0.0,35.816489375,79.41660666666667,78.17514104166666,46.647529166666665,3625.36,524348.41,2.6,0,1,0,0,1,3625.36,295,490891.81000000006,144.6334736412384,0.0007171701568947635,151.25432854166667,3203.92,3241.1914285714292,3423.9836666666665
2008-12-04,24.0,231.25374625,105.19720166666667,151.51307875,0.0,35.79314708333333,79.7406675,75.38073291666667,46.97488,3571.27,514993.37,2.27,0,1,0,0,1,3571.27,296,494463.0800000001,144.2045462818549,0.0006356282218930521,151.51307875,3625.36,3203.7628571428572,3427.662
2008-12-05,24.0,231.74571979166666,105.20164416666667,151.806101875,0.0,35.786773958333335,79.93961791666666,74.99958625,47.160883958333336,3629.64,522042.92,2.68,0,1,0,0,1,3629.64,297,498092.7200000001,143.82774049217002,0.0007383652373238118,151.806101875,3571.27,3467.891428571428,3433.374333333333
2008-12-06,24.0,232.24524770833332,105.20807958333333,151.95311541666666,0.0,35.734029791666664,80.29213229166666,77.04580541666667,47.485615208333336,3663.25,528911.84,2.63,0,1,0,0,1,3663.25,298,501755.9700000001,144.3832225482836,0.0007179417184194363,151.95311541666666,3629.64,3548.258571428571,3442.0433333333335
2008-12-07,24.0,232.74662166666667,105.214526875,152.10535520833332,0.0,35.76701625,80.64126645833333,77.52483416666666,47.81068333333333,3687.91,533632.58,2.27,0,1,0,0,1,3687.91,299,505443.88000000006,144.69783156313466,0.0006155247823292869,152.10535520833332,3663.25,3530.6671428571426,3454.6200000000003
2008-12-08,24.0,233.32499583333333,105.21637625,152.245041875,0.0,35.728708125,81.07995395833333,77.650785,48.267270208333336,3652.2,498323.72,2.64,0,1,0,0,1,3652.2,300,509096.0800000001,136.44480587043427,0.000722851979628717,152.245041875,3687.91,3576.2214285714285,3464.5343333333335
2008-12-09,24.0,233.23620145833334,105.21480958333333,152.49498770833333,0.0,35.81266875,80.74121375,75.80771125,47.908706458333334,3687.36,510228.28,0.98,0,0,0,0,1,3687.36,301,512783.44000000006,138.3722446411525,0.00026577280222164366,152.49498770833333,3652.2,3645.2842857142855,3470.6929999999998
2008-12-10,24.0,233.76883166666667,105.22003354166667,152.51084020833332,0.0,35.77641875,81.25799145833334,77.447233125,48.447591458333335,3685.38,534315.9,0.91,0,1,0,0,1,3685.38,302,516468.82000000007,144.9825798153786,0.0002469216200229013,152.51084020833332,3687.36,3653.8585714285714,3478.058666666667
2008-12-11,24.0,234.82079583333334,105.215288125,152.58478041666666,0.0,35.32137041666667,82.23601541666666,75.95798208333333,49.542241875,3526.36,509272.51,1.15,0,1,0,0,1,3526.36,303,519995.18000000005,144.4187519141551,0.00032611531437516303,152.58478041666666,3685.38,3647.4428571428575,3479.1710000000003
2008-12-12,24.0,234.47398354166666,105.218095,152.93519541666666,0.0,35.807006666666666,81.538788125,74.270051875,48.74153666666667,3679.89,532148.72,1.59,0,1,0,0,1,3679.89,304,523675.07000000007,144.6099530148999,0.00043207813277027304,152.93519541666666,3526.36,3654.621428571428,3485.7673333333337
2008-12-13,24.0,234.91420958333333,105.22962375,153.41693625,0.0,35.82625625,81.49727333333334,70.214869375,48.65928541666667,3712.64,534747.96,1.1,0,1,0,0,1,3712.64,305,527387.7100000001,144.03442294431994,0.0002962851232546113,153.41693625,3679.89,3661.6771428571424,3492.8616666666667
2008-12-14,24.0,235.533529375,105.23502770833333,153.67270395833333,0.0,35.78561354166666,81.86082541666667,70.35349208333334,49.036611666666666,3720.13,537612.97,3.46,0,1,0,0,1,3720.13,306,531107.8400000001,144.51456535121082,0.0009300750242599049,153.67270395833333,3712.64,3666.28,3500.2363333333333
2008-12-15,24.0,236.25340666666668,105.238045625,153.74532020833334,0.0,35.67143125,82.50808645833334,74.20173125,49.718043333333334,3676.11,537083.05,0.98,0,1,0,0,1,3676.11,307,534783.9500000001,146.100919178153,0.0002665861467692751,153.74532020833334,3720.13,3669.6957142857145,3505.824
2008-12-16,24.0,237.41771520833333,105.23620333333334,153.84219625,0.0,35.182675625,83.57551895833333,74.40409791666667,50.847054791666665,3604.86,528565.99,3.34,0,1,0,0,1,3604.86,308,538388.81,146.62594109063875,0.000926526966373174,153.84219625,3676.11,3657.9100000000003,3509.2839999999997
2008-12-17,24.0,238.38968104166668,105.23477604166666,154.02554416666666,0.0,34.73082479166667,84.364136875,74.007905625,51.68813,3548.88,520006.46,4.15,0,1,0,0,1,3548.88,309,541937.6900000001,146.52692116949572,0.0011693830166136924,154.0255441666667,3604.86,3638.41,3510.0286666666666
2008-12-18,24.0,238.92271479166666,105.23861875,154.221869375,0.0,34.99313020833333,84.70084541666667,76.27923916666667,51.88117604166667,3622.37,529434.21,3.74,0,1,0,0,1,3622.37,310,545560.06,146.15685587060403,0.0010324732150498155,154.22186937499998,3548.88,3652.125714285714,3514.72
2008-12-19,24.0,239.77894729166667,105.24295979166666,154.501361875,0.0,34.88620229166666,85.27758541666667,76.53937979166666,52.493080625,3608.76,527810.53,4.48,0,1,0,0,1,3608.76,311,549168.8200000001,146.25814130061295,0.0012414236469036456,154.501361875,3622.37,3641.964285714286,3519.5843333333332
2008-12-20,24.0,240.99180479166668,105.23522375,154.59388666666666,0.0,34.31351395833333,86.397918125,76.88002583333333,53.67603833333333,3524.44,516367.93,4.36,0,1,0,0,1,3524.44,312,552693.26,146.51063147620616,0.001237075961003734,154.59388666666666,3608.76,3615.078571428571,3520.7453333333333
2008-12-21,24.0,242.06580666666667,105.23328791666667,154.80186979166666,0.0,33.948350625,87.263936875,76.455803125,54.585576458333335,3492.51,508709.44,4.13,0,0,0,0,1,3492.51,313,556185.77,145.65726082387738,0.0011825306155172066,154.80186979166666,3524.44,3582.5614285714287,3523.027
2008-12-22,24.0,242.8803975,105.23214541666667,155.01046,0.0,33.787436666666665,87.8699375,77.91790666666667,55.1743175,3478.92,506383.06,4.28,0,0,0,0,1,3478.92,314,559664.6900000001,145.55754659492027,0.0012302668644291908,155.01045999999997,3492.51,3554.391428571428,3519.624666666667
2008-12-23,24.0,243.60818916666668,105.23301916666667,155.472005625,0.0,33.688870625,88.13618354166667,76.2874875,55.503,3473.27,505086.11,0.86,0,1,0,0,1,3473.27,315,563137.9600000001,145.42091746394607,0.0002476052826299136,155.472005625,3478.92,3535.5928571428567,3527.5673333333334
2008-12-24,24.0,244.112770625,105.23758291666667,155.83387666666667,0.0,33.78216583333333,88.27889395833333,75.98142,55.605199166666665,3494.08,507980.35,0.91,0,1,0,0,1,3494.08,316,566632.04,145.3831480675886,0.00026044051653081787,155.83387666666667,3473.27,3527.764285714286,3531.433
2008-12-25,24.0,244.92729979166666,105.23733895833334,155.95014479166667,0.0,33.76866,88.977155,77.35602854166666,56.331641875,3484.95,507316.82,0.9,0,1,0,0,1,3484.95,317,570116.99,145.57362946383736,0.00025825334653294883,155.95014479166667,3494.08,3508.132857142857,3525.564
2008-12-26,24.0,245.57727479166667,105.2405775,156.1592475,0.0,33.80921729166667,89.41802729166666,77.96799229166666,56.78416979166666,3499.21,508942.26,1.26,0,1,0,0,1,3499.21,318,573616.2,145.4449032781685,0.00036008127548789584,156.1592475,3484.95,3492.4828571428575,3513.7576666666664
2008-12-27,24.0,246.1663019148936,105.24630127659574,156.35769787234042,0.0,33.085525,89.80860404255318,78.88395255319149,57.148645531914894,3422.04,499431.07,1.33,0,1,0,0,1,3422.04,319,577038.24,145.94542144451847,0.0003886570583628479,156.35769787234042,3499.21,3477.854285714286,3500.05
2008-12-28,24.0,246.87983,105.25078333333333,156.672998125,0.0,33.76332875,90.206831875,77.427416875,57.54279291666667,3494.29,509670.57,0.94,0,1,0,0,1,3494.29,320,580532.53,145.85811996142277,0.00026901029966030295,156.672998125,3422.04,3478.1085714285714,3557.1683333333335
2008-12-29,24.0,247.70971145833335,105.25309958333334,156.97933458333333,0.0,33.62242083333334,90.730376875,76.38992166666667,58.12434833333333,3476.12,506836.21,0.93,0,1,0,0,1,3476.12,321,584008.65,145.8051534469466,0.00026753967066729575,156.97933458333335,3494.29,3477.7085714285713,3569.683
2008-12-30,24.0,248.52658770833332,105.25311145833334,157.19703125,0.0,33.420732083333334,91.32955645833333,77.94535354166666,58.699726875,3451.08,503361.46,1.09,0,1,0,0,1,3451.08,322,587459.73,145.85621312748475,0.00031584315634526004,157.19703125,3476.12,3474.5385714285717,3557.6839999999997
2008-12-31,24.0,248.97531291666667,105.25855541666667,157.43999291666665,0.0,33.44870875,91.53532,78.83098333333334,58.87156791666666,3468.76,505874.61,0.91,0,1,0,0,1,3468.76,323,590928.49,145.8373049735352,0.00026234158604227447,157.43999291666665,3451.08,3470.9214285714284,3562.1986666666667
2009-01-01,24.0,249.41456479166666,105.26206875,157.80645333333334,0.0,33.439270416666666,91.60811145833334,77.07514416666666,58.97075541666667,3478.64,506024.38,2.54,0,1,0,0,1,3478.64,324,594407.13,145.46615343927513,0.0007301704114251547,157.8064533333333,3468.76,3470.0200000000004,3571.356
2009-01-02,24.0,250.69744666666668,105.25573479166667,157.80713729166666,0.0,32.81187020833333,92.890309375,77.03389229166666,60.346913125,3363.8,488365.58,0.81,0,1,0,0,1,3363.8,325,597770.93,145.18270408466614,0.00024079909626018194,157.80713729166666,3478.64,3450.675714285714,3562.6373333333336
2009-01-03,18.16666,251.8232644355154,105.1740405972094,158.27422076173605,0.0,30.047937894736844,93.54904367377932,74.82893023132486,61.28737617695823,2216.9,323603.08,3.42,0,0,0,0,1,2928.749698623743,326,599987.8300000001,145.97098651269792,0.0015426947539356759,158.27422076173607,3363.8,3380.2056712319636,3541.2199899541247
2009-01-04,24.0,250.74072729166667,105.22599645833333,157.715424375,0.0,32.643291041666664,93.02530291666666,77.82409375,60.44678020833334,3347.77,484832.66,0.78,0,1,0,0,1,3347.77,327,603335.6000000001,144.82257144308002,0.00023299091634132574,157.715424375,2928.749698623743,3359.274242660535,3531.8243232874584
2009-01-05,24.0,250.45155916666667,105.2555075,158.144443125,0.0,33.32821666666667,92.30711604166666,78.57405458333334,59.64778,3495.8,506288.63,1.61,0,1,0,0,1,3495.8,328,606831.4000000001,144.82768751072715,0.00046055266319583503,158.144443125,3347.77,3362.085671231963,3526.242656620792
2009-01-06,21.0,250.78610289241624,104.93774970017637,157.75645949955907,0.0,31.61116976744186,93.02964339285714,74.04000651190476,60.26987928571429,2649.25,386193.55,1.51,0,0,0,0,1,3027.714285714286,329,609480.6500000001,145.77467207700292,0.0005699726337642729,157.7564594995591,3495.8,3301.6048549054326,3504.2361328112675
2009-01-07,24.0,250.3866736101663,104.80919245134164,157.85830662462206,0.0,32.37099729166667,93.35386479166667,75.48720583333333,60.69825375,3309.88,491311.06,1.51,0,1,0,0,1,3309.88,330,612790.5300000001,148.43772583900324,0.00045620989280578146,157.03280881849963,3027.714285714286,3278.9077120482903,3492.8254661446013
2009-01-08,24.0,249.98724432791636,104.68063520250693,157.96015374968505,0.0,30.450362708333333,95.85776208333333,74.082995,63.580539791666666,3054.02,440434.88,0.79,0,1,0,0,1,3054.02,331,615844.5500000002,144.21479885527927,0.0002586754507174151,154.12948224458302,3309.88,3218.24771204829,3471.714132811268
2009-01-09,24.0,249.58781504566642,104.55207795367221,158.06200087474804,0.0,28.121133333333333,98.47673166666667,72.64667645833333,66.200793125,2627.22,377383.98,0.66,0,1,0,0,1,2627.22,332,618471.7700000001,143.64384406330646,0.00025121611437184556,151.11108337899975,3054.02,3113.021997762575,3436.4421328112676
2009-01-10,24.0,,,,0.0,31.519895625,95.67000916666667,74.34687875,63.246754375,3259.45,468775.45,0.87,0,1,0,0,1,3259.45,333,621731.2200000001,143.82041448710675,0.0002669161975179862,,2627.22,3160.2648979591836,3427.5451328112676
2009-01-11,24.0,,,,0.0,32.30491729166667,94.56457354166666,73.11106145833334,62.01309270833333,3360.25,483460.06,0.91,0,1,0,0,1,3360.25,334,625091.4700000001,143.87621754333756,0.0002708131835428912,,3259.45,3162.047755102041,3416.890466144601
2009-01-12,24.0,,,,0.0,34.30342104166667,92.04047458333334,76.57904895833333,59.10354666666667,3622.1,520625.52,1.02,0,1,0,0,1,3622.1,335,628713.5700000001,143.73582176085696,0.0002816045940200436,,3360.25,3180.0906122448982,3413.872466144601
2009-01-13,24.0,247.99009791666666,104.03784895833333,158.469389375,0.0,36.255932916666666,89.52070854166666,79.392934375,56.28792895833333,3920.6,561182.25,3.35,0,0,0,0,1,3920.6,336,632634.17,143.13682854665103,0.0008544610518798144,158.469389375,3622.1,3307.6457142857143,3420.5547994779345
2009-01-14,24.0,251.52808375,105.36139229166666,160.87075270833333,0.0,35.82481833333333,90.65733104166667,80.36972333333334,57.42419145833333,3827.53,547774.31,2.66,0,0,0,0,1,3827.53,337,636461.7000000001,143.11430870561432,0.0006949651602992008,160.87075270833333,3920.6,3381.595714285714,3425.602132811268
2009-01-15,24.0,252.118834375,105.36896395833334,161.13460895833333,0.0,35.809772708333334,90.98422541666666,76.94459291666666,57.82823375,4449.03,639914.22,48.44,0,0,0,0,1,4449.03,338,640910.7300000001,143.83230052393444,0.010887766546865272,161.13460895833333,3827.53,3580.882857142857,3453.7411328112676
2009-01-16,24.0,252.548625,105.37773291666667,161.38303645833332,0.0,35.81695520833333,91.16558854166666,76.75051833333333,58.007580833333336,4595.56,660379.98,59.33,0,1,0,0,1,4595.56,339,645506.2900000002,143.6995665381368,0.012910287320805297,161.38303645833332,4449.03,3862.074285714286,3488.6304661446006
2009-01-17,24.0,253.67080145833333,105.38131854166667,161.457106875,0.0,34.986255625,92.21369458333334,76.981285625,59.03635,4386.22,641965.53,27.68,0,1,0,0,1,4386.22,340,649892.5100000001,146.35962856400272,0.0063106729712599915,161.457106875,4595.56,4023.0414285714287,3514.0921328112677
2009-01-18,24.0,253.67134875,105.391174375,161.91971020833333,0.0,35.675806458333334,91.75163854166667,76.42911854166667,58.57030291666667,4580.12,659836.92,43.97,0,1,0,0,1,4580.12,341,654472.6300000001,144.065421866676,0.009600185147987389,161.91971020833333,4386.22,4197.308571428572,3546.470799477934
2009-01-19,24.0,253.95943895833332,105.39648395833333,161.99721333333332,0.0,35.77648375,91.962225625,76.46891958333333,58.74194625,4621.01,663577.95,17.76,0,1,0,0,1,4621.01,342,659093.6400000001,143.60019779225752,0.0038433156387889227,161.99721333333332,4580.12,4340.01,3583.0231328112673
2009-01-20,24.0,254.36430208333334,105.39311041666667,162.0671075,0.0,35.79893979166667,92.29719458333334,78.36164875,59.066548125,4634.87,666607.86,11.93,0,1,0,0,1,4634.87,343,663728.5100000001,143.82449993203693,0.002573966475866637,162.06710750000002,4621.01,4442.048571428571,3621.101799477934
2009-01-21,22.65185,255.1246170975704,105.37814468895476,162.3198488694919,0.0,34.214601276595744,92.8047682280785,78.43385675655189,59.56406386541938,4162.58,599459.19,27.72,0,1,0,0,1,4410.320569843081,344,667891.0900000001,144.01145203215313,0.006659331472308039,162.3198488694919,4634.87,4525.3043671204405,3652.14848513937
2009-01-22,23.51481,256.6081000705215,105.34912108905834,162.1854353810301,0.0,33.56514583333333,94.42266468949143,74.05449579126517,62.05275862379071,3996.66,616437.48,57.89,0,1,0,0,1,4079.124602750351,345,671887.7500000001,154.23815886265032,0.014484594636521497,162.1854353810301,4410.320569843081,4472.460738941919,3672.3436385643818
2009-01-23,24.0,255.89087583333333,105.38709666666666,162.392350625,0.0,35.239564375,93.49852520833333,76.97499479166666,60.679769375,4479.0,643344.43,18.03,0,1,0,0,1,4479.0,346,676366.7500000001,143.63572895735658,0.004025452109845948,162.392350625,4079.124602750351,4455.8093103704905,3705.1743052310485
2009-01-24,24.0,256.3682710416667,105.38790520833334,162.49271041666665,0.0,35.18315729166667,93.875560625,77.97263666666667,60.747843333333336,4459.69,651056.89,25.32,0,1,0,0,1,4459.69,347,680826.4400000001,145.98702824635794,0.005677524670997312,162.49271041666668,4479.0,4466.305024656204,3737.665638564382
2009-01-25,24.0,256.6996433333333,105.38937145833333,162.682988125,0.0,35.289000208333334,94.01665520833333,77.78028104166667,60.920087708333334,4519.77,647831.55,26.16,0,1,0,0,1,4519.77,348,685346.2100000001,143.33285764541117,0.005787905136765808,162.68298812499998,4459.69,4457.683596084777,3771.684305231049
2009-01-26,24.0,257.0211091666667,105.39297229166667,163.11177520833334,0.0,35.33169375,93.90933395833333,75.64182125,60.79419895833333,4522.95,650030.81,52.77,0,1,0,0,1,4522.95,349,689869.16,143.71832764014638,0.01166716412960568,163.11177520833337,4519.77,4443.675024656205,3808.381305231049
2009-01-27,24.0,257.518036875,105.39250666666666,163.09329625,0.0,35.322985208333336,94.424740625,77.90072166666667,61.29117375,4526.29,650522.86,57.91,0,1,0,0,1,4526.29,350,694395.4500000001,143.72098561956923,0.012794142664301227,163.09329625,4522.95,4428.163596084776,3842.781305231049
2009-01-28,14.175,258.4365757319224,105.38743324514991,163.463954356261,0.0,33.747737931034486,94.97262137566138,79.85221938271604,61.91987767195767,2486.86,360902.16,38.57,0,1,0,0,1,4210.556613756614,351,696882.31,145.12363381935452,0.01550951802674859,163.463954356261,4526.29,4399.625888072423,3867.262525689602
2009-01-29,5.65833,265.1247613994942,104.8090920609261,163.9072735641258,0.0,26.465173333333333,101.21748783536839,60.577409561584425,69.65078017667757,559.58,82493.78,88.51,0,1,0,0,1,2373.477686879344,352,697441.89,147.42088709389182,0.1581722005790057,163.90727356412583,4210.556613756614,4155.962042947994,3831.3424485855803
2009-01-30,24.0,257.442240625,105.33919104166667,163.29458625,0.0,35.29881708333333,94.147654375,73.61644291666667,61.04972645833333,4535.43,649388.07,298.19,0,1,0,0,1,4535.43,353,701977.3200000001,143.18114710181834,0.06574679798828335,163.29458625,2373.477686879344,4164.023471519423,3866.8981152522474
2009-01-31,24.0,257.6985825,105.36355291666666,163.214865625,0.0,35.2986925,94.483716875,74.27634270833333,61.38491416666667,4523.83,648450.26,55.17,0,1,0,0,1,4523.83,354,706501.15,143.34098761447711,0.012195418483895284,163.214865625,4535.43,4173.18632866228,3901.7377819189137
2009-02-01,15.0,259.8966769982,105.21438315701333,163.67685657586668,0.0,31.7384475,96.21982042233333,71.86781915395333,63.386140964793334,2266.89,328221.38,43.92,0,1,0,0,1,3627.024,355,708768.04,144.78928399701795,0.019374561624075276,163.67685657586668,4523.83,4045.6511858051367,3910.511915252247
2009-02-02,24.0,258.129128125,105.35133291666666,163.349789375,0.0,35.32523208333333,94.77933875,78.46271125,61.688185625,4534.47,648416.75,64.06,0,1,0,0,1,4534.47,356,713302.51,142.9972521595688,0.01412734013015854,163.34978937500003,3627.024,4047.296900090851,3964.0359252981225
2009-02-03,24.0,258.4799345833333,105.363035625,163.43772541666667,0.0,35.28359,95.04220916666667,78.66935645833334,61.93199791666667,4536.97,647736.32,69.52,0,1,0,0,1,4536.97,357,717839.48,142.7684820485919,0.015323001915375238,163.43772541666664,4534.47,4048.8226143765655,4003.6759252981224
2009-02-04,5.83334,270.12146876744714,104.63568685972359,165.40202131473563,0.0,19.548100769230768,104.71944745271148,54.99722333102476,72.99209542212523,384.26,56516.37,53.31,0,1,0,0,1,1580.9536217672894,358,718223.74,147.0784624993494,0.13873419039192214,165.40202131473566,4536.97,3673.165044092376,3939.8477126903654
2009-02-05,24.0,259.1628425,105.310928125,163.6590525,0.0,34.815896458333334,95.50379,78.28544395833333,62.419188541666664,4417.62,630778.17,81.55,0,1,0,0,1,4417.62,359,722641.36,142.78687845491464,0.018460166333908304,163.65905250000003,1580.9536217672894,3965.1853745381845,3986.177903166556
2009-02-06,24.0,258.76524958333334,105.35257916666667,163.691144375,0.0,35.23332,95.07410520833334,78.94888625,61.93848416666667,4501.76,646118.76,81.78,0,1,0,0,1,4501.76,360,727143.12,143.5258121268126,0.01816622831959056,163.69114437500002,4417.62,3960.375374538184,4025.907236499889
2009-02-07,24.0,259.32276875,105.36791666666667,164.3155625,0.0,34.84632916666666,95.00720625,76.40170854166666,61.995465833333334,4501.18,644354.38,66.28,0,1,0,0,1,4501.18,361,731644.3,143.15232450157512,0.014725027659413753,164.31556250000003,4501.76,3957.1396602524696,4074.145903166556
2009-02-08,24.0,260.1984210416667,105.371564375,164.382439375,0.0,35.18438895833334,95.81598166666667,78.97994729166666,62.63655645833333,4669.97,664681.95,71.29,0,1,0,0,1,4669.97,362,736314.27,142.33109634537266,0.015265622691366327,164.382439375,4501.18,4106.131945966756,4142.237569833223
2009-02-09,24.0,263.448445,105.32187375,163.82379895833333,0.0,32.372764583333336,99.62464604166667,78.87785145833334,66.77788770833334,3723.99,531370.47,85.72,0,1,0,0,1,3723.99,363,740038.26,142.68847929237188,0.023018321746298996,163.82379895833333,4669.97,3990.349088823899,4157.72223649989
2009-02-10,24.0,260.97640625,105.35792479166666,164.22191395833335,0.0,34.79708625,96.75449229166666,80.421588125,64.46898958333334,4416.34,659900.98,68.04,0,1,0,0,1,4416.34,364,744454.6,149.4225942748973,0.015406422512759435,164.22191395833335,3723.99,3973.116231681041,4192.925236499889
2009-02-11,24.0,261.4812327083333,105.36479895833334,164.35207083333333,0.0,34.69769291666667,97.129161875,80.2372,65.80480104166666,4379.88,629307.34,143.54,0,1,0,0,1,4379.88,365,748834.48,143.68141136286837,0.032772587376823106,164.35207083333333,4416.34,4372.9628571428575,4218.184569833223
2009-02-12,24.0,261.77163291666665,105.370673125,164.56267083333333,0.0,34.692380625,97.20896208333333,80.33520083333333,64.106863125,4440.7,631954.75,74.24,0,1,0,0,1,4440.7,366,753275.1799999999,142.3097146846218,0.01671808498660121,164.5626708333333,4379.88,4376.26,4235.52123649989
2009-02-13,21.75,263.8174697486161,105.31325345204138,164.73746992216093,0.0,32.25620822222222,99.07999982645518,78.18748196828047,66.37585357635402,3573.58,506865.09,91.37,0,0,0,0,1,3943.2606896551724,367,756848.7599999999,141.83678272208823,0.025568197717694863,164.7374699221609,4440.7,4296.474384236453,4239.378926155062
2009-02-14,24.0,261.77461854166665,105.386190625,165.29780270833334,0.0,35.23182666666667,96.47681583333333,78.01573416666666,63.406750625,4618.77,652096.63,80.78,0,1,0,0,1,4618.77,368,761467.5299999999,141.18404466990128,0.017489504781576046,165.29780270833334,3943.2606896551724,4313.272955665025,4245.036926155062
2009-02-15,24.0,262.41651583333334,105.38760916666666,165.23141375,0.0,34.87930854166667,97.18510208333333,79.67873479166667,64.46848020833333,4493.98,639392.16,88.04,0,0,0,0,1,4493.98,369,765961.5099999999,142.2774823207936,0.01959065238385574,165.23141375,4618.77,4288.131527093597,4241.650926155062
2009-02-16,22.0,263.5281309722727,105.36047892328182,165.49968706234546,0.0,33.597426444444444,98.02844390992728,79.29182948408636,65.06681446142272,3907.94,554563.46,84.73,0,1,0,0,1,4263.2072727272725,370,769869.4499999998,141.90685117990552,0.021681499715962886,165.49968706234546,4493.98,4365.162566054635,4237.550501912638
2009-02-17,24.0,263.04872020833335,105.3960325,165.64090854166668,0.0,34.95931520833334,97.40781166666666,79.25786395833333,64.207969375,4526.91,644169.06,95.76,0,1,0,0,1,4526.91,371,774396.3599999999,142.29773951768428,0.021153502057694985,165.6409085416667,4263.2072727272725,4380.958280340349,4235.776835245971
2009-02-18,24.0,263.49657625,105.40142354166667,165.91908333333333,0.0,34.817513125,97.57749291666667,78.52788395833333,64.437655,4515.1,641145.23,91.87,0,0,0,0,1,4515.1,372,778911.4599999998,142.0002281234081,0.020347279130030343,165.9190833333333,4526.91,4400.275423197492,4232.2465019126375
2009-02-19,24.0,263.90937833333334,105.40746291666666,166.19283729166668,0.0,34.8017075,97.71654104166667,77.436390625,64.59831708333333,4518.34,640332.13,81.64,0,1,0,0,1,4518.34,373,783429.7999999998,141.71844748292514,0.01806858270957918,166.19283729166665,4515.1,4411.366851768921,4228.362168579304
2009-02-20,24.0,264.38600145833334,105.41087270833333,166.21405729166668,0.0,34.779443125,98.17194416666666,78.439750625,64.98716916666666,4509.07,638750.17,108.74,0,1,0,0,1,4509.07,374,787938.8699999998,141.65896071695497,0.02411583763392451,166.21405729166668,4518.34,4492.196753246753,4231.6538162512015
2009-02-21,24.0,270.4249770833333,105.30019833333333,165.43186604166667,0.0,29.048313541666666,104.99311104166667,75.23033875,72.30009875,2905.92,414713.42,75.56,0,1,0,0,1,2905.92,375,790844.7899999998,142.71329561722277,0.02600209228058584,165.43186604166664,4509.07,4247.503896103896,4192.546996159524
2009-02-22,24.0,266.70908625,105.395959375,166.27352895833334,0.0,34.05479166666667,100.43555729166667,80.12176895833333,67.33043583333334,4319.02,612912.62,106.6,0,1,0,0,1,4319.02,376,795163.8099999998,141.91011386842385,0.02468152497557316,166.27352895833332,2905.92,4222.50961038961,4187.214329492856
2009-02-23,24.0,266.66713708333333,105.41051645833333,166.51305895833335,0.0,34.39536270833333,100.154078125,81.01014458333333,66.98642666666667,4417.66,625514.01,117.37,0,1,0,0,1,4417.66,377,799581.4699999999,141.59396829995973,0.026568364247135365,166.51305895833332,4319.02,4244.574285714286,4185.813329492857
2009-02-24,24.0,266.97374270833336,105.417456875,166.62701208333334,0.0,34.30708479166667,100.346730625,80.95543791666667,67.19413479166667,4367.33,622877.1,90.87,0,1,0,0,1,4367.33,378,803948.7999999998,142.62194521595575,0.020806762942117956,166.62701208333334,4417.66,4221.777142857143,4180.731996159523
2009-02-25,21.83334,269.70640503815724,105.35789689455667,166.92603957448563,0.0,31.054527555555556,102.78036546367161,76.54455552732655,69.95473743986032,3226.61,460948.01,118.99,0,1,0,0,1,3546.806855936838,379,807175.4099999998,142.85829709819285,0.03687771376150201,166.92603957448563,4367.33,4083.44955084812,4148.193891357418
2009-02-26,24.0,268.3431391666667,105.427655625,167.28479604166668,0.0,34.310338125,101.058343125,80.42018354166666,67.845646875,4411.9,628668.27,134.19,0,1,0,0,1,4411.9,380,811587.3099999998,142.49377139101068,0.03041546725900406,167.28479604166668,3546.806855936838,4068.243836562406,4144.3808913574185
2009-02-27,24.0,268.747546875,105.43754020833333,167.40175041666666,0.0,34.307170416666665,101.34579645833334,81.079165,68.186584375,4376.91,625510.25,152.76,0,1,0,0,1,4376.91,381,815964.2199999999,142.91138040306976,0.03490133450310836,167.4017504166667,4411.9,4049.3638365624056,4149.926004232197
2009-02-28,24.0,269.144045625,105.443265625,167.85080354166666,0.0,34.280672083333336,101.29324208333334,78.11803208333333,68.16041208333333,4417.91,626562.21,106.72,0,1,0,0,1,4417.91,382,820382.1299999999,141.82321731316392,0.024156218664481623,167.85080354166666,4376.91,4265.362407990977,4218.073748002886
2009-03-01,24.0,269.55958645833334,105.449826875,167.92766479166667,0.0,34.31704895833333,101.63192166666667,79.097096875,68.47889958333333,4396.74,628354.12,155.97,0,1,0,0,1,4396.74,383,824778.8699999999,142.91364056096108,0.03547401028944172,167.92766479166667,4417.91,4276.465265133834,4213.450748002886
2009-03-02,24.0,270.0015425,105.45504541666666,168.02475479166668,0.0,34.236873958333334,101.97678770833333,80.542516875,68.79162416666667,4381.09,623678.16,163.39,0,1,0,0,1,4381.09,384,829159.9599999998,142.3568472686021,0.03729437194853335,168.02475479166668,4396.74,4271.240979419548,4208.692748002886
2009-03-03,24.0,270.2912853191489,105.46357446808511,168.30508234042554,0.0,33.576103125,101.9862029787234,79.5545185106383,68.8008685106383,4339.13,616094.56,0.0,0,1,0,1,1,4339.13,385,833499.0899999999,141.98573446750848,0.0,168.30508234042554,4381.09,4267.212407990976,4232.429614669552
2009-03-04,24.0,270.43231770833336,105.46439770833334,168.440765625,0.0,34.33009333333333,101.99155208333333,77.75608875,68.80724270833333,4421.77,627149.49,63.56,0,1,0,0,1,4421.77,386,837920.8599999999,141.83222781827186,0.014374334259809985,168.44076562500004,4339.13,4392.207142857143,4228.672948002885
2009-03-05,14.0,275.3149200003929,105.2529733774,168.38663432827857,0.0,29.522301379310345,106.92828567211428,72.13522038941429,74.0580262802,1974.22,281263.48,18.19,0,1,0,0,1,3384.3771428571426,387,839895.0799999998,142.46815451165523,0.009213765436476179,168.3866343282786,4421.77,4245.418163265306,4190.2531860981235
2009-03-06,24.0,276.2379891666667,105.322049375,167.739088125,0.0,29.128674375,108.49890104166667,76.68978395833334,75.92248333333333,2987.89,427244.32,90.06,0,1,0,0,1,2987.89,388,842882.9699999999,142.99198430999803,0.03014167188216434,167.73908812500002,3384.3771428571426,4046.986734693877,4237.151065372547
2009-03-07,24.0,281.30456645833334,105.22121333333334,166.24339104166665,0.0,24.944216875,115.06117541666667,73.90295666666667,82.88957895833333,2208.96,316638.28,104.01,0,1,0,0,1,2208.96,389,845091.9299999998,143.34269520498336,0.047085506301607995,166.24339104166665,2987.89,3731.422448979592,4163.529065372548
2009-03-08,11.10833,281.6359350012738,105.22246261771122,166.45155181123536,0.0,24.157015652173914,115.18438319003846,73.08107805881713,82.9839687127048,969.01,139091.13,0.0,0,1,0,0,1,2093.585624481808,390,846060.9399999998,143.5394165178894,0.0,166.45155181123536,2208.96,3402.4003953341357,4083.256586188608
2009-03-09,7.5,289.8970086666667,103.42762666666667,176.27769866666668,0.0,4.906396666666667,113.61931,20.964868666666668,75.95548866666667,109.63,15874.53,0.0,0,1,0,0,1,350.816,391,846170.5699999998,144.8009668886254,0.0,176.2776986666667,2093.585624481808,2826.646966762707,3944.9111195219416
2009-03-10,21.22,277.61146,105.2164,166.8707,0.0,30.5,110.74076,66.18289,79.18144,2623.97,365586.5,91.12,0,1,0,0,1,2967.73232799246,392,848794.5399999998,139.32571637633052,0.03472600677599211,166.87070000000003,350.816,2630.733013618773,3888.169863788357
2009-03-11,8.80833,273.07673727639633,105.14198352963615,166.6351346088078,0.0,25.032403684210525,106.44160266758853,64.77656301292072,73.72824286600297,1185.05,165437.35,174.74,0,1,0,0,1,3228.8980998668308,393,849979.5899999999,139.6036876081178,0.1474536939369647,166.6351346088078,2967.73232799246,2460.322742171177,3871.666800450584
2009-03-12,19.85833,264.29524075046595,105.46302590679579,166.49010448102132,0.0,33.2298685,97.80513626944462,78.16956703620093,65.30392568239625,3349.12,468179.34,78.12,0,1,0,0,1,4047.615282856111,394,853328.7099999998,139.79174828014524,0.023325530288553414,166.49010448102132,3228.8980998668308,2555.0710478853152,3859.375976545788
2009-03-13,8.14167,261.6876509782514,105.1292900148004,168.68216443084773,0.0,33.2385005882353,93.00548654740366,65.51387875531678,60.235436801331915,1512.65,217677.63,63.53,0,1,0,0,1,4458.986915460834,395,854841.3599999999,143.9048226622153,0.041999140581099395,168.6821644308477,4047.615282856111,2765.2277500940063,3862.0128737278155
2009-03-14,24.0,255.08338833333335,105.55558458333333,167.40699770833334,0.0,39.19897041666667,87.676390625,80.67677770833333,54.83031583333333,4690.25,639509.9,54.58,0,1,0,0,1,4690.25,396,859531.6099999999,136.34878737807153,0.011636906348275678,167.40699770833334,4458.986915460834,3119.697750094006,3870.331207061149
2009-03-15,24.0,251.11796770833334,105.58153291666666,168.43902020833335,0.0,42.1991525,82.6789475,82.866373125,49.47399020833333,5220.21,718575.17,48.32,0,1,0,0,1,5220.21,397,864751.8199999998,137.65254079816714,0.009256332599646375,168.43902020833332,4690.25,3566.3583751680335,3912.896184072643
2009-03-16,24.0,245.33484041666668,105.61357229166667,170.41004479166668,0.0,47.253982916666665,74.924795625,81.3813675,41.26088,5534.9,760060.88,77.99,0,1,0,0,1,5534.9,398,870286.7199999999,137.32151981065604,0.014090588809192579,170.41004479166668,5220.21,4306.941803739463,3943.43385073931
2009-03-17,24.0,244.67267583333333,105.59469583333333,169.33132833333335,0.0,46.479014375,75.3413475,83.265134375,41.77783541666667,5634.32,778638.78,48.7,0,1,0,0,1,5634.32,399,875921.0399999998,138.1956970850076,0.008643456530690484,169.33132833333332,5534.9,4687.882899740539,3981.445184072643
2009-03-18,24.0,254.08735791666666,105.43195916666667,164.33156125,0.0,36.327493125,89.75579666666667,80.52428416666666,56.87934583333333,4546.78,636956.26,23.96,0,1,0,0,1,4546.78,400,880467.8199999998,140.08952709389942,0.005269663366162428,164.33156125,5634.32,4876.1517426167065,3990.8976083150674
2009-03-19,24.0,255.19799854166666,105.32410875,162.67290520833333,0.0,33.801169375,92.52509333333333,79.31202916666666,59.78771520833333,3976.45,556637.7,34.22,0,1,0,0,1,3976.45,401,884444.2699999998,139.98357831734336,0.00860566585773743,162.67290520833333,4546.78,4865.985273637262,3972.548941648401
2009-03-20,24.0,249.8079486803968,104.82469789348391,161.57985087574673,0.0,36.011544375,88.22809780465009,79.33616019057611,55.4655935833489,4539.29,633353.27,37.01,0,0,0,0,1,4539.29,402,888983.5599999998,139.52694584395357,0.00815325744775064,161.57985087574673,3976.45,4877.457142857143,3973.355274981734
2009-03-21,24.0,249.006763125,105.28814583333333,161.426600625,0.0,36.22385375,87.5801625,80.99018833333334,54.705250625,4427.82,618792.43,37.07,0,1,0,0,1,4427.82,403,893411.3799999998,139.75103549828134,0.00837206571179497,161.426600625,4539.29,4839.967142857143,3970.337941648401
2009-03-22,24.0,246.73932770833332,105.259125,160.76691583333334,0.0,36.462441041666665,85.972411875,80.583629375,53.067933958333334,4433.69,618703.76,34.73,0,1,0,0,1,4433.69,404,897845.0699999997,139.54601246365894,0.007833204396338039,160.76691583333331,4427.82,4727.607142857143,3967.825274981734
2009-03-23,24.0,244.06543166666665,105.240283125,160.19527104166667,0.0,37.100775416666664,83.870160625,80.392058125,50.870339375,4490.24,615693.19,33.39,0,1,0,0,1,4490.24,405,902335.3099999997,137.1181028185576,0.007436128135689852,160.19527104166667,4433.69,4578.37,4020.6359416484006
2009-03-24,24.0,242.67745770833332,105.20206520833334,159.25715875,0.0,36.767805,83.42029895833333,79.94175041666666,50.53880229166667,4379.47,611263.11,207.66,0,1,0,0,1,4379.47,406,906714.7799999997,139.57467684445834,0.047416696540905634,159.25715874999997,4490.24,4399.105714285714,4022.650941648401
2009-03-25,3.69167,244.29554346393365,105.172162772458,158.4869822202147,0.0,30.82989,85.80856124371897,76.52092532049181,53.25011303350516,505.63,72083.06,7.34,0,1,0,0,1,3287.162720394835,407,907220.4099999997,142.56088444119217,0.014516543717738266,158.48698222021468,4379.47,4219.1603886278335,3984.9676989948953
2009-03-26,0.0,263.67977,101.24753,257.1816,0.0,30.82989,6.49817,5.68576,5.66434,0.0,0.0,0.0,1,1,1,0,1,0.0,408,907220.4099999997,,,257.1816,3287.162720394835,3651.096102913548,3839.3900323282287
2009-03-27,0.0,264.02827,100.69759,257.44338,0.0,30.82989,6.58489,5.98422,6.16284,0.0,0.0,0.0,1,1,1,0,1,0.0,409,907220.4099999997,,,257.44338000000005,0.0,3002.626102913548,3721.1631371303342
2009-03-28,0.0,264.33352,100.36409,260.53875,0.0,30.82989,3.79477,5.71089,3.68015,0.0,0.0,0.0,1,1,1,0,1,0.0,410,907220.4099999997,,,260.53875,0.0,2370.0803886278336,3574.0998037970003
2009-03-29,0.0,178.24863,67.21769,140.64954,0.0,30.82989,37.59909,3.83635,37.52171,0.0,0.0,0.0,1,0,1,0,1,0.0,411,907220.4099999997,,,140.64954,0.0,1736.6961029135477,3428.202803797001
2009-03-30,4.475,261.9101800129162,102.627411155419,167.09945332565363,0.0,11.909011818181819,94.81072668726257,25.904336121184357,67.23994531517319,155.26,18731.26,0.0,0,0,0,0,1,832.6793296089386,412,907375.6699999997,120.64446734509855,0.0,167.09945332565366,0.0,1214.1874357148247,3308.6951147839654
2009-03-31,24.0,247.088315625,105.02659791666666,158.98367541666667,0.0,33.814043125,88.10464020833334,74.81581854166667,55.591448125,3650.9,531195.56,31.46,0,1,0,0,1,3650.9,413,911026.5699999997,145.4971541263798,0.008617053329316058,158.98367541666667,832.6793296089386,1110.1060071433963,3283.8337814506317
2009-04-01,24.0,246.18973208333333,105.08725,158.46774708333334,0.0,33.746319166666666,87.721985,76.91320270833333,55.33950291666667,3515.99,497247.67,32.39,0,1,0,0,1,3515.99,414,914542.5599999997,141.42465422256606,0.009212199124570889,158.46774708333334,3650.9,1142.7956185155624,3254.9971147839656
2009-04-02,24.0,244.240213125,105.105706875,158.48484125,0.0,35.10134583333333,85.755371875,78.127053125,53.212666041666665,3831.97,536264.98,33.0,0,1,0,0,1,3831.97,415,918374.5299999997,139.94498391166945,0.008611758442785304,158.48484125,3515.99,1690.2199042298485,3238.091781450632
2009-04-03,24.0,241.565635625,105.14321,158.6407975,0.0,36.764352083333335,82.924838125,78.758338125,50.12854229166667,4211.6,594143.35,37.78,0,1,0,0,1,4211.6,416,922586.1299999997,141.0730719916421,0.008970462532054326,158.64079750000002,3831.97,2291.877047086991,3231.0861147839655
2009-04-04,24.0,142.19539375,62.09741270833333,59.92950416666667,0.0,36.915851875,82.26588958333333,79.01730354166666,49.444290208333335,4266.19,603057.78,39.67,0,1,0,0,1,4266.19,417,926852.3199999996,141.35745946617476,0.00929869508859193,59.92950416666666,4211.6,2901.3327613727056,3260.479876688727
2009-04-05,22.19167,0.0,0.0,81.85864155290251,0.0,36.06817377777778,81.85864155290251,78.89027411638692,49.16796578759507,3873.72,547078.74,33.73,0,1,0,0,1,4189.3773654709175,418,930726.0399999996,141.22826120628233,0.008707392377353036,-81.85864155290251,4266.19,3499.815242154265,3300.5294555377577
2009-04-06,0.0,0.0,0.0,0.0,0.0,36.06817377777778,0.0,19.68789,0.20363,0.0,0.0,0.0,1,1,1,0,1,0.0,419,930726.0399999996,,,0.0,4189.3773654709175,3380.8610522101308,3226.8974555377577
2009-04-07,0.0,118.09809,45.84811,118.09809,0.0,36.06817377777778,0.0,7.75621,0.49513,0.0,0.0,0.0,1,1,1,0,1,0.0,420,930726.0399999996,,,118.09809,0.0,2859.303909352988,3157.111268055031
2009-04-08,18.69167,238.77929690149142,104.85513694412003,157.36873874697125,0.0,34.8898047368421,81.41055815452017,71.64145441347938,48.93011470293987,2903.01,402186.22,6.67,0,1,0,0,1,3727.4486442356415,421,933629.0499999996,138.54110733342287,0.0022976152338434934,157.36873874697125,0.0,2889.512287100937,3269.6656895295523
2009-04-09,15.58334,156.70460375223155,68.81027777977636,74.24205929103773,0.0,32.956921875,82.46254446119381,71.9922475919668,50.46359371825295,2094.72,291446.14,2.62,0,1,0,0,1,3226.091454078522,422,935723.7699999996,139.13369805988393,0.001250763825236786,74.24205929103773,3727.4486442356415,2802.9582091121547,3278.2776603990874
2009-04-10,0.80833,0.0,0.0,86.93054830329197,0.0,21.54291,86.93054830329197,73.89180923830614,54.3522184549627,50.65,7190.41,0.05,0,1,0,0,1,1503.8412529536206,423,935774.4199999996,141.96268509378086,0.000987166831194472,-86.93054830329197,3226.091454078522,2416.1355309626715,3220.7757655019805
2009-04-11,0.0,0.0,0.0,0.0,0.0,21.54291,0.0,8.54702,0.23348,0.0,0.0,0.0,1,1,1,0,1,0.0,424,935774.4199999996,,,0.0,1503.8412529536206,1806.6798166769572,3085.8552560734433
2009-04-12,13.85833,0.0,0.0,79.38595736506491,0.0,34.44932607142857,79.38595736506491,71.228732984768,47.091022370538155,2063.32,286054.45,3.05,0,1,0,0,1,3573.279031456171,425,937837.7399999995,138.63794757962893,0.0014782001822305796,-79.38595736506491,0.0,1718.6657689605652,3056.3316599399545
2009-04-13,24.0,0.0,0.0,77.48749916666667,0.0,36.92984875,77.48749916666667,78.89069145833334,44.836729166666665,3941.13,540977.58,7.7,0,1,0,0,1,3941.13,426,941778.8699999995,137.2645865525877,0.0019537543800889593,-77.48749916666667,3573.279031456171,2281.6843403891367,3031.360993273288
2009-04-14,24.0,0.0,0.0,76.39833479166667,0.0,37.222699166666665,76.39833479166667,79.57044479166667,43.701660625,3975.77,543293.15,2.65,0,1,0,0,1,3975.77,427,945754.6399999995,136.6510512429039,0.0006665375512164939,-76.39833479166667,3941.13,2849.6514832462794,2989.879659939955
2009-04-15,4.475,0.0,0.0,76.65353581760894,0.0,34.275813,76.65353581760894,79.60404052677094,44.062157480603354,651.67,95907.56,0.27,0,1,0,0,1,3494.9899441340785,428,946406.3099999996,147.17197354489235,0.0004143201313548269,-76.65353581760894,3975.77,2816.4430975174846,2921.8826580777577
2009-04-16,17.525,126.43825649072753,57.94586305278174,49.45505973849358,0.0,33.94020416666667,76.98319675223395,70.60123686369758,44.686934870887306,2452.26,337254.14,1.42,0,1,0,0,1,3358.3018544935812,429,948858.5699999996,137.5278885599406,0.0005790576855635209,49.455059738493574,3494.9899441340785,2835.330297576779,2846.015386560877
2009-04-17,24.0,227.88715708333334,105.01978833333334,154.01836645833333,0.0,38.04886979166667,73.868790625,78.30510916666667,41.10793375,4018.0,544108.28,2.66,0,1,0,0,1,4018.0,430,952876.5699999996,135.41769039323046,0.000662020905923345,154.01836645833333,3358.3018544935812,3194.4958328691187,2828.389386560877
2009-04-18,10.47499,230.89744401500144,104.81973273061836,155.60519869035676,0.0,33.48494681818182,75.2922453246447,72.27905055602918,42.902624915470085,1417.68,195564.93,0.64,0,1,0,0,1,3248.148208256046,431,954294.2499999997,137.94716014897577,0.0004514417922239151,155.60519869035676,4018.0,3658.5170054771256,2804.112660169412
2009-04-19,3.19167,238.39156789730768,103.9417671030213,157.56424967656432,0.0,24.177104285714286,80.82731822074338,49.80040344180319,49.866809625305876,217.49,30334.9,0.08,0,1,0,0,1,1635.4322345355254,432,954511.7399999996,139.47721734332612,0.0003678330038162674,157.56424967656432,3248.148208256046,3381.681748774176,2707.3174013205958
2009-04-20,24.0,161.16830916666666,75.02629375,88.81020729166667,0.0,38.39619270833333,72.358101875,78.24900145833334,39.642989791666665,3990.32,539753.59,2.5,0,1,0,0,1,3990.32,433,958502.0599999996,135.2657405922332,0.0006265161691292928,88.81020729166666,1635.4322345355254,3388.7088916313187,2692.7340679872627
2009-04-21,24.0,223.68735958333335,105.02790083333333,153.20818291666666,0.0,39.18240458333333,70.47917666666666,75.59667895833333,37.68213541666667,4074.51,549278.23,2.76,0,1,0,0,1,4074.51,434,962576.5699999996,134.8084137724536,0.000677382065573529,153.2081829166667,3990.32,3402.8146059170326,2680.761401320596
2009-04-22,22.83334,228.3243316021353,104.94850713595558,152.75882170255863,0.0,32.78744553191489,75.56550989957667,74.663254073101,43.12955692940674,2868.86,396006.07,6.65,0,1,0,0,1,3015.4432071698666,435,965445.4299999996,138.03603870526968,0.0023179939069874443,152.75882170255863,4074.51,3334.3079292078596,2631.6015082262584
2009-04-23,24.0,222.06801645833335,105.03583229166667,152.53997541666666,0.0,39.64154333333333,69.52804104166667,77.38265833333334,36.66299791666667,4074.46,550962.02,2.9,0,1,0,0,1,4074.46,436,969519.8899999995,135.22332284523594,0.0007117507596098624,152.53997541666666,3015.4432071698666,3436.616235708777,2621.434508226258
2009-04-24,24.0,220.98658770833333,105.05123,152.34403625,0.0,39.777585625,68.64255145833333,75.049100625,35.796742916666666,4092.66,551400.92,3.16,0,1,0,0,1,4092.66,437,973612.5499999996,134.7292274462086,0.0007721139796611496,152.34403625,4074.46,3447.2819499944912,2648.28441754643
2009-04-25,24.0,220.16600895833332,105.055210625,152.00118666666665,0.0,39.873875625,68.16482229166667,74.826539375,35.32154333333333,4090.03,552159.1,3.38,0,0,0,0,1,4090.03,438,977702.5799999996,135.00123470976985,0.0008263998063583885,152.00118666666665,4092.66,3567.5507773864842,2784.618750879764
2009-04-26,24.0,219.44362104166666,105.058664375,151.679409375,0.0,40.039411875,67.76421166666667,76.14300666666666,34.913850208333336,4103.63,551448.45,3.03,0,1,0,0,1,4103.63,439,981806.2099999996,134.38064591593294,0.0007383706620723603,151.67940937499998,4090.03,3920.150458167124,2921.4064175464305
2009-04-27,24.0,219.075891875,105.057386875,151.37038520833335,0.0,39.71146041666667,67.70550666666666,74.906633125,34.896559375,4054.31,546555.88,3.88,0,1,0,0,1,4054.31,440,985860.5199999997,134.8086061499984,0.0009570062476722303,151.37038520833335,4103.63,3929.2918867385524,3056.5500842130973
2009-04-28,24.0,218.82024319148937,105.0676114893617,151.18461042553193,0.0,38.923204166666665,67.63563276595745,77.0186755319149,34.80858170212766,4021.8,542607.01,7.65,0,1,0,0,1,4021.8,441,989882.3199999997,134.91645780496296,0.001902133373116515,151.1846104255319,4054.31,3921.7618867385527,3190.6100842130973
2009-04-29,24.0,218.58343,105.07708104166667,151.10224875,0.0,39.938743125,67.48118125,77.344151875,34.64454895833333,4052.58,547817.04,3.1,0,1,0,0,1,4052.58,442,993934.8999999997,135.17735368580017,0.0007649448005961635,151.10224875,4021.8,4069.924285714286,3297.9401065594657
2009-04-30,24.0,218.59270319148936,105.0864785106383,151.12924978723404,0.0,39.24830145833333,67.46345340425532,77.78387872340426,34.63510191489362,4035.73,546557.59,3.08,0,0,0,0,1,4035.73,443,997970.6299999997,135.42967195525964,0.0007631828690224569,151.12924978723404,4052.58,4064.3914285714286,3310.7677732261322
2009-05-01,24.0,218.6940325,105.09878958333333,151.43403145833332,0.0,40.123133958333334,67.26000104166667,75.58576979166666,34.424289791666666,4081.53,550609.59,2.92,0,0,0,0,1,4081.53,444,1002052.1599999997,134.90274235397018,0.0007154179927625179,151.43403145833332,4035.73,4062.8014285714285,3329.6191065594658
2009-05-02,24.0,218.84400708333334,105.10604229166667,151.34946916666667,0.0,40.11622333333333,67.49453791666667,77.75817333333333,34.62566041666667,4066.61,550195.52,2.5,0,0,0,0,1,4066.61,445,1006118.7699999997,135.2958655981272,0.000614762664725656,151.34946916666667,4081.53,4059.4557142857147,3337.440439892799
2009-05-03,24.0,218.82599854166668,105.11383666666667,151.49312854166666,0.0,40.322929375,67.33287,77.772025625,34.437139583333334,4081.26,552464.51,3.14,0,1,0,0,1,4081.26,446,1010200.0299999997,135.36616388076231,0.0007693702435032318,151.4931285416667,4066.61,4056.2599999999998,3333.095773226132
2009-05-04,2.30833,222.47331622675267,105.11430526549496,151.31695114623992,0.0,33.63596,71.15636508051276,76.73359133395138,38.71566360065502,412.42,51425.66,0.28,0,1,0,0,1,4287.983087340198,447,1010612.4499999997,124.6924494447408,0.000678919548033558,151.31695114623992,4081.26,4089.641869620028,3333.8222094708053
2009-05-06,20.69167,224.9400850044148,104.79953515708495,153.13607992719292,0.0,35.91549809523809,71.8040050772219,70.19747997402337,39.7553343772494,3306.81,448561.02,2.22,0,1,0,0,2,3835.5260836848843,449,1013919.2599999998,135.647654385949,0.0006713418672376097,153.1360799271929,4287.983087340198,4063.031310146441,3322.0271667446045
2009-05-07,23.66667,222.9827514786322,105.06371032732531,152.16282464023456,0.0,37.9365875,70.81992683839763,75.99547881313678,37.97940596424846,3702.99,527302.52,14.42,0,1,0,0,1,3755.1442598388367,450,1017622.2499999998,142.39912071056094,0.0038941504027826166,152.16282464023456,3835.5260836848843,4020.540490123417,3447.1986420725657
2009-05-08,24.0,221.78616875,105.10453479166667,152.490038125,0.0,39.514876875,69.296130625,75.53520583333334,36.45268041666667,4081.41,549963.51,12.03,0,1,0,0,1,4081.41,451,1021703.6599999998,134.74841047579147,0.0029475107867134153,152.490038125,3755.1442598388367,4027.066204409131,3583.2456420725657
2009-05-09,24.0,223.10326645833334,105.10655458333333,152.443904375,0.0,38.559823333333334,70.65936208333333,76.07902208333333,37.94333291666667,3931.18,539574.28,11.08,0,1,0,0,1,3931.18,452,1025634.8399999999,137.25504301507436,0.0028184921575710093,152.443904375,4081.41,4005.58763298056,3590.036687264711
2009-05-10,24.0,221.83743375,105.13406916666666,152.80681416666667,0.0,40.15516208333333,69.03061958333333,78.94921791666667,36.07558,4150.8,562721.49,2.9,0,1,0,0,1,4150.8,453,1029785.6399999999,135.56940589765827,0.0006986604991808807,152.80681416666667,3931.18,4017.6147758377024,3620.8603054620935
2009-05-11,24.0,131.50938291666668,62.529313333333334,63.539250833333334,0.0,41.25630916666667,67.97013208333334,80.12254458333334,34.85446520833333,4241.75,575312.38,18.76,0,1,0,0,1,4241.75,454,1034027.3899999999,135.63090233983615,0.004422702893852774,63.53925083333334,4150.8,4040.541918694845,3712.12393036364
2009-05-12,24.0,221.37963520833333,105.17164,153.22500041666666,0.0,41.282891875,68.15463479166667,80.51007645833333,35.03525208333333,4239.18,577434.28,20.87,0,1,0,0,1,4239.18,455,1038266.57,136.21367339910077,0.0049231219245231385,153.22500041666666,4241.75,4033.5700490748172,3853.4299303636403
2009-05-13,24.0,221.81550333333334,105.18253041666667,153.442323125,0.0,41.25739541666667,68.37318020833334,80.64595041666666,35.240141875,4197.86,574295.9,14.92,0,1,0,0,1,4197.86,456,1042464.4299999999,136.8068253824568,0.0035541918977764863,153.442323125,4239.18,4085.332037119834,3874.2492959817673
2009-05-14,24.0,222.22633875,105.19342229166666,153.78200604166668,0.0,41.271789375,68.44433270833333,79.99961,35.292248125,4211.25,576830.95,104.06,0,1,0,0,1,4211.25,457,1046675.6799999999,136.9738082517067,0.024710002968239834,153.78200604166665,4197.86,4150.49,3883.253295981767
2009-05-15,24.0,222.63194166666668,105.20443125,154.17022395833334,0.0,41.307917708333335,68.46171770833334,77.96134333333333,35.31058958333333,4233.1,581687.19,84.31,0,1,0,0,1,4233.1,458,1050908.78,137.41399683447116,0.019916845810398997,154.17022395833334,4211.25,4172.160000000001,3891.830962648434
2009-05-16,24.0,222.99936729166666,105.21656875,154.261685,0.0,41.286305625,68.73768229166667,77.50533520833334,35.581226875,4237.94,583860.51,104.19,0,1,0,0,1,4237.94,459,1055146.72,137.76988584076227,0.02458505783470271,154.261685,4233.1,4215.982857142857,3916.5959645106313
2009-05-17,24.0,223.10107020833334,105.23460541666667,154.58998291666666,0.0,41.334533125,68.51108729166667,75.12216604166667,35.36398166666667,4244.23,585468.54,104.3,0,1,0,0,1,4244.23,460,1059390.95,137.94458358760014,0.024574540022571822,154.58998291666666,4237.94,4229.33,3946.1269026941786
2009-05-18,24.0,223.2921725,105.25352145833334,154.63930958333333,0.0,41.32717041666667,68.65286291666666,78.64054333333333,35.49874875,3759.11,519316.88,127.1,0,1,0,0,1,3759.11,461,1063150.06,138.14889162594338,0.033811194671079056,154.63930958333333,4244.23,4160.381428571429,3937.497236027512
2009-05-19,24.0,223.37083229166666,105.26895729166667,154.79146729166666,0.0,41.32175625,68.579365,79.49497895833333,35.43884645833333,3967.32,548750.04,110.41,0,1,0,0,1,3967.32,462,1067117.3800000001,138.3175645019812,0.02782987003821219,154.79146729166666,3759.11,4121.544285714286,3961.469629085644
2009-05-20,24.0,223.581745625,105.28575291666667,155.00404979166666,0.0,41.306411875,68.57769583333334,80.52795833333333,35.438415416666665,3972.97,548982.34,148.53,0,1,0,0,1,3972.97,463,1071090.35,138.17933183487415,0.037385130016083686,155.00404979166666,3967.32,4089.4171428571426,4039.3875546011263
2009-05-21,24.0,223.789333125,105.30345354166667,155.309765,0.0,41.330418125,68.479568125,80.94447166666667,35.317111041666664,3994.95,550388.29,153.09,0,1,0,0,1,3994.95,464,1075085.3,137.77100839810262,0.038320880111140314,155.30976500000003,3972.97,4058.5171428571425,4039.5418879344597
2009-05-22,24.0,223.49512125,105.32679208333333,155.73165104166668,0.0,41.94327104166667,67.76347020833333,81.67156333333334,34.495436875,4063.22,557964.5,190.35,0,1,0,0,1,4063.22,465,1079148.52,137.3207702265691,0.046847081871028394,155.73165104166668,3994.95,4034.2485714285713,4039.165554601126
2009-05-23,24.0,223.556181875,105.348455,156.21049666666667,0.0,42.319341875,67.34568520833334,81.596814375,34.04405020833333,4123.37,565775.96,192.65,0,1,0,0,1,4123.37,466,1083271.8900000001,137.21202802561982,0.04672149237153106,156.21049666666664,4063.22,4017.8814285714284,4076.0964476954637
2009-05-24,24.0,223.96805,105.36344770833334,156.539793125,0.0,42.26144479166667,67.428256875,81.36145083333334,34.13432708333333,4136.45,567519.04,208.58,0,1,0,0,1,4136.45,467,1087408.34,137.1995406689311,0.05042488123874337,156.53979312500002,4123.37,4002.4842857142858,4078.1627810287973
2009-05-25,24.0,225.18591083333334,105.36983541666666,156.76827,0.0,41.404428125,68.41764083333334,80.74812083333333,35.24128979166667,4030.16,554095.56,219.01,0,1,0,0,1,4030.16,468,1091438.5,137.48723623875978,0.05434275562260556,156.76827,4136.45,4041.2057142857143,4076.079447695464
2009-05-26,24.0,225.61826895833335,105.380870625,157.17115958333332,0.0,41.324209375,68.447109375,79.74271354166666,35.30072125,4024.79,552634.43,230.64,0,1,0,0,1,4024.79,469,1095463.29,137.30764338015152,0.05730485317246365,157.17115958333335,4030.16,4049.415714285714,4073.904781028797
2009-05-27,24.0,226.01568354166668,105.39355291666666,157.377558125,0.0,41.3015175,68.63812541666667,80.521449375,35.510847291666664,4028.53,553345.93,259.77,0,1,0,0,1,4028.53,470,1099491.82,137.35678522935166,0.06448257801232707,157.377558125,4024.79,4057.3528571428574,4071.4014476954635
2009-05-28,24.0,226.489223125,105.40379520833334,157.67623854166666,0.0,41.256096041666666,68.81298458333333,81.61455645833334,35.773415416666666,4023.55,553235.27,287.96,0,0,0,0,1,4023.55,471,1103515.37,137.49929042760746,0.07156863963415391,157.67623854166666,4028.53,4061.4385714285713,4070.3761143621305
2009-05-29,24.0,229.91302270833333,105.377715625,157.566890625,0.0,38.44231479166667,72.34613208333333,79.15520291666667,39.72066791666666,3653.89,522179.16,252.35,0,1,0,0,1,3653.89,472,1107169.26,142.91047623217995,0.06906338176573461,157.56689062499998,4023.55,4002.962857142857,4058.1124476954637
2009-05-30,24.0,230.22538354166667,105.35322458333333,157.225119375,0.0,37.791156666666666,73.00026416666667,80.52630041666667,40.52646875,3496.61,482178.75,279.22,0,1,0,0,1,3496.61,473,1110665.87,137.89892209883286,0.07985448763230672,157.22511937500002,3653.89,3913.425714285714,4039.58011436213
2009-05-31,24.0,229.73503166666666,105.345725,157.09201708333333,0.0,37.74820354166667,72.64301458333334,81.46098833333333,40.164086875,3479.8,480474.83,277.49,0,1,0,0,1,3479.8,474,1114145.6700000002,138.0754152537502,0.07974308868325766,157.0920170833333,3496.61,3819.618571428571,4021.0491143621307
2009-06-01,24.0,229.2729775,105.34099604166667,156.89776041666667,0.0,37.767657291666666,72.37521708333334,81.75268270833334,39.88052125,3442.3,475742.46,278.73,0,1,0,0,1,3442.3,475,1117587.9700000002,138.20482235714493,0.08097202451849055,156.89776041666664,3479.8,3735.6385714285716,3999.741447695464
2009-06-02,24.0,229.25574895833333,105.34300916666666,156.94702270833332,0.0,37.776930416666666,72.30872625,81.271741875,39.84205541666667,3413.78,470984.55,128.49,0,1,0,0,1,3413.78,476,1121001.7500000002,137.96570077743732,0.03763862931999133,156.94702270833332,3442.3,3648.3514285714286,3977.980447695464
2009-06-03,24.0,228.67671291666667,105.32865229166667,156.885585,0.0,37.78974354166667,71.79112791666667,78.62276229166666,39.354152291666665,2994.6,409045.34,186.7,0,0,0,0,1,2994.6,477,1123996.3500000003,136.59431643625194,0.06234555533293261,156.885585,3413.78,3500.6471428571426,3941.7584476954644
2009-06-04,24.0,227.83973791666668,105.31629,156.46035854166666,0.0,37.925739375,71.379379375,80.32588583333333,38.96373833333333,3352.53,456955.83,104.45,0,0,0,0,1,3352.53,478,1127348.8800000004,136.30178700861737,0.031155575043325487,156.46035854166666,2994.6,3404.787142857143,3910.576678117458
2009-06-05,24.0,226.27440604166668,105.31796979166667,156.24696958333334,0.0,38.47845541666667,70.02743645833333,81.06613041666667,37.51534604166667,3369.57,460247.78,79.52,0,0,0,0,1,3369.57,479,1130718.4500000004,136.5894698730105,0.023599450374973657,156.24696958333334,3352.53,3364.1700000000005,3895.0448086612946
2009-06-06,21.64999,228.89151142730782,105.23663327542414,156.57287967170424,0.0,34.148963555555554,72.31863175560358,75.90847184305859,40.58562339609857,2702.0,368496.38,99.3,0,0,0,0,1,2995.2900671085763,480,1133420.4500000004,136.37911917098447,0.036750555144337525,156.57287967170424,3369.57,3292.552866729797,3869.716335570286
2009-06-07,24.0,224.91341895833332,105.29112854166667,155.84817625,0.0,38.71770645833333,69.06524270833333,79.584600625,36.364485625,3439.9,459880.12,177.73,0,0,0,0,1,3439.9,481,1136860.3500000003,133.6899677316201,0.051667199627896156,155.84817625,2995.2900671085763,3286.852866729797,3848.332668903619
2009-06-08,24.0,222.90287104166666,105.31029020833333,155.498705,0.0,39.78460625,67.40416604166667,81.25900229166666,34.660793958333336,3497.78,469527.14,109.23,0,0,0,0,1,3497.78,482,1140358.1300000004,134.23575525047315,0.03122837914334235,155.49870499999997,3439.9,3294.778581015511,3833.8860022369527
2009-06-09,24.0,222.306020625,105.30487666666667,155.072986875,0.0,39.511993125,67.23303375,81.45102729166666,34.561794791666664,3443.71,467107.5,18.74,0,1,0,0,1,3443.71,483,1143801.8400000003,135.64077695276316,0.005441805494655473,155.072986875,3497.78,3299.0542953012255,3810.316335570286
2009-06-10,24.0,221.035030625,105.30362354166667,154.72419208333332,0.0,39.80266833333334,66.31083854166667,81.472134375,33.691729583333334,3451.46,465749.31,18.77,0,1,0,0,1,3451.46,484,1147253.3000000003,134.9426938165298,0.005438278293823483,154.72419208333332,3443.71,3364.3200095869397,3783.9733355702856
2009-06-11,22.66666,222.93580800490236,105.23997568071785,154.68193741198306,0.0,35.771483829787236,68.2538705929193,78.75803264866107,35.74464026117655,3108.44,436855.72,17.69,0,1,0,0,1,3291.290379791288,485,1150361.7400000002,140.53857240287732,0.005690957522101118,154.68193741198306,3451.46,3355.5714924142662,3752.377014896662
2009-06-12,24.0,219.34035604166667,105.29680291666666,154.35213270833333,0.0,40.27267333333333,64.98822333333334,81.22881104166666,32.375981458333335,3768.1,527805.4,21.4,0,0,0,0,1,3768.1,486,1154129.8400000003,140.07202568933945,0.0056792547968472174,154.35213270833333,3291.290379791288,3412.5043495571235,3738.051681563329
2009-06-13,22.33333,221.26215730441453,105.2479100158015,154.1903752641008,0.0,36.846015217391304,67.07178204031374,79.43782927871034,34.58998285216311,3178.3,450332.7,17.95,0,1,0,0,1,3415.48707693837,487,1157308.1400000004,141.68980272472706,0.005647673284460246,154.1903752641008,3768.1,3472.532493818522,3711.526250794608
2009-06-14,11.64167,218.77395412997447,105.2968392599,154.20590743936222,0.0,38.64669,64.56804669061226,81.30087305660614,31.962414970051547,1760.34,249065.38,12.02,0,1,0,0,1,3629.0463481613892,488,1159068.4800000004,141.48708772169013,0.0068282263653612375,154.2059074393622,3415.48707693837,3499.5534006987214,3691.391129066654
2009-06-15,13.60833,204.8916931761649,96.99826172645724,135.39057621618522,0.0,33.79085535714286,69.50111695997965,72.8372031195966,37.50220269049178,1724.89,248079.85,12.74,0,1,0,0,1,3042.0602674979227,489,1160793.3700000003,143.8235771556447,0.007385978236293328,135.39057621618525,3629.0463481613892,3434.4505817698528,3651.5284713165847
2009-06-16,24.0,220.69943791666665,105.21679604166667,152.38696583333333,0.0,36.680201875,68.31247208333333,79.88503875,36.01268145833333,3145.29,445722.63,287.17,0,1,0,0,1,3145.29,490,1163938.6600000004,141.7111395133676,0.09130159699105647,152.3869658333333,3042.0602674979227,3391.819153198424,3614.8971379832515
2009-06-17,24.0,219.02184229166667,105.23084416666667,152.24621375,0.0,37.486600208333336,66.77562854166666,78.50231583333333,34.413164375,3483.91,487515.35,349.17,0,1,0,0,1,3483.91,491,1167422.5700000003,139.93339380179165,0.10022359934671103,152.24621375,3145.29,3396.4548674841385,3605.7238046499183
2009-06-18,24.0,216.927236875,105.25772395833333,151.980754375,0.0,38.31769958333334,64.9464825,79.81481708333334,32.46535,3494.02,498257.23,435.69,0,1,0,0,1,3494.02,492,1170916.5900000003,142.60285573637242,0.12469590901025181,151.980754375,3483.91,3425.416241799669,3589.9471379832517
2009-06-19,24.0,215.26922833333333,105.27237375,151.831781875,0.0,39.44111875,63.43744645833333,80.631546875,30.84672875,3560.14,510798.71,378.9,0,1,0,0,1,3560.14,493,1174476.7300000002,143.47714134837395,0.10642839888318999,151.831781875,3494.02,3395.707670371097,3576.1861379832512
2009-06-20,24.0,211.85529,105.31581041666666,151.852521875,0.0,42.23622520833333,60.002768125,81.48809333333334,27.198500625,3745.56,535961.19,336.28,0,1,0,0,1,3745.56,494,1178222.2900000003,143.09240540800306,0.08978096733198773,151.85252187499998,3560.14,3442.860945094187,3567.8731379832516
2009-06-21,24.0,219.31746354166665,105.246290625,151.37526395833333,0.0,35.306401666666666,67.94219958333333,79.89643604166666,35.90770166666667,2777.63,397796.78,272.45,0,1,0,0,1,2777.63,495,1180999.9200000002,143.21445980926185,0.09808721824001036,151.37526395833333,3745.56,3321.230038213989,3525.0201379832515
2009-06-22,24.0,219.063423125,105.23318041666667,151.39300958333334,0.0,35.71535729166666,67.67041354166666,79.465075,35.638188125,2774.05,398807.86,268.44,0,1,0,0,1,2774.05,496,1183773.9700000002,143.76376056668047,0.09676826300895801,151.39300958333337,2777.63,3282.942857142857,3480.042804649918
2009-06-23,24.0,218.98811166666667,105.23193354166666,151.4138475,0.0,35.74511458333333,67.57426416666667,80.03957208333334,35.572959166666664,2807.65,403348.17,317.03,0,1,0,0,1,2807.65,497,1186581.62,143.66041707477783,0.11291649600199453,151.4138475,2774.05,3234.7085714285718,3435.749471316585
2009-06-24,24.0,219.02638708333333,105.23336875,151.44061979166668,0.0,35.738222916666665,67.58576729166667,79.97361541666666,35.61563270833334,2811.94,403666.11,278.82,0,1,0,0,1,2811.94,498,1189393.56,143.55431125841946,0.09915574301016379,151.44061979166668,2807.65,3138.7128571428575,3395.142137983252
2009-06-25,24.0,223.25763083333334,105.19063729166666,151.87121604166666,0.0,32.29761479166667,71.38641479166667,77.83166416666667,39.824645625,2454.11,351874.86,236.93,0,1,0,0,1,2454.11,499,1191847.6700000002,143.3818614487533,0.09654416468699446,151.87121604166668,2811.94,2990.154285714286,3342.786137983252
2009-06-26,24.0,228.58117479166665,105.09516208333334,152.345169375,0.0,28.067234166666665,76.23600541666667,75.18742770833333,45.036331875,1854.16,268924.1,171.03,0,1,0,0,1,1854.16,500,1193701.83,145.03823833973334,0.09224123053026707,152.34516937499998,2454.11,2746.4428571428575,3270.307137983252
2009-06-27,24.0,228.74058833333333,105.07358833333333,152.31141875,0.0,28.175889791666666,76.42916958333333,74.74263104166667,45.212505416666666,1774.82,256988.73,284.01,0,1,0,0,1,1774.82,501,1195476.6500000001,144.79706674479667,0.16002186137185742,152.31141875,1854.16,2464.9085714285716,3195.349471316585
2009-06-28,24.0,228.92045479166666,105.07118854166667,152.38515,0.0,28.216795416666667,76.53530479166666,75.71439979166666,45.28166770833333,1755.46,253941.55,256.61,0,0,0,0,1,1755.46,502,1197232.11,144.6581237966117,0.14617820970002166,152.38515,1774.82,2318.8842857142854,3132.0684713165847
2009-06-29,24.0,228.98714916666665,105.06616333333334,152.358604375,0.0,28.156769375,76.62854479166667,76.34989375,45.358238125,1786.06,256678.7,242.23,0,0,0,0,1,1786.06,503,1199018.1700000002,143.71224930853387,0.1356225434755831,152.35860437499997,1755.46,2177.7428571428572,3075.0501379832517
2009-06-30,24.0,229.200885,105.06148125,152.40925854166667,0.0,28.133330833333332,76.79162645833334,76.48950458333333,45.52338520833333,1781.53,255723.68,332.96,0,1,0,0,1,1781.53,504,1200799.7000000002,143.54160749468153,0.18689553361436517,152.40925854166665,1786.06,2031.1542857142856,3018.441137983252
2009-07-01,24.0,229.31283229166667,105.05931729166667,152.49098041666667,0.0,28.292113541666666,76.821851875,76.21700208333333,45.570026041666665,1787.32,257149.64,342.64,0,1,0,0,1,1787.32,505,1202587.0200000003,143.87442651567713,0.19170601794866057,152.49098041666667,1781.53,1884.78,2963.275137983251
2009-07-02,24.0,229.52183708333334,105.0552425,152.541479375,0.0,28.180073125,76.98035770833333,76.148848125,45.72725916666667,1770.55,254537.61,340.75,0,1,0,0,1,1770.55,506,1204357.5700000003,143.76188754906667,0.19245432210330124,152.541479375,1787.32,1787.1285714285714,2908.5008046499183
2009-07-03,24.0,229.59433354166666,105.05205729166667,152.51010145833334,0.0,28.060257708333335,77.08423208333333,76.51416354166666,45.82499270833333,1756.69,252233.01,338.38,0,1,0,0,1,1756.69,507,1206114.2600000002,143.58424650905965,0.19262362739014852,152.51010145833334,1770.55,1773.2042857142858,2867.2371379832516
2009-07-04,24.0,229.49628520833335,105.05250916666667,152.48046166666666,0.0,28.15456916666667,77.01582354166666,76.44676104166666,45.737508958333336,1756.3,251549.54,341.62,0,1,0,0,1,1756.3,508,1207870.5600000003,143.2269771679098,0.19451118829357172,152.48046166666668,1756.69,1770.5585714285714,2814.029471316585
2009-07-05,24.0,229.58354145833334,105.05137395833333,152.52186854166666,0.0,28.095983541666666,77.06167291666667,76.06453708333333,45.78406125,1750.5,251352.27,336.16,0,1,0,0,1,1750.5,509,1209621.0600000003,143.58884318766067,0.19203656098257643,152.52186854166666,1756.3,1769.8500000000001,2760.0604713165853
2009-07-06,24.0,229.60045708333334,105.05034770833333,152.53055666666666,0.0,28.113936666666667,77.06990041666667,76.3817325,45.77388083333334,2178.86,316747.31,124.86,0,1,0,0,1,2178.86,510,1211799.9200000004,145.37295191063217,0.05730519629531039,152.53055666666666,1750.5,1825.9642857142858,2732.8461357462993
2009-07-07,24.0,229.55275458333332,105.05286666666667,152.546891875,0.0,28.264865625,77.00586270833334,76.14089,45.684533333333334,2189.44,317360.89,156.82,0,1,0,0,1,2189.44,511,1213989.3600000003,144.9507134244373,0.07162562116340251,152.54689187499997,2178.86,1884.2371428571428,2691.164135746299
2009-07-08,24.0,229.71382645833333,105.05193291666667,152.66770270833334,0.0,28.214219791666668,77.04612375,74.56497145833333,46.091419375,1982.23,277388.46,104.12,0,1,0,0,1,1982.23,512,1215971.5900000003,139.93757535704736,0.05252669972707506,152.6677027083333,2189.44,1912.081428571429,2640.645802412966
2009-07-09,24.0,229.78460291666667,105.05177729166667,152.72704895833334,0.0,28.257901041666667,77.05755395833333,74.17241125,45.795623125,1983.9,277770.45,100.16,0,1,0,0,1,1983.9,513,1217955.4900000002,140.0123242098896,0.05048641564594989,152.72704895833334,1982.23,1942.56,2591.9854690796324
2009-07-10,24.0,229.85027125,105.0517625,152.767915625,0.0,28.209557291666666,77.082355625,74.228369375,49.493028125,1971.71,276018.34,104.17,0,1,0,0,1,1971.71,514,1219927.2000000002,139.9893189160678,0.05283231306835184,152.767915625,1983.9,1973.2771428571427,2542.6604690796325
2009-07-11,24.0,229.87537541666666,105.05080604166666,152.79755666666668,0.0,28.219412916666666,77.07781875,74.551700625,45.66345979166667,1973.72,275823.13,103.48,0,1,0,0,1,1973.72,515,1221900.9200000002,139.74785177228787,0.05242891595565734,152.79755666666665,1971.71,2004.337142857143,2498.741456419923
2009-07-12,24.0,229.598443125,105.04621104166667,152.68396416666667,0.0,28.448151041666666,76.91447895833333,74.60827458333333,45.45643354166667,1990.32,278743.97,105.87,0,1,0,0,1,1990.32,516,1223891.2400000002,140.04982615860766,0.053192451465091044,152.68396416666667,1973.72,2038.597142857143,2439.4821230865896
2009-07-13,24.0,228.476613125,105.06445583333333,152.55653645833334,0.0,29.24804895833333,75.92007666666667,75.624261875,44.385943958333336,2068.62,287801.88,110.54,0,1,0,0,1,2068.62,517,1225959.8600000003,139.1274762885402,0.05343659057729308,152.5565364583333,1990.32,2022.8485714285712,2394.5865538553103
2009-07-14,24.0,228.39486895833332,105.06852229166667,152.64787125,0.0,29.303604583333332,75.74699770833334,74.917685625,44.228989166666665,2058.71,286738.38,110.06,0,1,0,0,1,2058.71,518,1228018.5700000003,139.28060775922788,0.05346066225937602,152.64787124999998,2068.62,2004.1728571428573,2342.2420089165976
2009-07-15,24.0,228.52941854166667,105.068433125,152.72067125,0.0,29.157116041666665,75.80874729166666,75.18823520833334,44.325418125,2031.15,282734.85,108.66,0,1,0,0,1,2031.15,519,1230049.7200000002,139.19939443172586,0.05349678753415552,152.72067125,2058.71,2011.1614285714284,2308.5449999999996
2009-07-16,24.0,228.45079083333334,105.06501104166666,152.64789395833333,0.0,29.045154375,75.802896875,76.436853125,44.2914875,2021.41,280486.36,100.82,0,1,0,0,1,2021.41,520,1232071.1300000001,138.75777798665285,0.04987607659999703,152.64789395833333,2031.15,2016.52,2271.0823333333333
2009-07-17,24.0,228.39581291666667,105.072198125,152.77753375,0.0,29.163178333333335,75.61827916666667,75.92388895833334,44.332354375,2032.92,285473.28,85.5,0,1,0,0,1,2032.92,521,1234104.05,140.4252405407001,0.042057729768018415,152.77753375,2021.41,2025.2642857142857,2222.716
2009-07-18,24.0,228.99338916666667,105.09494895833333,153.21664458333333,0.0,29.365062708333333,75.77674458333334,75.40449333333333,45.001197708333336,1998.43,229295.82,113.47,0,1,0,0,1,1998.43,522,1236102.48,114.7379793137613,0.056779571963991735,153.21664458333333,2032.92,2028.7942857142857,2172.863
2009-07-19,22.16666,229.90933147200795,105.08302207830589,153.8246638476162,0.0,28.160944130434782,76.08466762439177,74.54368397198314,44.762051076680024,1725.31,237547.48,140.25,0,0,0,0,1,1868.0053738362026,523,1237827.79,137.6839408570054,0.08128973923526787,153.8246638476162,1998.43,2011.320767690886,2116.4585124612067
2009-07-20,24.0,228.34033916666667,105.14547833333333,153.76284458333333,0.0,31.216063125,74.57749458333333,77.29164729166666,43.068893333333335,2225.2,310831.78,331.44,0,1,0,0,1,2225.2,524,1240052.99,139.68712025885316,0.14894840913176344,153.76284458333333,1868.0053738362026,2033.6893391194576,2065.77984579454
2009-07-21,24.0,228.645029375,105.18760958333333,154.15319520833333,0.0,31.664062291666667,74.49183416666666,78.76602770833334,42.76998708333333,2373.34,334257.82,319.12,0,1,0,0,1,2373.34,525,1242426.33,140.83857348715313,0.1344602964598414,154.15319520833333,2225.2,2078.6364819766004,2052.3035124612065
2009-07-22,24.0,229.73504104166668,105.20103375,154.73209375,0.0,31.62910875,75.00294729166667,76.764150625,43.308203125,2374.05,335557.65,268.02,0,1,0,0,1,2374.05,526,1244800.3800000001,141.34396916661402,0.1128956845896253,154.73209375,2373.34,2127.6221962623144,2038.9701791278735
2009-07-23,24.0,231.20491333333334,105.208091875,155.25979020833333,0.0,31.178432083333334,75.945123125,77.526903125,44.2647725,2332.24,330319.48,305.09,0,1,0,0,1,2332.24,527,1247132.62,141.63185606970123,0.130814152917367,155.25979020833336,2374.05,2172.0264819766007,2023.1231791278733
2009-07-24,24.0,233.23473625,105.202786875,155.86420083333334,0.0,29.961574166666665,77.37053541666667,77.145659375,45.75464458333333,2243.58,318234.69,332.63,0,1,0,0,1,2243.58,528,1249376.2000000002,141.84236354397882,0.1482585867230052,155.8642008333333,2332.24,2202.120767690886,2004.1778457945402
2009-07-25,24.0,233.19768829787233,105.22840893617021,156.13522893617022,0.0,30.40946625,77.06245936170212,78.59380872340425,45.37454914893617,2334.32,330839.25,335.32,0,1,0,0,1,2334.32,529,1251710.5200000003,141.7283191678947,0.1436478289180575,156.13522893617022,2243.58,2250.105053405172,2000.1848457945403
2009-07-26,24.0,234.5671825,105.237359375,156.700431875,0.0,30.7346975,77.866750625,78.42433208333334,46.213895,2322.56,330488.82,336.99,0,1,0,0,1,2322.56,530,1254033.0800000003,142.29506234499863,0.14509420639294573,156.700431875,2334.32,2315.0414285714282,2015.7981791278733
2009-07-27,24.0,235.85203916666666,105.24247291666667,157.24655958333332,0.0,30.371024791666667,78.60547958333333,77.71062083333334,46.90212979166667,2292.32,325504.85,339.9,0,1,0,0,1,2292.32,531,1256325.4000000004,141.9979976617575,0.14827772736790673,157.24655958333332,2322.56,2324.63,2033.0481791278733
2009-07-28,24.0,236.39204666666666,105.26261291666667,157.68551520833333,0.0,30.752472708333332,78.70653145833333,78.28298395833333,46.54510729166667,2345.61,334205.26,238.1,0,1,0,0,1,2345.61,532,1258671.0100000005,142.48117120919505,0.10150877596872454,157.68551520833333,2292.32,2320.6685714285713,2052.71984579454
2009-07-29,24.0,237.64136333333335,105.27038541666667,158.24446770833333,0.0,30.595267708333335,79.396895625,77.19795625,47.25245666666667,2337.6,333966.83,240.4,0,1,0,0,1,2337.6,533,1261008.6100000006,142.86739818617386,0.10284052019164956,158.24446770833333,2345.61,2315.4614285714288,2071.104512461207
2009-07-30,24.0,238.72715104166667,105.28085854166666,158.68588520833333,0.0,30.464672291666666,80.04126583333333,78.51144833333333,47.88276666666667,2338.0,334189.41,228.51,0,1,0,0,1,2338.0,534,1263346.6100000006,142.93815654405475,0.09773738237810094,158.68588520833333,2337.6,2316.284285714286,2089.653512461207
2009-07-31,24.0,239.56652270833334,105.295455625,159.12643083333333,0.0,30.551777916666666,80.440091875,79.40214354166666,48.289355,2324.91,332711.98,228.88,0,1,0,0,1,2324.91,535,1265671.5200000005,143.10746652558595,0.09844682159739518,159.12643083333336,2338.0,2327.902857142857,2107.573179127873
2009-08-01,24.0,240.30031083333333,105.297245,159.50616333333335,0.0,30.549738333333334,80.7941475,77.37037958333333,48.64564875,2326.08,333956.28,231.08,0,1,0,0,1,2326.08,536,1267997.6000000006,143.57041890218738,0.09934310083918009,159.50616333333335,2324.91,2326.7257142857143,2126.09084579454
2009-08-02,10.075,240.9854564516129,105.30855774193549,159.84392843672455,0.0,29.005704761904763,81.14152801488834,77.09787538461538,49.0133588337469,945.06,138806.89,91.77,0,1,0,0,1,2251.259553349876,537,1268942.6600000006,146.87627240598482,0.0971049457177322,159.84392843672455,2326.08,2316.5399361928394,2142.5764975728694
2009-08-04,0.0,264.30334,100.99054,159.89528,0.0,0.0,104.40806,16.20712,84.05759,0.0,0.0,0.0,1,1,0,0,2,0.0,539,1268942.6600000006,,,159.89527999999999,2251.259553349876,1989.0656504785536,2084.0331642395363
2009-08-05,21.50834,236.24669229155296,105.28042896316033,162.54355231274474,0.0,36.51171954545455,73.70313997880822,76.07007166600955,41.01986979396829,3027.64,423443.82,353.62,0,1,0,0,1,3378.3806653605066,540,1271970.3000000005,139.85936901348907,0.11679724141575618,162.54355231274474,0.0,2136.604316958626,2138.2958530848864
2009-08-06,24.0,230.15366541666666,105.55419083333334,162.06647833333332,0.0,41.257307708333336,68.08718708333333,83.70714104166667,35.148749583333334,4270.99,593001.24,603.94,0,1,0,0,1,4270.99,541,1276241.2900000005,138.84397762579636,0.14140515430848588,162.06647833333332,3378.3806653605066,2412.802888387197,2208.033519751553
2009-08-07,22.90833,228.82545295241076,105.5736026983678,161.78886395399402,0.0,41.75076652173913,67.03658899841673,84.53161476342449,33.98410735567368,4265.29,591157.5,893.23,0,1,0,0,1,4468.547467231352,542,1280506.5800000005,138.59725833413438,0.20941835138994067,161.78886395399402,4270.99,2717.166812277391,2284.0037686592646
2009-08-08,18.84167,239.10520965587446,105.3446423025613,161.92796640504264,0.0,30.982757804878048,77.1772432508318,79.45409005495267,44.561631533659174,2058.02,300776.49,349.44,0,1,0,0,1,2621.449160292055,543,1282564.6000000006,146.14847766299647,0.16979426827727623,161.92796640504267,4468.547467231352,2759.52954946197,2305.311074002333
2009-08-09,24.0,222.92179375,105.58382145833333,162.25318916666666,0.0,47.859999375,60.668604583333334,85.51727166666667,27.102156041666667,4894.2,676198.46,759.55,0,1,0,0,1,4894.2,544,1287458.8000000005,138.16322585918024,0.15519390298720934,162.2531891666667,2621.449160292055,3126.403835176256,2402.3210740023333
2009-08-10,24.0,220.56966,105.621905625,162.27721541666668,0.0,49.902034791666665,58.292444583333335,85.70945583333334,24.61396,4998.82,689481.04,820.88,0,1,0,0,1,4998.82,545,1292457.6200000006,137.9287591871682,0.16421475468210497,162.27721541666665,4894.2,3518.912470411987,2503.224740669
2009-08-11,24.0,224.26210958333334,105.57150375,161.34980375,0.0,44.940461875,62.912305833333335,86.023498125,29.735195833333332,4615.69,637879.27,750.85,0,1,0,0,1,4615.69,546,1297073.3100000005,138.1980310636113,0.16267340310982759,161.34980375,4998.82,4178.296756126273,2591.2904073356667
2009-08-12,24.0,226.49361770833335,105.51500458333334,160.58296458333334,0.0,41.55365354166667,65.910653125,86.06269833333333,33.02219291666667,4301.84,595600.26,1296.3,0,1,0,0,1,4301.84,547,1301375.1500000006,138.45244360552692,0.30133617242854216,160.58296458333336,4615.69,4310.219518217629,2668.341074002333
2009-08-13,24.0,225.18742833333334,105.51826583333333,160.54504791666668,0.0,42.295404166666664,64.64238041666667,86.14982479166666,31.687293125,4369.42,603883.68,824.8,0,1,0,0,1,4369.42,548,1305744.5700000005,138.20682836623627,0.18876647243798947,160.54504791666668,4301.84,4324.280946789058,2745.0344073356664
2009-08-14,24.0,224.547829375,105.51477375,160.35737479166667,0.0,42.29944208333333,64.19045458333333,85.92587729166667,31.272005416666666,4325.95,596886.66,822.84,0,1,0,0,1,4325.95,549,1310070.5200000005,137.9781689571077,0.19021024283683355,160.35737479166664,4369.42,4303.909880041721,2820.609074002333
2009-08-15,24.0,223.84129416666667,105.51046541666666,160.15200229166666,0.0,42.210101875,63.689291875,85.5506475,30.825491041666666,4260.78,590097.95,790.51,0,1,0,0,1,4260.78,550,1314331.3000000005,138.4952872478748,0.18553175709611855,160.15200229166666,4325.95,4538.1,2894.9300740023327
2009-08-16,24.0,223.95201916666667,105.52463833333333,160.38763291666666,0.0,42.23653229166667,63.56438625,84.688188125,30.697569583333333,4224.45,586837.65,817.1,0,0,0,0,1,4224.45,551,1318555.7500000005,138.91456876043037,0.19342162885109307,160.3876329166667,4260.78,4442.421428571428,2968.3647406689997
2009-08-17,24.0,224.40322666666665,105.53382958333333,160.75713229166666,0.0,42.28894520833333,63.646094375,86.41105916666666,30.766307916666666,4232.84,587997.71,804.53,0,0,0,0,1,4232.84,552,1322788.5900000005,138.9132851702403,0.19006860642027573,160.75713229166666,4224.45,4332.995714285715,3041.6954073356665
2009-08-18,24.0,224.817881875,105.54424666666667,161.11123166666667,0.0,42.26969270833333,63.706650208333336,86.15958875,30.839141875,4225.4,587934.37,786.5,0,1,0,0,1,4225.4,553,1327013.9900000005,139.1428906139064,0.18613622378946373,161.11123166666667,4232.84,4277.24,3115.927740669
2009-08-19,24.0,225.27187958333334,105.55197166666666,161.54859854166668,0.0,42.236055416666666,63.72328104166667,84.489603125,30.882096458333333,4225.22,588082.99,741.09,0,1,0,0,1,4225.22,554,1331239.2100000004,139.18399278617443,0.175396784072782,161.54859854166668,4225.4,4266.294285714286,3194.501561541126
2009-08-20,24.0,225.512981875,105.56386,161.84964020833334,0.0,42.28894604166667,63.66334166666667,84.46011604166667,30.788043958333333,4232.66,589375.1,785.26,0,0,0,0,1,4232.66,555,1335471.8700000003,139.2446121351585,0.18552399673018857,161.84964020833334,4225.22,4246.757142857143,3261.41689487446
2009-08-21,24.0,225.87723270833334,105.57339104166667,162.08536520833334,0.0,42.234671875,63.7918675,85.16708833333334,30.90089645833333,4231.89,588651.73,719.36,0,1,0,0,1,4231.89,556,1339703.7600000002,139.09901486097226,0.16998551474636628,162.08536520833334,4232.66,4233.32,3323.368561541126
2009-08-22,24.0,226.17764083333333,105.57892979166667,162.311684375,0.0,42.19277291666667,63.865956458333336,85.72263958333333,30.974643125,4230.53,588015.65,780.1,0,1,0,0,1,4230.53,557,1343934.2900000003,138.99337671639253,0.1843976995790126,162.311684375,4231.89,4228.998571428571,3385.2512282077932
2009-08-23,24.0,226.36076333333332,105.58415625,162.590381875,0.0,42.29296895833333,63.77038145833333,85.37059479166666,30.901118541666666,4227.74,588195.93,762.39,0,1,0,0,1,4227.74,558,1348162.0300000003,139.12774437406276,0.1803303892860015,162.590381875,4230.53,4229.4685714285715,3448.4345615411266
2009-08-24,24.0,226.39093958333333,105.593855625,162.88876208333335,0.0,42.56228708333333,63.5021775,85.16771979166667,30.60745916666667,4243.95,590541.2,787.57,0,1,0,0,1,4243.95,559,1352405.9800000002,139.14895321575418,0.18557475936332898,162.88876208333335,4227.74,4231.055714285714,3515.1135615411263
2009-08-25,24.0,225.20279270833333,105.62307875,163.34915270833332,0.0,44.12237145833333,61.85364,85.78339979166667,28.789899583333334,4321.88,600625.77,799.17,0,1,0,0,1,4321.88,560,1356727.86,138.97326394994772,0.18491258433829721,163.34915270833335,4243.95,4244.838571428571,3581.365561541126
2009-08-26,14.66666,234.1941562962392,105.34343133283924,171.79793532429332,0.0,30.955236774193548,62.396220971945894,78.7522958288731,36.6663787822449,1466.67,204838.22,658.03,0,0,0,0,1,2400.0065454575206,561,1358194.53,139.662105313397,0.4486557985095488,171.79793532429332,4321.88,3984.0937922082167,3583.9471130563766
2009-08-27,24.0,232.99292125,105.49025375,162.973735625,0.0,37.303869166666665,70.019185625,82.79555520833334,37.458987083333334,3276.91,463759.06,906.67,0,1,0,0,1,3276.91,562,1361471.44,141.5232826046489,0.2766844374731073,162.973735625,2400.0065454575206,3847.5580779225024,3616.766779723044
2009-08-28,24.0,226.90733145833335,105.609259375,163.43556583333333,0.0,42.747835,63.471765625,85.055985,30.54078270833333,4305.76,599141.97,692.06,0,1,0,0,1,4305.76,563,1365777.2,139.14894699193636,0.16072888409943886,163.43556583333333,3276.91,3858.11093506536,3682.105113056377
2009-08-29,24.0,220.03238354166666,105.703941875,165.96928125,0.0,57.194670625,54.06310229166667,86.33233666666666,21.104790416666667,4495.44,632803.85,879.68,0,1,0,0,1,4495.44,564,1370272.64,140.76572037442386,0.19568273628387878,165.96928125,4305.76,3895.9552207796455,3754.033113056377
2009-08-30,24.0,218.48211,105.76401458333333,168.757418125,0.0,66.23377395833333,49.724691875,86.538011875,16.423459583333333,4848.34,682081.46,760.43,0,1,0,0,1,4848.34,565,1375120.98,140.68350404468333,0.1568433731957742,168.75741812500002,4495.44,3984.6123636367884,3837.711113056377
2009-08-31,16.82498,225.2863512427474,105.71863645030781,168.7856575029153,0.0,50.55674692307692,56.50069373983208,83.53999811565303,23.66339712904265,3044.04,414569.61,525.03,0,1,0,0,1,4342.172174944636,566,1378165.02,136.19059210785667,0.17247802262782355,168.7856575029153,4848.34,3998.6441029145935,3904.953185554531
2009-09-02,0.0,132.34205,50.78467,34.7501,0.0,50.55674692307692,97.59195,13.98135,97.59195,0.0,0.0,0.0,1,0,1,0,2,0.0,568,1378165.02,,,34.7501,4342.172174944636,3381.2326743431654,3827.4171855545314
2009-09-03,0.0,263.41714,100.86212,162.94325,0.0,50.55674692307692,100.47389,14.27018,100.47389,0.0,0.0,0.0,1,0,1,0,1,0.0,569,1378165.02,,,162.94325000000003,0.0,3038.374596420662,3752.375200442869
2009-09-04,3.00834,254.73702503822707,104.64521830647466,254.73695808934497,0.0,19.458734285714286,6.694888210774049e-05,47.312895558514,31.914503560136154,293.98,39397.99,17.2,0,0,0,0,1,2345.3200103711683,570,1378459.0,134.01588543438328,0.05850738145452071,254.73695808934497,0.0,2905.290312187972,3830.552534121908
2009-09-05,24.0,244.99238395833333,105.3212075,244.99238395833333,0.0,31.353,0.0,80.33259541666666,32.44595833333333,2247.25,269448.67,8.39,0,1,0,0,1,2247.25,571,1380706.25,119.9015107353432,0.003733451996885082,244.99238395833333,2345.3200103711683,2611.217455045115,3792.8481786098914
2009-09-06,19.74167,247.9126952085006,105.28091713304396,247.42267934739058,0.0,27.61874125,0.49001586111002765,80.54396060642286,31.17636856175288,1802.88,257772.89,9.06,0,1,0,0,1,2191.76594482635,572,1382509.13,142.97839567802626,0.005025292864749733,247.42267934739056,2247.25,2282.1211614488793,3723.540710104103
2009-09-07,19.5,240.80645112677664,104.36621635129761,163.88813636369935,0.0,32.35747081081081,76.91831476307729,79.38065424873115,45.5051868558912,2262.5,316811.72,13.9,0,0,0,0,1,2784.6153846153848,573,1384771.63,140.02727955801103,0.006143646408839779,163.88813636369935,2191.76594482635,1987.303359251077,3667.40964068357
2009-09-08,24.0,239.74239520833333,105.52947645833333,165.10429770833332,0.0,37.83269125,74.6380975,84.04971291666666,42.097957916666665,3644.19,508699.03,860.8,0,0,0,0,1,3644.19,574,1388415.8199999998,139.59179680532574,0.23621161355472683,165.10429770833332,2784.6153846153848,1887.5916199732717,3701.501002007169
2009-09-09,24.0,232.98648479166667,105.644375625,166.402014375,0.0,43.819509583333335,66.58447041666666,86.51330479166667,33.152793125,4647.72,644186.79,1176.8,0,1,0,0,1,4647.72,575,1393063.5399999998,138.6027536082208,0.25319941820935854,166.40201437500002,3644.19,2551.5516199732715,3693.2850020071687
2009-09-10,24.0,233.263083125,105.66714666666667,166.47119458333333,0.0,43.680615833333334,66.79188854166667,87.35255833333333,33.376833958333336,4624.18,641206.13,855.75,0,1,0,0,1,4624.18,576,1397687.7199999997,138.66374795098807,0.18505983763607817,166.47119458333333,4647.72,3212.1487628304144,3680.7970020071684
2009-09-11,24.0,233.70860604166666,105.674549375,166.67574854166668,0.0,43.26002520833333,67.0328575,87.362335625,33.696325208333334,4595.16,635934.87,823.42,0,1,0,0,1,4595.16,577,1402282.8799999997,138.39232366228816,0.1791928899102534,166.67574854166665,4624.18,3533.5544756345334,3680.1126686738353
2009-09-12,24.0,234.51726083333332,105.66288395833334,166.57735458333335,0.0,42.28783125,67.93990625,87.01865,34.754412708333334,4525.5,627128.48,912.78,0,1,0,0,1,4525.5,578,1406808.3799999997,138.57661694840348,0.20169705004971825,166.57735458333332,4595.16,3859.018761348819,3687.5680020071686
2009-09-13,24.0,234.85712666666666,105.67322125,166.96260666666666,0.0,42.272580625,67.89452,87.15512791666667,34.73309875,4514.24,627285.29,997.63,0,1,0,0,1,4514.24,579,1411322.6199999996,138.9570093747785,0.22099622527823068,166.96260666666666,4525.5,4190.800769230769,3692.395335340502
2009-09-14,24.0,235.23129854166666,105.683575,167.364729375,0.0,42.230516458333334,67.86656916666666,87.49827270833333,34.69501854166667,4478.74,625909.59,929.36,0,1,0,0,1,4478.74,580,1415801.3599999996,139.7512670974426,0.20750478929341737,167.364729375,4514.24,4432.818571428572,3697.488335340502
2009-09-15,24.0,236.353946875,105.686950625,168.02209645833332,0.0,41.9760475,68.33185041666667,87.37643833333334,34.92156729166667,4377.97,615092.3,795.75,0,1,0,0,1,4377.97,581,1420179.3299999996,140.4971482216644,0.181762323634013,168.02209645833332,4478.74,4537.644285714286,3701.3946686738354
2009-09-16,24.0,234.68556270833332,105.71831291666666,168.47470020833333,0.0,43.378085625,66.2108625,87.66252,32.35177541666667,4534.04,635173.29,659.0,0,1,0,0,1,4534.04,582,1424713.3699999996,140.08991760107983,0.14534499033974116,168.47470020833333,4377.97,4521.404285714286,3711.714335340502
2009-09-17,24.0,234.91800395833334,105.723580625,168.701448125,0.0,43.28201270833333,66.21655583333333,87.6926,32.383467708333335,4521.12,633199.36,784.64,0,1,0,0,1,4521.12,583,1429234.4899999998,140.05365042290407,0.17354991683476662,168.701448125,4534.04,4506.681428571429,3721.3236686738355
2009-09-18,24.0,235.180838125,105.73079583333333,169.00309145833333,0.0,43.27935145833333,66.17774666666666,87.33423708333333,32.362323333333336,4504.72,631462.0,759.29,0,1,0,0,1,4504.72,584,1433739.2099999997,140.17785789127848,0.16855431636150525,169.00309145833336,4521.12,4493.761428571429,3730.6343353405023
2009-09-19,24.0,232.33501666666666,105.76757770833333,170.49923041666668,0.0,49.795095833333335,61.83578625,86.891435,28.0492225,4804.4,672234.53,871.11,0,1,0,0,1,4804.4,585,1438543.6099999996,139.9205998667888,0.18131504454250272,170.49923041666665,4504.72,4533.604285714287,3749.940335340502
2009-09-20,24.0,223.807033125,105.90581645833333,173.72869791666668,0.0,69.18941395833333,50.078335208333336,87.94892104166667,16.184861458333334,5644.37,786328.36,783.9,0,1,0,0,1,5644.37,586,1444187.9799999997,139.31197990209714,0.13888175296800173,173.72869791666668,4804.4,4695.051428571429,3796.9973353405016
2009-09-21,24.0,223.84438333333333,105.93353833333333,174.05715791666665,0.0,69.79259375,49.787225416666665,86.53825625,15.903996666666666,4867.01,678027.96,799.53,0,1,0,0,1,4867.01,587,1449054.9899999998,139.31098559485184,0.164275397009663,174.05715791666665,5644.37,4750.518571428572,3818.1680020071685
2009-09-22,24.0,224.07912041666665,105.944636875,174.25025479166666,0.0,69.396168125,49.828865625,86.36463708333333,15.95753375,4847.95,675426.37,854.26,0,1,0,0,1,4847.95,588,1453902.9399999997,139.32205777699852,0.17621056322775608,174.25025479166666,4867.01,4817.658571428571,3838.7486686738353
2009-09-23,24.0,224.30269708333333,105.95609145833333,174.452151875,0.0,69.23126520833334,49.85054520833334,87.322980625,15.993826041666667,4690.49,654195.94,553.31,0,1,0,0,1,4690.49,589,1458593.4299999997,139.47283546068746,0.1179642212220898,174.452151875,4847.95,4840.0085714285715,3854.1736686738354
2009-09-24,24.0,230.58686479166667,105.91177895833333,172.807235,0.0,55.298166875,57.779629791666665,87.576881875,23.906042916666667,4270.77,597666.97,693.42,0,0,0,0,1,4270.77,590,1462864.1999999997,139.94360970035845,0.16236416383930763,172.807235,4690.49,4804.244285714286,3855.067668673835
2009-09-25,24.0,236.63368583333335,105.82262333333334,171.40881770833334,0.0,43.657179375,65.224868125,87.328124375,31.401913541666666,3899.79,546135.88,733.34,0,1,0,0,1,3899.79,591,1466763.9899999998,140.04238176927475,0.18804602299098158,171.40881770833334,4270.77,4717.825714285714,3840.9980020071685
2009-09-26,10.825,236.73987965357966,105.82493683602772,171.6505380600462,0.0,43.042092272727274,65.08934159353349,88.11628016166281,30.981630484988454,1750.83,245908.83,382.2,0,1,0,0,1,3881.747806004619,592,1468514.8199999998,140.45271671150255,0.21829646510512157,171.6505380600462,3899.79,4586.018258000659,3890.389377358739
2009-09-27,0.0,269.97627,101.9669,171.20622,0.0,43.042092272727274,98.77005,17.57361,86.00827,0.0,0.0,0.0,1,1,1,0,1,0.0,593,1468514.8199999998,,,171.20622,3881.747806004619,3779.6796865720885,3781.1590440254054
2009-09-28,0.0,270.53854,101.22074,168.12031,0.0,43.042092272727274,102.41823,13.292,102.41823,0.0,0.0,0.0,1,1,1,0,1,0.0,594,1468514.8199999998,,,168.12031000000002,0.0,3084.3925437149455,3637.633710692072
2009-09-29,0.0,270.53191,100.82172,168.17522,0.0,43.042092272727274,102.35669,11.32076,102.35669,0.0,0.0,0.0,1,1,1,0,1,0.0,595,1468514.8199999998,,,168.17521999999997,0.0,2391.82825800066,3487.785710692072
2009-09-30,0.0,270.40727,100.62025,168.99389,0.0,43.042092272727274,101.41338,11.11783,99.08426,0.0,0.0,0.0,1,1,1,0,1,0.0,596,1468514.8199999998,,,168.99388999999996,0.0,1721.75825800066,3326.174377358738
2009-10-01,6.175,256.9450174898785,104.82565522267207,169.7350339271255,0.0,24.461643846153848,87.20998356275304,59.06799234817814,55.30395072874494,429.76,63849.67,137.52,0,1,0,0,1,1670.3222672064778,597,1468944.5799999998,148.570527736411,0.3199925539836188,169.73503392712547,0.0,1350.2657247444424,3237.112713767467
2009-10-02,24.0,241.24167958333334,105.63419770833333,168.89995583333334,0.0,39.41918875,72.34172375,84.658909375,39.01910625,3567.82,502467.62,284.71,0,1,0,0,1,3567.82,598,1472512.4,140.83323149710466,0.07979942934340857,168.89995583333334,1670.3222672064778,1302.8414390301566,3356.0400471008
2009-10-03,24.0,236.777766875,105.742475,169.9250375,0.0,43.003786875,66.852729375,84.86806854166667,33.01779583333333,3894.67,543524.32,415.53,0,1,0,0,1,3894.67,599,1476407.0699999998,139.555936703238,0.10669196619996045,169.9250375,3567.82,1304.6874667437826,3485.8623804341332
2009-10-04,24.0,236.61591479166665,105.77078791666666,169.879223125,0.0,43.271730416666664,66.73669166666667,86.46802208333334,32.869465625,3894.95,546666.03,406.62,0,1,0,0,1,3894.95,600,1480302.0199999998,140.35251543665518,0.10439671882822629,169.87922312499998,3894.67,1861.108895315211,3537.516713421761
2009-10-05,23.15833,237.03858845209047,105.78380122325747,170.14453671145114,0.0,42.45829234042553,66.89405174063933,86.96566378986309,32.91085535947972,3740.04,522982.65,82.33,0,1,0,0,1,3875.968603953739,601,1484042.0599999998,139.83343761029295,0.022013133549373804,170.14453671145114,3894.95,2414.818695880031,3591.8073335535523
2009-10-06,17.925,241.4320133958996,105.62455740616457,170.70820623656903,0.0,38.22580405405405,70.72380715933055,80.09937606772664,37.18345554256625,2449.2,345958.51,715.61,0,1,0,0,1,3279.2635983263594,602,1486491.2599999998,141.25367875224563,0.29218112036583377,170.70820623656903,3875.968603953739,2883.284924212368,3628.057255336886
2009-10-07,24.0,237.36480895833333,105.805010625,170.6032575,0.0,43.279265625,66.76155145833333,87.12197166666667,32.88387854166667,3802.88,532991.23,333.33,0,1,0,0,1,3802.88,603,1490294.1399999997,140.15462754543924,0.08765199007068326,170.60325749999998,3279.2635983263594,3426.553495640939,3661.9994091830395
2009-10-08,24.0,238.65061291666666,105.80811979166667,170.69018,0.0,42.30381729166667,67.96043291666666,86.56067020833333,34.233274791666666,3715.57,520270.28,419.58,0,1,0,0,1,3715.57,604,1494009.7099999997,140.02435157997292,0.11292480023253497,170.69018,3802.88,3718.7317431828715,3664.378742516373
2009-10-09,24.0,240.94273645833334,105.78053,170.575394375,0.0,40.27762479166667,70.36734208333333,86.422924375,36.933592708333336,3536.73,496636.74,506.43,0,1,0,0,1,3536.73,605,1497546.4399999997,140.42257678703209,0.14319159223350383,170.57539437500003,3715.57,3714.290314611443,3627.345742516373
2009-10-10,24.0,236.19362269793186,104.16738735891292,168.3823963075701,0.0,40.53981625,67.81122639036174,83.55670252229545,34.73680679123731,3599.73,504695.35,538.91,0,0,0,0,1,3599.73,606,1501146.1699999997,140.20366805288174,0.14970845035599892,168.3823963075701,3536.73,3672.156028897157,3593.1974091830402
2009-10-11,24.0,239.867001875,105.79558458333334,171.29265979166667,0.0,41.16056604166667,68.57434208333333,86.873020625,35.04015354166667,3580.92,501628.24,575.5,0,0,0,0,1,3580.92,607,1504727.0899999996,140.083620968913,0.16071288942506395,171.29265979166667,3599.73,3627.294600325728,3559.38940918304
2009-10-12,24.0,239.75694583333333,105.80093958333333,171.51134708333333,0.0,41.23936333333333,68.24559875,87.68273458333333,34.73532625,3585.75,501596.04,626.31,0,1,0,0,1,3585.75,608,1508312.8399999996,139.88594854632922,0.1746663877849822,171.51134708333333,3580.92,3585.8347997609085,3528.06440918304
2009-10-13,21.5,241.85678849957674,105.73843807068373,171.97180493617674,0.0,37.61269933333333,69.8849835634,85.2959021515814,36.52621910191163,2731.31,381468.81,1790.49,0,1,0,0,1,3048.9041860465113,609,1511044.1499999997,139.66514602882867,0.6555425784696721,171.97180493617674,3585.75,3552.9263122923585,3479.2198820512567
2009-10-14,24.0,239.35390104166666,105.783090625,171.52865541666668,0.0,41.05456145833333,67.825245625,85.35748520833333,34.41694125,3477.84,489328.58,792.97,0,1,0,0,1,3477.84,610,1514521.9899999998,140.6989913279507,0.22800646378211764,171.52865541666665,3048.9041860465113,3506.4920265780734,3445.8565487179235
2009-10-15,23.16667,244.304839117003,105.71408797215568,172.00903010018703,0.0,34.35143625,72.29580901681597,84.25991869803472,38.61080357604697,2601.89,378527.11,2326.19,0,1,0,0,1,2695.4827776283773,611,1517123.8799999997,145.4815960705487,0.8940385642744313,172.00903010018703,3477.84,3360.765280524984,3389.7736413055363
2009-10-16,24.0,235.643680625,105.80064583333333,171.83808958333333,0.0,44.586284375,63.805591041666666,87.40480708333334,29.750275833333333,3837.87,532674.89,693.95,0,1,0,0,1,3837.87,612,1520961.7499999998,138.79440679335153,0.18081644245375691,171.83808958333333,2695.4827776283773,3403.7852805249836,3366.567974638869
2009-10-17,6.64352,235.71752976398054,105.67693062816097,176.06024810931555,0.0,42.15889857142857,59.657281654665,84.55071214151535,26.870605239511583,1120.11,147799.54,6.6,0,1,0,0,1,4046.4452579355525,613,1522081.8599999999,131.9509155350814,0.0058922784369392295,176.06024810931552,3837.87,3467.6017459443487,3350.745483236721
2009-10-18,19.02314,242.32711760635615,105.04089325004291,185.48261939248422,0.0,37.41535380952381,56.844498213871944,72.24219091674522,27.550452822939306,2434.52,345844.97,811.65,0,1,0,0,1,3071.442464282973,614,1524516.38,142.05879187683814,0.33339220873108455,185.4826193924842,4046.4452579355525,3394.8192408419163,3302.9695653794865
2009-10-19,24.0,234.775915625,105.807208125,171.30036270833332,0.0,44.29462791666667,63.475552916666665,86.80392333333333,29.453648333333334,3684.3,517428.02,686.29,0,1,0,0,1,3684.3,615,1528200.68,140.44133756751623,0.18627419048394536,171.30036270833335,3071.442464282973,3408.8978122704875,3265.6328987128204
2009-10-20,24.0,234.900919375,105.82393041666667,171.37674041666668,0.0,44.2114825,63.52417895833333,85.23903375,29.519851458333335,3675.56,514401.52,1315.69,0,1,0,0,1,3675.56,616,1531876.24,139.95187672082622,0.3579563386259509,171.37674041666668,3684.3,3498.4200714067006,3200.0058987128205
2009-10-21,24.0,234.78496104166666,105.83141875,171.42696979166666,0.0,44.309516875,63.35799125,81.98136604166666,29.370519791666666,3675.29,513897.82,1373.07,0,1,0,0,1,3675.29,617,1535551.53,139.82510767857775,0.37359500882923524,171.42696979166666,3675.56,3526.6272142638436,3160.2818987128203
2009-10-22,24.0,234.90388145833333,105.83651958333333,171.56327020833334,0.0,44.235225,63.34061125,81.968244375,29.369457291666667,3664.12,513063.65,1258.67,0,1,0,0,1,3664.12,618,1539215.6500000001,140.02370282632666,0.34351222121546243,171.56327020833334,3675.29,3665.003960316932,3120.8208987128205
2009-10-23,7.49166,233.7585559504302,105.85688592948692,172.07767181596603,0.0,42.7211675,61.68088413446419,82.5939927025519,27.604095444093833,1238.04,170503.64,418.15,0,1,0,0,1,3966.1383458405744,619,1540453.6900000002,137.72062292009952,0.3377516073794061,172.07767181596603,3664.12,3683.328009722729,3096.6758435741726
2009-10-24,4.50833,261.5892165706814,104.76463006365994,180.43680001727913,0.0,18.102148181818183,81.15241655340226,47.91330508583001,51.675754966384446,208.75,41061.87,85.34,0,1,0,0,1,1111.2762375425048,620,1540662.4400000002,196.70356886227546,0.40881437125748504,180.43680001727915,3966.1383458405744,3264.018149666579,2991.35938482559
2009-10-25,24.5,241.82810797422042,105.78853628310205,173.39460590436326,0.0,39.832136,68.43350206985714,81.80254107730204,35.18754722820816,3384.02,472845.45,1072.62,0,0,0,0,1,3314.958367346939,621,1544046.4600000002,139.72891708677844,0.3169662117836183,173.3946059043633,1111.2762375425048,3298.806135818574,2971.8649970704873
2009-10-26,24.0,236.37601645833334,105.89624333333333,173.52700083333335,0.0,45.56481,62.849015625,88.07560833333334,29.376395833333333,3776.04,528571.45,1485.75,0,1,0,0,1,3776.04,622,1547822.5000000002,139.9803630258154,0.39346775987542504,173.52700083333335,3314.958367346939,3311.911850104288,2968.3414035370006
2009-10-27,24.0,236.12260354166668,105.91517083333333,173.63920958333333,0.0,45.62383375,62.48339395833333,87.53670020833333,29.049807916666666,3782.51,528860.04,1488.92,0,1,0,0,1,3782.51,623,1551605.0100000002,139.81722189762883,0.39363279938453566,173.63920958333335,3776.04,3327.19042153286,3094.425070203667
2009-10-28,24.0,237.3003375,105.914101875,173.65007083333333,0.0,44.404244375,63.65026666666667,86.096225,30.304219166666666,3742.33,519616.53,1468.51,0,1,0,0,1,3742.33,624,1555347.3400000003,138.848399259285,0.3924052662378785,173.65007083333336,3782.51,3336.7675643900025,3219.1694035370006
2009-10-29,22.33334,239.5847262428683,105.87282996333732,174.33214693955316,0.0,41.56835434782609,65.25257930331513,83.58643011987459,32.40716607270117,3256.19,452126.15,1283.23,0,1,0,0,1,3499.1882091975494,625,1558603.5300000003,138.85128017713956,0.39408941124442987,174.33214693955318,3742.33,3313.2058799896527,3335.809010510252
2009-10-30,23.0,240.3356160405652,105.88713611929565,173.98294468425217,0.0,40.72414702127659,66.35267135631304,84.62599143534348,33.45181003719565,3459.66,483519.07,1355.79,0,1,0,0,1,3610.08,626,1562063.1900000002,139.75912950983624,0.3918853297722898,173.98294468425217,3499.1882091975494,3262.3404020124276,3456.1450105102517
2009-10-31,24.0,245.37313583333332,105.83002520833334,173.070185,0.0,37.277236875,72.30295083333333,85.32521895833334,39.836266875,3158.95,441779.03,1342.8,0,1,0,0,1,3158.95,627,1565222.1400000001,139.8499596384875,0.4250779531173333,173.07018499999998,3610.08,3554.865225220641,3505.7659349367023
2009-11-01,24.0,244.80552229166668,105.82472604166666,173.324108125,0.0,37.711895,71.48141416666667,85.154954375,38.770333541666666,3226.08,451119.01,1307.44,0,1,0,0,1,3226.08,628,1568448.2200000002,139.83503508902444,0.4052720329316074,173.324108125,3158.95,3542.1683155996498,3494.3746016033692
2009-11-02,24.0,244.838096875,105.82607770833333,173.507189375,0.0,37.6621725,71.3309075,85.34376458333334,38.592806458333335,3213.55,449539.76,1268.58,0,1,0,0,1,3213.55,629,1571661.7700000003,139.88883322182633,0.3947596894400273,173.507189375,3226.08,3461.812601313936,3471.6706016033695
2009-11-03,24.0,244.49993041666667,105.83206708333333,173.83470854166666,0.0,38.02852333333333,70.665221875,84.442055625,37.8643025,3259.61,456930.68,1222.71,0,1,0,0,1,3259.61,630,1574921.3800000004,140.17955522286408,0.3751092922159399,173.83470854166666,3213.55,3387.1126013139356,3450.4926016033696
2009-11-04,21.5,247.64454197347442,105.76194151744652,174.74749123407906,0.0,33.93993311111111,72.89705073939535,80.54015135459535,40.06674295426977,2602.28,367442.11,920.88,0,1,0,0,1,2904.870697674419,631,1577523.6600000004,141.20006686444194,0.3538742948491323,174.74749123407906,3259.61,3267.4755581245668,3418.122671394058
2009-11-05,24.0,239.09729229166666,105.90208708333333,175.076994375,0.0,43.396058958333334,64.02029791666666,85.59876583333333,30.591978333333333,3628.84,507952.15,1339.3,0,1,0,0,1,3628.84,632,1581152.5000000005,139.97645253028517,0.3690711081227058,175.076994375,2904.870697674419,3285.997242524917,3429.7752181165133
2009-11-06,24.0,239.0064475,105.91757270833334,175.21554395833334,0.0,43.380502291666666,63.790903541666665,85.13109729166666,30.365978958333333,3609.06,505792.91,1317.79,0,1,0,0,1,3609.06,633,1584761.5600000005,140.14533147135265,0.36513385756956107,175.21554395833334,3628.84,3285.8515282392027,3423.314551449847
2009-11-07,24.0,238.8846625,105.92467875,175.26180083333333,0.0,43.426791458333334,63.622861666666665,87.23401166666666,30.174306666666666,3620.38,507089.3,1404.45,0,1,0,0,1,3620.38,634,1588381.9400000004,140.065214148791,0.3879288914423348,175.26180083333333,3609.06,3351.770099667774,3420.1415514498467
2009-11-08,24.0,238.61914645833335,105.93444625,175.37574166666667,0.0,43.622197916666664,63.24340479166667,88.447670625,29.7871975,3634.4,508578.56,1425.14,0,1,0,0,1,3634.4,635,1592016.3400000003,139.9346687211094,0.39212524763372225,175.37574166666667,3620.38,3410.101528239203,3423.3972181165136
2009-11-09,21.34815,239.19089688209516,105.93919110892513,175.53881338429792,0.0,42.01923909090909,63.652083497797236,86.53128903834758,30.275414168019243,3121.08,436648.86,1269.34,0,1,0,0,1,3508.7780439991284,636,1595137.4200000004,139.90312968587796,0.40669896317941223,175.53881338429792,3634.4,3452.276963096221,3420.3654862498174
2009-11-10,23.98519,241.235320421631,105.88761218745817,176.35718553523236,0.0,41.62263729166666,64.87813488639866,83.52891618962785,31.528609354130612,3409.72,477859.15,1482.53,0,1,0,0,1,3411.8253805785985,637,1598547.1400000004,140.1461556960689,0.4347952324531047,176.35718553523236,3508.7780439991284,3474.0220174645924,3414.728998935771
2009-11-11,24.0,238.5831075,105.95993875,175.96792916666666,0.0,44.16422625,62.61517833333333,86.315310625,29.13906625,3640.41,511021.68,1557.87,0,1,0,0,1,3640.41,638,1602187.5500000003,140.3747599858258,0.4279380619215967,175.9679291666667,3411.8253805785985,3579.099060653961,3416.550998935771
2009-11-12,24.0,238.57298354166667,105.96088416666667,176.138055,0.0,44.21343291666667,62.434928541666665,84.04895291666666,28.97053875,3635.05,510311.95,1630.01,0,1,0,0,1,3635.05,639,1605822.6000000003,140.38650087344053,0.44841473982476165,176.138055,3640.41,3579.9862035111037,3436.089192734221
2009-11-13,24.0,238.58101833333333,105.9649675,176.31461270833333,0.0,44.19709041666667,62.266405625,85.451773125,28.780773333333332,3614.06,514697.38,1618.1,0,0,0,0,1,3614.06,640,1609436.6600000004,142.41528364221955,0.4477236127789799,176.31461270833333,3635.05,3580.70048922539,3440.629859400887
2009-11-14,24.0,238.60674479166667,105.97107541666666,176.55302958333334,0.0,44.211476041666664,62.05371520833334,86.10356041666667,28.60620875,3624.81,509567.79,1601.68,0,1,0,0,1,3624.81,641,1613061.4700000004,140.5777930429457,0.44186591848952084,176.55302958333334,3614.06,3581.3333463682466,3471.6074334799414
2009-11-15,24.0,239.32663416666668,105.96778145833333,176.5635175,0.0,43.32066708333333,62.76311666666667,86.87845833333333,29.38412,3580.46,504210.3,1662.57,0,1,0,0,1,3580.46,642,1616641.9300000004,140.82277137574502,0.46434536344492044,176.56351750000002,3624.81,3573.6276320825323,3463.027100146608
2009-11-16,24.0,240.68149708333334,105.95370083333333,176.53298625,0.0,41.893956875,64.14851083333333,85.81734270833333,30.992384375,3506.48,493979.17,1454.21,0,1,0,0,1,3506.48,643,1620148.4100000004,140.87608370787797,0.41472074559102007,176.53298625000002,3580.46,3573.299340082657,3445.028258215423
2009-11-17,24.0,243.558994375,105.92170604166667,176.096495,0.0,38.97011875,67.462499375,86.04491291666666,35.06836520833333,3296.12,465313.63,873.8,0,1,0,0,1,3296.12,644,1623444.5300000005,141.17011213183986,0.26509957161753817,176.096495,3506.48,3556.77,3452.5175094059905
2009-11-18,24.0,244.1707225,105.90690625,176.063305,0.0,38.428473125,68.1074175,87.176000625,35.828963333333334,3200.9,451518.58,1134.02,0,1,0,0,1,3200.9,645,1626645.4300000004,141.05988315786186,0.35428160829766625,176.063305,3296.12,3493.9828571428566,3436.404176072657
2009-11-19,24.0,244.002155,105.90427875,176.35235645833333,0.0,38.618725833333336,67.64979854166667,85.75543979166666,35.38564791666667,3199.94,452524.38,1101.83,0,1,0,0,1,3199.94,646,1629845.3700000003,141.4165203097558,0.34432833115620914,176.3523564583333,3200.9,3431.824285714286,3420.550176072657
2009-11-20,22.66667,247.00161762944447,105.86567189401002,177.741115707058,0.0,34.98098043478261,69.26050192238648,83.14030609691234,37.050713655755345,2699.05,380362.77,966.47,0,1,0,0,1,2857.8172267915843,647,1632544.4200000004,140.9246846112521,0.35807784220373834,177.741115707058,3199.94,3323.789603827369,3393.3010836323765
2009-11-21,24.0,243.58025041666667,105.91031979166667,176.50236,0.0,38.95681,67.07789041666666,86.53012166666667,34.72778604166667,3222.51,455765.12,1155.71,0,1,0,0,1,3222.51,648,1635766.9300000004,141.43171627085718,0.3586365907320691,176.50236,2857.8172267915843,3266.318175255941,3378.5807502990433
2009-11-22,24.0,243.762151875,105.91298208333333,176.63482333333334,0.0,38.749846041666665,67.12732854166667,86.11683958333333,34.85613479166667,3197.72,451777.9,1086.47,0,1,0,0,1,3197.72,649,1638964.6500000004,141.28125664535983,0.3397639568192337,176.63482333333332,3222.51,3211.6410323987975,3352.9668054376907
2009-11-23,21.5,246.7382232197721,105.86471035553953,176.75531108191163,0.0,35.56386159090909,69.98291213786047,85.90721827157674,37.58482095221395,2570.89,364109.44,891.57,0,1,0,0,1,2869.8306976744184,650,1641535.5400000003,141.62777870698474,0.3467943008063356,176.75531108191163,3197.72,3120.6911320665718,3411.585287442088
2009-11-24,22.25,246.32049539195506,105.85444621327191,176.97391966322698,0.0,36.07215333333333,69.34657572872808,85.25822486219775,36.32816182484944,2699.83,383391.37,1568.17,0,1,0,0,1,2912.1761797752806,651,1644235.3700000003,142.00574480615447,0.5808402751284341,176.97391966322698,2869.8306976744184,3065.842014891612,3398.1592145230325
2009-11-25,24.0,244.69706604166666,105.909475625,176.56342541666666,0.0,37.96720979166667,68.133640625,85.02469708333334,35.178153125,3147.31,442953.37,605.37,0,1,0,0,1,3147.31,652,1647382.6800000004,140.7403052130232,0.19234520908331243,176.56342541666666,2912.1761797752806,3058.186300605897,3377.201547856366
2009-11-26,24.0,245.6946710638298,105.89545893617021,176.42614234042554,0.0,36.455274375,69.26852872340426,84.70555787234042,36.264464893617024,3085.33,437979.66,1430.76,0,1,0,0,1,3085.33,653,1650468.0100000005,141.9555314990617,0.46372997377914194,176.42614234042554,3147.31,3041.8134434630406,3353.962214523033
2009-11-27,24.0,246.25150063829787,105.90331744680852,176.69191531914893,0.0,36.42134541666667,69.55958531914894,87.08664,36.5654129787234,3099.79,439791.82,1324.12,0,0,0,0,1,3099.79,654,1653567.8000000005,141.87794011852415,0.42716442081560363,176.69191531914893,3085.33,3076.3809824928144,3332.5442145230327
2009-11-28,24.0,246.94744479166667,105.90802645833334,176.94697833333333,0.0,37.13863333333333,70.00046645833334,88.11151145833334,37.0868325,3091.19,438508.15,1324.91,0,1,0,0,1,3091.19,655,1656658.9900000005,141.8573914900087,0.428608400001294,176.94697833333333,3099.79,3057.620982492814,3318.944274216448
2009-11-29,24.0,243.88124125,105.94724229166667,177.46608145833332,0.0,39.650533125,66.41515979166667,88.04719354166667,33.94137666666666,3281.29,475553.35,1474.73,0,1,0,0,1,3281.29,656,1659940.2800000005,144.9287780110871,0.44943604497011846,177.46608145833332,3091.19,3069.559553921386,3307.9846075497812
2009-11-30,24.0,242.97324021276594,105.96852404255318,177.64633255319148,0.0,39.43366208333333,65.32690765957447,88.26690297872341,32.81400574468085,3325.36,469593.36,1595.92,0,1,0,0,1,3325.36,657,1663265.6400000006,141.21579618447325,0.47992397815574855,177.64633255319148,3281.29,3134.635168539326,3313.531607549781
2009-12-01,24.0,243.13068083333334,105.97789916666666,177.95562979166667,0.0,40.270021875,65.17505104166666,87.303148125,32.684225625,3305.28,467211.25,1463.65,0,1,0,0,1,3305.28,658,1666570.9200000006,141.35300186368477,0.44282178816923223,177.9556297916667,3325.36,3190.792857142857,3316.171607549781
2009-12-02,24.0,243.13609125,105.984865,178.25176854166668,0.0,40.31320770833333,64.88432270833333,84.90455604166667,32.42275791666667,3319.05,469784.78,1620.14,0,1,0,0,1,3319.05,659,1669889.9700000007,141.54194121811963,0.48813365270182735,178.25176854166665,3305.28,3215.327142857143,3319.6882742164476
2009-12-03,24.0,243.218280625,105.98928104166667,178.40573041666667,0.0,40.26449375,64.81255020833333,84.77880208333333,32.192942708333334,3300.4,467067.52,1595.67,0,1,0,0,1,3300.4,660,1673190.3700000006,141.5184583686826,0.48347776027148226,178.40573041666667,3319.05,3246.0514285714285,3321.0479408831143
2009-12-04,24.0,243.15455625,105.99163458333334,178.54082375,0.0,40.29131770833333,64.6137325,85.82367583333334,31.213257708333334,2913.03,411044.47,1476.4,0,1,0,0,1,2913.03,661,1676103.4000000006,141.10547093576102,0.5068262256138797,178.54082375000002,3300.4,3219.371428571428,3321.3199176273006
2009-12-05,24.0,244.41510791666667,105.98558333333334,178.89387145833334,0.0,39.20697770833333,65.52123645833333,86.06374229166667,32.0784275,2797.51,394717.73,1399.1,0,1,0,0,1,2797.51,662,1678900.9100000006,141.09609259663057,0.5001233239559465,178.89387145833334,2913.03,3177.417142857143,3293.6089176273003
2009-12-06,24.0,241.79826291666666,106.01499708333333,179.16824854166666,0.0,41.783863125,62.630014375,85.78873625,28.867581875,3031.7,425640.6,1564.79,0,1,0,0,1,3031.7,663,1681932.6100000006,140.3966751327638,0.5161427581884751,179.16824854166666,2797.51,3141.7614285714285,3274.363584293967
2009-12-07,24.0,243.184471875,106.00005604166667,179.089074375,0.0,40.260999166666664,64.0953975,86.61759958333333,30.503508125,2895.94,406574.03,1484.8,0,1,0,0,1,2895.94,664,1684828.5500000005,140.39449367044898,0.5127178049268977,179.089074375,3031.7,3080.415714285715,3250.215584293967
2009-12-08,24.0,243.09804854166666,106.00136833333333,179.15396895833334,0.0,40.28700979166667,63.944079583333334,86.45494208333334,30.369355416666668,2763.86,387412.0,1595.82,0,1,0,0,1,2763.86,665,1687592.4100000006,140.1706309292077,0.5773881455645365,179.15396895833334,2895.94,3003.07,3221.197584293967
2009-12-09,24.0,242.27472458333332,106.01177020833333,179.30617104166666,0.0,41.02846541666667,62.968553541666665,86.944253125,29.324117708333333,2821.19,393678.57,1665.62,0,1,0,0,1,2821.19,666,1690413.6000000006,139.54344443302296,0.5903962512273189,179.30617104166666,2763.86,2931.947142857143,3198.277982827329
2009-12-10,24.0,241.12866458333335,106.02915145833333,179.41638875,0.0,42.017590416666664,61.71227583333334,88.993725625,27.962288125,2900.0,404484.81,1326.08,0,1,0,0,1,2900.0,667,1693313.6000000006,139.47752068965517,0.45726896551724133,179.41638875,2821.19,2874.747142857143,3181.217136808043
2009-12-11,24.0,240.70426854166666,106.0405575,179.55516104166668,0.0,42.24798916666666,61.1491075,89.32445104166666,27.39670041666667,2919.38,408678.96,1118.89,0,1,0,0,1,2919.38,668,1696232.9800000004,139.98827148230103,0.3832628845850832,179.55516104166668,2900.0,2875.654285714286,3157.182803474709
2009-12-12,24.0,240.602291875,106.045534375,179.70594833333334,0.0,42.278789583333335,60.89634354166667,89.26265583333333,27.311302291666667,2919.95,408027.44,1804.23,0,1,0,0,1,2919.95,669,1699152.9300000004,139.73781742838062,0.6178975667391565,179.7059483333333,2919.38,2893.145714285714,3133.346136808043
2009-12-13,24.0,240.40265770833332,106.050756875,179.930799375,0.0,42.361376666666665,60.47185833333333,89.25982520833334,27.89287875,2920.02,408533.38,2079.2,0,1,0,0,1,2920.02,670,1702072.9500000004,139.9077335086746,0.7120499174663186,179.930799375,2919.95,2877.191428571429,3110.2114701413757
2009-12-14,24.0,240.31943145833333,106.056878125,180.09353416666667,0.0,42.330326666666664,60.22589729166667,89.24958041666666,27.663938125,2910.86,408316.73,1921.74,0,1,0,0,1,2910.86,671,1704983.8100000005,140.273572071484,0.6601966429165264,180.09353416666664,2920.02,2879.3228571428567,3086.4131368080425
2009-12-15,24.0,240.25340145833334,106.058900625,180.159658125,0.0,42.294205833333336,60.093743333333336,89.18042604166666,27.540335,2874.91,415935.17,1868.78,0,1,0,0,1,2874.91,672,1707858.7200000004,144.6776316475994,0.6500307835723553,180.15965812500002,2910.86,2895.1871428571426,3062.8948034747095
2009-12-16,24.0,240.2455825,106.061459375,180.25159270833333,0.0,42.291720625,59.993989791666664,88.76269875,27.463735625,2894.13,404955.22,1165.29,0,1,0,0,1,2894.13,673,1710752.8500000003,139.92295439389383,0.40263913507686244,180.25159270833336,2874.91,2905.6071428571427,3042.4831368080427
2009-12-17,22.85833,240.20058326582037,106.06672863102423,180.6804896750725,0.0,42.33026456521739,59.520093590747884,87.64133004647759,27.26583478044109,2753.06,387138.84,1817.45,0,1,0,0,1,2890.5628713908673,674,1713505.9100000004,140.62128685898602,0.6601563351325435,180.6804896750725,2894.13,2904.2589816272666,3028.964565854405
2009-12-18,23.475,247.31007582340789,105.95220097811715,181.03018651142918,0.0,34.6593675,66.2798893119787,84.4423360368477,33.66690205402769,2129.71,294892.69,1575.24,0,1,0,0,1,2177.3392971246008,675,1715635.6200000003,138.46612449582338,0.7396499992956788,181.03018651142918,2890.5628713908673,2798.2531669307814,2994.8458757585586
2009-12-19,15.025,237.21891815537438,106.05870057542762,179.77403233090848,0.0,42.943072580645165,57.44488582446589,87.63410208475874,24.869206731574042,1770.13,246139.45,1404.76,0,1,0,0,1,2827.4955074875206,676,1717405.7500000002,139.05162332710026,0.7935914311378259,179.77403233090848,2177.3392971246008,2785.0453822861414,2982.431059341476
2009-12-20,22.475,236.75103260997108,105.96934989123915,180.86711061539933,0.0,45.45265173913044,55.88392199457174,83.24604859878532,23.054167219906564,2753.3,380166.76,2296.83,0,1,0,0,1,2940.1201334816465,677,1720159.0500000003,138.07676606254313,0.8342098572621943,180.86711061539933,2827.4955074875206,2787.9168299263765,2985.174489564478
2009-12-21,24.0,232.69639854166667,106.07964270833334,179.48614770833333,0.0,48.298579583333336,53.21025083333333,85.86519645833333,20.342120625,3061.28,423081.69,2407.76,0,0,0,0,1,3061.28,678,1723220.3300000003,138.20417929754873,0.7865206710918309,179.48614770833333,2940.1201334816465,2809.405401354948,2979.8001562311447
2009-12-22,24.0,232.484126875,106.093731875,179.66183333333333,0.0,48.580620625,52.82229354166667,86.59626166666666,19.94585125,3042.09,422437.44,1795.87,0,1,0,0,1,3042.09,679,1726262.4200000004,138.86421506267072,0.5903408511911218,179.66183333333333,3061.28,2833.2882584978056,2974.6124895644775
2009-12-23,24.0,231.28359729166667,106.12099875,180.02109916666666,0.0,51.13866395833333,51.262498125,88.05199708333333,18.220924166666666,3221.53,447369.71,2270.41,0,1,0,0,1,3221.53,680,1729483.9500000004,138.86870834665515,0.7047614021908843,180.02109916666666,3042.09,2880.059687069234,2986.335799641997
2009-12-24,24.0,230.62386229166665,106.14798354166666,180.24508833333334,0.0,52.57535583333333,50.37877395833333,88.871218125,17.256121458333332,3305.48,459026.57,2589.36,0,1,0,0,1,3305.48,681,1732789.4300000004,138.8683549741641,0.7833537035468374,180.2450883333333,3221.53,2939.333562584824,2999.4459269828217
2009-12-25,18.83334,236.3295855255361,106.06397119110046,181.4150935830766,0.0,44.010923846153844,54.91449194245949,83.37013591797843,22.282715268210524,2205.81,308848.3,1594.68,0,1,0,0,1,2810.942721790187,682,1734995.2400000005,140.0158218522901,0.7229453126062535,181.4150935830766,3305.48,3029.84833753705,2988.233684375827
2009-12-26,24.0,234.64457166666668,106.11363875,180.210671875,0.0,47.01092583333333,54.43389979166667,89.05382625,21.6408175,2991.82,417845.52,2372.37,0,1,0,0,1,2991.82,683,1737987.0600000005,139.6626535018818,0.7929521161032415,180.210671875,2810.942721790187,3053.3232650388336,2985.116684375827
2009-12-27,24.0,231.95733875,106.15142083333333,180.542661875,0.0,51.02366833333333,51.414676875,89.406484375,18.3789,3205.5,447403.58,1758.79,0,1,0,0,1,3205.5,684,1741192.5600000005,139.5737264077367,0.5486788332553424,180.542661875,2991.82,3091.234674541455,2988.640351042494
2009-12-28,24.0,233.45148541666666,106.13453395833334,180.41495375,0.0,48.284589583333336,53.03653166666667,89.14853958333333,20.166332708333332,2912.11,405892.82,2311.77,0,1,0,0,1,2912.11,685,1744104.6700000006,139.38100552520336,0.7938470730844644,180.41495375,3205.5,3069.9246745414553,2982.6710177091604
2009-12-29,24.0,233.68708895833333,106.13504541666667,180.65252625,0.0,48.18231291666667,53.03456270833333,88.95679875,20.169319791666666,2892.66,405099.21,2202.17,0,1,0,0,1,2892.66,686,1746997.3300000005,140.0438385430711,0.7612958315183949,180.65252625,2912.11,3048.5775316843124,2969.7166843758273
2009-12-30,24.0,233.80362645833333,106.13738895833333,180.861755,0.0,48.233846666666665,52.94187145833333,88.75507458333334,20.087271041666668,2891.58,404603.78,2349.65,0,1,0,0,1,2891.58,687,1749888.9100000006,139.92480927382263,0.8125834318953652,180.861755,2892.66,3001.4418173985982,2955.257351042494
2009-12-31,24.0,233.68235479166665,106.14134,180.97501645833333,0.0,48.568919791666666,52.70733833333333,89.08742625,19.790474375,2891.08,420898.76,2276.11,0,1,0,0,1,2891.08,688,1752779.9900000007,145.58530376191598,0.787287103781286,180.97501645833333,2891.58,2942.241817398598,2941.4506843758277
2010-01-01,24.0,232.949280625,106.15509125,181.26834354166667,0.0,50.15082541666666,51.68093708333333,87.92496854166667,18.7117475,2956.17,414039.25,2433.18,0,1,0,0,1,2956.17,689,1755736.1600000006,140.05935044331008,0.8230852758806158,181.26834354166667,2891.08,2962.9885714285715,2929.3546843758277
2010-01-02,24.0,232.88900583333333,106.16427541666667,181.54617666666667,0.0,50.69465375,51.34282916666667,88.17133145833333,18.36547375,2973.26,416049.71,2626.33,0,1,0,0,1,2973.26,690,1758709.4200000006,139.93048371148166,0.8833166288854657,181.54617666666667,2956.17,2960.337142857143,2918.4500177091604
2010-01-03,24.0,235.012014375,106.15275145833333,181.58954458333332,0.0,47.66567645833333,53.422469791666664,89.03796708333333,20.64277625,2829.96,396691.77,2352.4,0,1,0,0,1,2829.96,691,1761539.3800000006,140.17575160072934,0.8312484982119889,181.58954458333335,2973.26,2906.6885714285713,2915.6810177091606
2010-01-04,24.0,237.12910625,106.12373395833333,181.54629354166667,0.0,44.706229791666665,55.582812708333336,88.88606958333334,22.976570416666668,2703.2,379733.19,2134.98,0,1,0,0,1,2703.2,692,1764242.5800000005,140.47543282036105,0.7897972773009767,181.54629354166667,2829.96,2876.844285714286,2912.537351042494
2010-01-05,24.0,236.42567895833332,106.13101833333333,181.768476875,0.0,45.74376145833333,54.65720208333333,88.61311270833333,21.957775833333333,2745.86,385609.86,1564.42,0,1,0,0,1,2745.86,693,1766988.4400000006,140.43318304647724,0.5697377142316069,181.76847687499998,2703.2,2855.8728571428574,2903.009351042494
2010-01-06,24.0,236.24584791666666,106.14016729166667,181.93040541666667,0.0,46.05398104166667,54.3154425,88.41957645833334,21.613907083333334,2755.53,386478.04,1598.47,0,1,0,0,1,2755.53,694,1769743.9700000007,140.25542817534193,0.5800952992709206,181.93040541666664,2745.86,2836.4371428571426,2898.329017709161
2010-01-07,24.0,236.64973468085105,106.14049191489362,182.08539680851064,0.0,44.74010166666667,54.564337872340424,88.08216340425533,21.910214468085105,2724.82,382552.45,2041.07,0,1,0,0,1,2724.82,695,1772468.7900000007,140.3954940142835,0.7490659933500193,182.08539680851064,2755.53,2812.6857142857148,2897.0276843758274
2010-01-08,24.0,236.63655914893616,106.14511382978723,182.24780489361703,0.0,44.805229375,54.38875425531915,88.15760574468085,21.766917659574467,2723.08,382201.62,1667.54,0,1,0,0,1,2723.08,696,1775191.8700000008,140.35636852387736,0.6123727543810685,182.247804893617,2724.82,2779.387142857143,2893.757351042494
2010-01-09,22.83333,240.8214618441375,106.1102044105875,182.82205965753133,0.0,39.72879458333333,57.99940218660616,85.77920512118907,25.454393513381536,2301.79,337751.4,1609.05,0,0,0,0,1,2419.400061226286,697,1777493.6600000008,146.7342372675179,0.6990429187719123,182.82205965753133,2723.08,2700.2642944608983,2877.73735308337
2010-01-10,24.0,236.29533574468084,106.13642638297873,182.2057659574468,0.0,44.94371,54.08956978723404,87.83523291666667,21.457005319148937,2726.55,382361.09,1760.21,0,1,0,0,1,2726.55,698,1780220.210000001,140.23622893400085,0.6455814124076213,182.2057659574468,2419.400061226286,2685.491437318041,2871.3096864167032
2010-01-11,24.0,236.346976875,106.14914645833333,182.3793025,0.0,45.877578541666665,53.967674375,88.42902833333333,21.326014583333333,2714.43,380459.93,1998.23,0,1,0,0,1,2714.43,699,1782934.6400000008,140.16199717804474,0.7361508677696608,182.3793025,2726.55,2687.0957230323265,2864.459019750037
2010-01-12,24.0,236.45587,106.1541825,182.57984895833334,0.0,46.005409375,53.87602104166667,86.190626875,21.237742291666667,2711.82,379376.03,1800.96,0,1,0,0,1,2711.82,700,1785646.460000001,139.89720187918078,0.6641148748810761,182.57984895833334,2714.43,2682.2328658894694,2857.519019750037
2010-01-13,24.0,236.377243125,106.16281333333333,182.78331395833334,0.0,46.342773125,53.59392916666667,83.62644833333333,20.92090895833333,2713.46,379315.49,2008.99,0,1,0,0,1,2713.46,701,1788359.9200000009,139.79033779749838,0.7403794417459627,182.78331395833334,2711.82,2676.2228658894696,2850.9390197500375
2010-01-14,24.0,236.17964583333332,106.17480645833334,182.98703104166665,0.0,46.98714666666667,53.192614791666664,84.06443604166667,20.472378541666668,2710.24,379239.91,2593.38,0,1,0,0,1,2710.24,702,1791070.1600000008,139.92853400436863,0.9568820473463606,182.98703104166665,2713.46,2674.1400087466127,2845.450019750037
2010-01-15,24.0,235.084014375,106.199141875,183.33704208333333,0.0,49.223101666666665,51.746972291666665,85.65054083333334,18.891833333333334,2762.75,386570.01,2596.49,0,1,0,0,1,2762.75,703,1793832.9100000008,139.92218260790878,0.9398208306940548,183.33704208333336,2710.24,2679.8071516037553,2841.070686416703
2010-01-16,24.0,235.36720333333332,106.208651875,183.59076604166665,0.0,49.22628708333333,51.77643729166667,84.20190979166667,18.915648125,2734.35,381586.5,2788.24,0,1,0,0,1,2734.35,704,1796567.260000001,139.5529101980361,1.0197085230493534,183.59076604166665,2762.75,2724.7999999999997,2835.8635907036746
2010-01-17,24.0,235.609005625,106.21698666666667,183.8420325,0.0,49.30578979166667,51.766973125,85.16272083333334,18.906339375,2695.51,376652.43,2791.5,0,0,0,0,1,2695.51,705,1799262.770000001,139.73327125479037,1.0356110717452356,183.84203250000002,2734.35,2720.365714285714,2853.135947466188
2010-01-18,24.0,236.040424375,106.22786895833333,184.18267854166666,0.0,49.259787083333336,51.85774583333333,86.589543125,18.983760208333333,2840.81,396261.97,2533.96,0,1,0,0,1,2840.81,706,1802103.580000001,139.4890788190692,0.8919850324379315,184.18267854166666,2695.51,2738.4199999999996,2853.5797638832705
2010-01-19,24.0,236.4683525,106.238085,184.53285520833333,0.0,49.21074375,51.935497291666664,87.825299375,19.064845625,2813.38,392758.46,2477.03,0,1,0,0,1,2813.38,707,1804916.960000001,139.60377197534638,0.8804462959145228,184.53285520833333,2840.81,2752.9285714285716,2849.355092767216
2010-01-20,24.0,194.35770895833335,87.21893708333333,142.34603,0.0,49.24111375,52.011678958333334,86.07685375,19.134864166666667,2789.61,389180.91,2595.68,0,1,0,0,1,2789.61,708,1807706.570000001,139.51086711045627,0.9304813217618232,142.34603,2813.38,2763.807142857143,2840.299426100549
2010-01-21,24.0,237.16083666666665,106.25140333333333,184.90380145833333,0.0,49.08621291666667,52.257035208333335,84.83627875,19.386558333333333,2758.51,386979.33,2599.22,0,1,0,0,1,2758.51,709,1810465.080000001,140.28563608614795,0.9422550579842015,184.9038014583333,2789.61,2770.702857142857,2830.846759433882
2010-01-22,24.0,237.35334208333333,106.25897708333333,185.162684375,0.0,49.161696666666664,52.19065770833333,84.69043666666667,19.30965375,2746.74,386243.74,2595.55,0,1,0,0,1,2746.74,710,1813211.820000001,140.61896648390456,0.9449565666936078,185.162684375,2758.51,2768.4157142857143,2815.0204261005492
2010-01-23,24.0,252.97632979166667,106.14909604166667,186.74539,0.0,34.02368875,66.23093979166667,82.04132041666666,33.5115975,1935.58,282455.75,1786.53,0,1,0,0,1,1935.58,711,1815147.400000001,145.92822306492113,0.9229946579319894,186.74539,2746.74,2654.305714285714,2769.357092767216
2010-01-24,24.0,244.03275208333332,106.17931604166667,185.94552604166665,0.0,43.628586875,58.08722604166667,84.695769375,25.388843958333332,2512.9,360984.86,2321.35,0,1,0,0,1,2512.9,712,1817660.300000001,143.65269608818497,0.923773329619165,185.94552604166665,1935.58,2628.218571428571,2759.4223353742095
2010-01-25,24.0,240.36197041666668,106.25539395833333,186.02199708333333,0.0,46.5828,54.33997333333333,88.50513083333334,21.634882916666665,2689.44,375908.94,2571.56,0,1,0,0,1,2689.44,713,1820349.740000001,139.77219792968052,0.9561693140579451,186.02199708333336,2512.9,2606.594285714286,2749.3430020408764
2010-01-26,23.33333,242.97503704276673,106.23490295353471,186.48931606898373,0.0,42.995354375,56.485720973782996,87.1339204195372,23.80911644352092,2447.28,351147.7,2300.59,0,1,0,0,1,2517.2026453146636,714,1822797.020000001,143.48488934653983,0.9400599849628976,186.48931606898373,2689.44,2564.283235044952,2726.3997568846985
2010-01-27,24.0,243.43003854166668,106.2325475,186.03677020833334,0.0,42.896025625,57.39326833333333,88.67932625,24.976080833333334,2549.27,357687.24,2415.21,0,1,0,0,1,2549.27,715,1825346.290000001,140.3096729652018,0.9474123964899756,186.03677020833334,2517.2026453146636,2529.948949330666,2714.305090218032
2010-01-28,24.0,246.25669854166668,106.19761604166666,186.030101875,0.0,40.23600208333333,60.226596666666666,88.71336604166666,28.1310275,2392.82,335620.77,2351.71,0,1,0,0,1,2392.82,716,1827739.110000001,140.26160346369556,0.9828194348091372,186.030101875,2549.27,2477.707520759238,2697.643756884698
2010-01-29,24.0,245.084685625,106.21104791666667,186.200898125,0.0,41.87789729166666,58.8837875,89.15141375,26.625379375,2431.33,341029.42,2286.59,0,1,0,0,1,2431.33,717,1830170.440000001,140.26455479099917,0.9404687969136235,186.20089812499998,2392.82,2432.6489493306663,2682.3020902180315
2010-01-30,24.0,245.00652229166667,106.222473125,186.37761791666668,0.0,42.23114125,58.628904375,89.23017041666667,26.328934375,2421.01,339827.68,2351.1,0,1,0,0,1,2421.01,718,1832591.4500000011,140.36607862008003,0.97112362195943,186.37761791666668,2431.33,2501.996092187809,2666.6330902180316
2010-01-31,24.0,245.32020833333334,106.22861645833333,186.58473729166667,0.0,42.24381979166667,58.73547104166666,89.12614333333333,26.44391875,2409.79,338546.47,2452.64,0,1,0,0,1,2409.79,719,1835001.2400000012,140.48795538200423,1.017781632424402,186.58473729166667,2421.01,2487.266092187809,2648.4204235513653
2010-02-01,24.0,245.579960625,106.23560541666667,186.787719375,0.0,42.29213125,58.79224125,89.45623166666667,26.4863,2415.98,338847.62,2464.31,0,1,0,0,1,2415.98,720,1837417.2200000011,140.25265937631934,1.0200043046713962,186.78771937500002,2409.79,2448.200377902095,2629.8444235513653
2010-02-02,24.0,246.16799291666666,106.243398125,187.07610354166667,0.0,42.05473541666667,59.091889375,89.50556125,26.743063333333332,2390.72,336402.7,2524.31,0,1,0,0,1,2390.72,721,1839807.940000001,140.711877593361,1.0558785637799493,187.07610354166667,2415.98,2430.1314285714284,2615.203090218032
2010-02-03,24.0,248.22324291666666,106.22577604166666,187.34096166666666,0.0,40.59522104166667,60.88228125,89.43075333333333,28.585971458333333,2475.53,361124.21,2383.69,0,1,0,0,1,2475.53,722,1842283.4700000011,145.87753329590026,0.9629008737522873,187.34096166666666,2390.72,2419.597142857143,2607.614090218032
2010-02-04,24.0,247.96909354166667,106.23614583333334,187.62125895833333,0.0,40.99142166666667,60.34783458333333,87.548205625,28.10829375,2511.6,356664.97,2970.89,0,1,0,0,1,2511.6,723,1844795.0700000012,142.0070751712056,1.1828674948240165,187.62125895833333,2475.53,2436.565714285714,2599.805423551365
2010-02-05,24.0,247.047556875,106.25500875,187.86468416666668,0.0,42.09382479166667,59.182872708333335,86.01821979166667,26.89134375,2595.29,364435.93,2443.85,0,1,0,0,1,2595.29,724,1847390.3600000013,140.42204532056147,0.941648139514274,187.86468416666668,2511.6,2459.988571428571,2594.4640902180317
2010-02-06,24.0,247.635955625,106.257588125,187.96666,0.0,41.78782833333333,59.669295625,88.39131479166667,27.401063958333335,2573.4,361845.85,1801.47,0,1,0,0,1,2573.4,725,1849963.7600000012,140.61002953291364,0.7000349731872231,187.96666000000002,2595.29,2481.7585714285715,2589.4167568846983
2010-02-07,24.0,247.81239833333333,106.26616729166666,188.21495333333334,0.0,41.97939916666667,59.597445,89.703830625,27.270667708333335,2547.01,361152.42,2569.97,0,1,0,0,1,2547.01,726,1852510.7700000012,141.7946611909651,1.0090144915018,188.21495333333334,2573.4,2501.3614285714284,2583.547756884698
2010-02-08,24.0,246.70321291666667,106.28384895833334,188.4005625,0.0,43.33474041666667,58.302650416666665,89.97385916666667,25.871224166666668,2608.51,367110.17,2750.3,0,0,0,0,1,2608.51,727,1855119.2800000012,140.73558084883706,1.0543567017186055,188.4005625,2547.01,2528.8657142857146,2589.8514215104888
2010-02-09,24.0,247.3851825,106.290790625,188.58836979166668,0.0,42.84323375,58.796812708333334,89.97229958333334,26.419362916666667,2579.15,362761.76,2724.61,0,0,0,0,1,2579.15,728,1857698.430000001,140.6516720625012,1.05639842583797,188.58836979166668,2608.51,2555.784285714286,2584.938088177156
2010-02-10,24.0,188.62972916666666,80.61596291666666,128.59290645833335,0.0,41.727705416666666,60.03682270833333,89.643161875,27.782541875,2521.73,355402.62,2616.02,0,0,0,0,1,2521.73,729,1860220.160000001,140.93603200977105,1.0373909974501632,128.59290645833335,2579.15,2562.3842857142854,2578.514754843822
2010-02-11,24.0,250.18886916666668,106.275890625,188.94675708333332,0.0,40.501278125,61.24211208333333,89.82229125,29.007253958333333,2500.81,350905.83,2280.37,0,0,0,0,1,2500.81,730,1862720.9700000011,140.31686933433568,0.9118525597706343,188.94675708333335,2521.73,2560.842857142857,2571.4810881771555
2010-02-12,24.0,252.75539,106.265960625,189.31761645833333,0.0,38.6704075,63.437773541666665,89.674380625,31.452856458333333,2368.79,330996.23,2247.6,0,1,0,0,1,2368.79,731,1865089.7600000012,139.73219660670637,0.9488388586577957,189.31761645833333,2500.81,2528.4857142857145,2559.9920881771554
2010-02-13,24.0,252.443148125,106.215785,188.67268125,0.0,38.78538604166667,63.770466875,89.56456645833333,31.729324375,2426.54,333708.84,2359.86,0,0,0,0,1,2426.54,732,1867516.3000000012,137.5245576005341,0.9725205436547513,188.67268124999998,2368.79,2507.5057142857145,2550.535421510489
2010-02-14,15.33334,222.27034055169324,94.15567602179303,160.84461292008785,0.0,34.2605028125,61.425727631605376,83.64093675278184,31.88566371927447,1436.9,201411.22,1288.17,0,0,0,0,1,2249.059891713091,733,1868953.2000000011,140.17065905769363,0.8964924490222006,160.84461292008785,2426.54,2464.9414131018702,2533.412417900925
2010-02-15,13.7,0.0,0.0,69.25906320044453,0.0,28.8390259375,69.25906320044453,74.33552601296932,38.15258729274847,1006.27,137507.76,672.68,0,0,0,0,1,1762.8087591240876,734,1869959.4700000011,136.65095849026605,0.668488576624564,-69.25906320044453,2249.059891713091,2344.126950119597,2501.027709871728
2010-02-16,24.0,0.0,0.0,59.76869666666666,0.0,41.81106354166667,59.76869666666666,86.36696375,27.405321875,2652.06,372253.28,2368.23,0,1,0,0,1,2652.06,735,1872611.5300000012,140.36382283960396,0.8929775344449221,-59.76869666666666,1762.8087591240876,2354.542664405311,2499.5793765383946
2010-02-17,24.0,0.0,0.0,59.81291354166667,0.0,41.78546291666667,59.81291354166667,85.40278979166666,27.45988875,2606.4,366025.93,2295.59,0,1,0,0,1,2606.4,736,1875217.930000001,140.43352133210558,0.8807512277470841,-59.81291354166667,2652.06,2366.6383786910255,2491.7657098717286
2010-02-18,21.6,0.0,0.0,61.798073386388864,0.0,39.01851272727273,61.798073386388864,84.57398356149355,29.239744711673946,2141.69,300735.42,1978.55,0,1,0,0,1,2379.6555555555556,737,1877359.620000001,140.41967791790594,0.9238265108395706,-61.798073386388864,2606.4,2349.3306009132475,2477.3082283902468
2010-02-19,24.0,0.0,0.0,60.52881145833334,0.0,41.37896958333334,60.52881145833334,88.9520725,28.172633333333334,2560.92,359808.72,2446.05,0,1,0,0,1,2560.92,738,1879920.540000001,140.49978913827843,0.955145026006279,-60.52881145833334,2379.6555555555556,2376.7777437703908,2469.6852283902467
2010-02-20,24.0,0.0,0.0,61.03668574468085,0.0,40.98188666666667,61.03668574468085,89.6155840425532,28.707856786347516,2519.31,353951.9,2469.47,0,1,0,0,1,2519.31,739,1882439.850000001,140.49557220032472,0.980216805395128,-61.03668574468085,2560.92,2390.030600913248,2461.711895056913
2010-02-21,24.0,0.0,0.0,61.19585893617021,0.0,40.09620458333333,61.19585893617021,89.73412829787235,28.837432340425533,2492.65,350037.93,2467.4,0,1,0,0,1,2492.65,740,1884932.500000001,140.42803040940365,0.9898702184422201,-61.19585893617021,2519.31,2424.8291878113773,2453.242228390247
2010-02-22,24.0,0.0,0.0,61.63913854166667,0.0,40.834275416666664,61.63913854166667,89.87097604166667,29.283584583333333,2485.03,350026.96,2478.53,0,1,0,0,1,2485.03,741,1887417.530000001,140.85421906375376,0.9973843374124256,-61.63913854166667,2492.65,2528.0036507936506,2471.5572283902466
2010-02-23,23.08333,71.15459619560956,30.076100155393526,7.219359749568195,0.0,37.11507541666667,63.935236446041365,88.95075290617515,31.642674747196352,2144.8,307980.27,2126.16,0,1,0,0,1,2229.9728851946406,742,1889562.330000001,143.59393416635584,0.9913092129802311,7.219359749568191,2485.03,2467.7054915357426,2462.126324563402
2010-02-24,24.0,250.82753770833332,106.34897229166667,190.24583833333332,0.0,41.87801104166667,60.581699375,89.33739291666667,28.12712625,2532.28,360704.44,2650.72,0,1,0,0,1,2532.28,743,1892094.610000001,142.44255769504161,1.0467720789170232,190.24583833333332,2229.9728851946406,2457.116920107171,2456.8876578967347
2010-02-25,18.5,49.450439538451974,20.959721121511343,10.66670524276095,0.0,40.52809641025641,60.11714478121292,87.48883422459483,28.340810479430477,1709.58,243034.51,1755.05,0,0,0,0,1,2217.8335135135135,744,1893804.190000001,142.16036102434518,1.0265971759145522,-10.666705242760948,2532.28,2433.9994855297364,2446.9086868366962
2010-02-26,20.35833,255.3807619022582,106.21910158042432,191.41360407880705,0.0,36.961890476190476,63.96715782345114,83.63661998907573,31.671790240795783,1660.01,239149.24,2391.98,0,1,0,0,1,1956.950299950929,745,1895464.2000000011,144.06493936783514,1.4409431268486335,191.41360407880705,2217.8335135135135,2347.7180998084405,2427.1646968350606
2010-02-27,17.6,251.2877470773099,106.32861078661435,191.87734186408662,0.0,39.41236552631579,59.41040521322328,89.2307432960866,28.449663758500677,1630.02,227261.56,2474.42,0,1,0,0,1,2222.754545454545,746,1897094.2200000011,139.42255923240205,1.518030453614066,191.87734186408662,1956.950299950929,2305.3530348733757,2421.4958483502123
2010-03-02,1.525,279.67937399842623,102.80330453652459,178.16601314793442,0.0,7.91389,101.51336085049181,12.134665158360656,76.57354725836066,51.61,3684.87,31.04,0,1,0,0,3,812.2229508196722,749,1897145.8300000012,71.39837240844797,0.6014338306529742,178.16601314793442,2222.754545454545,2065.2920278476145,2367.5256133775347
2010-03-03,23.5,252.14321808510638,106.13431680851063,188.59519468085105,0.0,38.44253042553191,63.54802340425532,82.91282595744681,31.23599319148936,2114.14,291748.79,2110.01,0,1,0,0,1,2159.1217021276593,750,1899259.9700000011,137.99880329590283,0.9980464869876169,188.59519468085108,812.2229508196722,2018.7336995801372,2358.7960034484568
2010-03-04,23.66666,247.4146585060376,106.2480783500925,186.97057691341743,0.0,40.985750208333336,60.444081592620165,89.21926883383206,27.959868913281383,2332.95,322809.68,1966.81,0,0,0,0,1,2365.8091171293286,751,1901592.920000001,138.36973788550978,0.8430570736621017,186.97057691341743,2159.1217021276593,2038.138875570807,2357.3299740194343
2010-03-05,24.0,244.44574791666668,106.2679075,185.90380583333334,0.0,43.07370958333333,58.54194208333333,89.340886875,25.663469583333335,2475.08,341962.9,2141.58,0,1,0,0,1,2475.08,752,1904068.0000000012,138.1623624286892,0.8652568805856781,185.90380583333334,2365.8091171293286,2029.9674469993784,2359.299974019434
2010-03-06,20.99166,244.46063561498232,106.26336384957169,185.19409059642734,0.0,41.36151465116279,59.266545018554986,88.41124434094303,26.603943324048693,2079.02,286933.52,1840.75,0,1,0,0,1,2376.966852550013,753,1906147.0200000012,138.01383344075575,0.8853931179113236,185.19409059642734,2475.08,2052.7007811474496,2358.841535771101
2010-03-08,12.00834,248.9366394231426,105.97460857540676,184.76926197024736,0.0,37.2550432,64.16737745289524,80.31029537037593,31.562705879122344,1151.8,159842.09,746.82,0,1,0,0,2,2302.000109923603,755,1907298.8200000012,138.77590727556867,0.6483938183712451,184.76926197024736,2376.966852550013,2101.993611143546,2353.0572061018884
2010-03-09,24.0,244.020185,106.27570375,184.43989479166666,0.0,42.28963770833333,59.58029020833333,89.23775041666667,26.735780833333333,2406.83,331941.06,2575.17,0,1,0,0,1,2406.83,756,1909705.6500000013,137.9162882297462,1.0699426216226324,184.43989479166666,2302.000109923603,2128.2901046500397,2349.5648727685543
2010-03-10,24.0,242.90825583333333,106.26686333333333,183.48276354166666,0.0,42.239920833333336,59.425492291666664,89.451894375,26.629664166666668,2353.48,324892.56,2029.42,0,0,0,0,1,2353.48,757,1912059.1300000013,138.04772507095876,0.8623060319186906,183.48276354166666,2406.83,2348.469683104372,2341.5045394352214
2010-03-11,23.66666,243.73854832905025,106.24403233245418,183.39971401183774,0.0,39.95633291666667,60.33883431721248,88.61789760358242,27.62401692158505,2412.87,334738.39,2137.27,0,1,0,0,1,2446.854773761908,758,1914472.0000000014,138.73038746389156,0.8857791758362449,183.39971401183777,2353.48,2389.57440762355,2337.286365227285
2010-03-12,21.75,251.86587089139312,106.10490179243219,185.5115379880138,0.0,30.612714222222223,66.35433290337932,81.35957768203679,33.616143717632184,2035.34,288250.75,1671.35,0,1,0,0,1,2245.8924137931035,759,1916507.3400000015,141.62289838552772,0.8211650141991018,185.5115379880138,2446.854773761908,2372.4434500040893,2327.2491123537216
2010-03-13,24.0,239.66761319148935,106.2792855319149,183.30120510638298,0.0,43.45385208333333,56.366408085106386,89.47860531914894,23.40332021276596,2651.61,382979.15,2403.79,0,1,0,0,1,2651.61,760,1919158.9500000016,144.43268429369326,0.9065398003477132,183.30120510638295,2245.8924137931035,2397.662021432661,2328.6857790203885
2010-03-14,24.0,239.39903979166667,106.32872479166667,184.15195208333333,0.0,46.103766875,55.24708770833333,89.16545729166667,22.24929291666667,2682.95,383733.68,2516.72,0,1,0,0,1,2682.95,761,1921841.9000000015,143.02677276878063,0.938042080545668,184.15195208333333,2651.61,2441.373899639802,2332.145779020388
2010-03-15,24.0,241.30736520833332,106.325851875,184.62064354166668,0.0,44.316175,56.686721666666664,89.7464225,23.812407708333332,2551.43,360311.81,2929.68,0,1,0,0,1,2551.43,762,1924393.3300000015,141.21955530819972,1.148250196948378,184.62064354166665,2682.95,2477.006741079287,2333.1357790203883
2010-03-16,24.0,243.61457666666666,106.3179175,185.099485,0.0,42.54006104166667,58.51509166666666,89.63972645833333,25.696933958333332,2443.69,346536.72,2514.63,0,1,0,0,1,2443.69,763,1926837.0200000014,141.80878916720204,1.0290298687640413,185.09948500000002,2551.43,2482.2724553650014,2331.2317790203883
2010-03-17,24.0,244.47409354166666,106.30932895833334,185.509355,0.0,41.93866375,58.96473854166667,88.92377458333333,26.19894625,2363.55,330494.63,2707.64,0,0,0,0,1,2363.55,764,1929200.5700000015,139.82976031816546,1.1455818577986503,185.509355,2443.69,2483.7110267935727,2331.0571123537215
2010-03-18,24.0,243.128516875,106.29841520833334,185.23163791666667,0.0,42.64224541666667,57.89687895833333,88.238936875,25.014584583333335,2302.63,336306.51,2355.55,0,1,0,0,1,2302.63,765,1931503.2000000014,146.0532130650604,1.0229824157593708,185.23163791666667,2363.55,2463.107487684729,2326.9267790203885
2010-03-19,24.0,242.344761875,106.28730395833334,184.85507270833332,0.0,42.677826458333335,57.489689166666665,87.249708125,24.344695416666667,2275.39,318025.91,2039.45,0,1,0,0,1,2275.39,766,1933778.5900000012,139.76764862287345,0.8963078856811361,184.85507270833332,2302.63,2467.3214285714284,2327.804449296619
2010-03-20,24.0,241.64494083333332,106.27946333333334,184.38850770833332,0.0,42.7358275,57.256433125,88.91318520833333,24.119317083333332,2251.88,314261.45,2036.45,0,1,0,0,1,2251.88,767,1936030.4700000011,139.55514947510525,0.9043332682025685,184.38850770833332,2275.39,2410.217142857143,2344.106823992483
2010-03-21,24.0,240.82297125,106.27297375,183.97239458333334,0.0,42.770594375,56.85057666666667,89.55625479166666,23.727220833333334,2220.6,309661.36,2031.36,0,0,0,0,1,2220.6,768,1938251.0700000012,139.44941006935062,0.9147797892461497,183.9723945833333,2251.88,2344.167142857143,2329.7248239924825
2010-03-22,24.0,238.61804354166668,106.27817166666667,183.74264916666667,0.0,45.04113625,54.875394375,88.50821770833333,21.6185225,2650.03,370156.14,2364.9,0,0,0,0,1,2650.03,769,1940901.1000000013,139.67998098134737,0.892404991641604,183.7426491666667,2220.6,2358.252857142857,2331.1791573258156
2010-03-23,24.0,235.97377,106.3082925,183.635305,0.0,48.26827458333333,52.338465,89.141555,18.904521041666666,2763.87,391352.4,2744.65,0,1,0,0,1,2763.87,770,1943664.9700000014,141.59580588088443,0.993045982625811,183.63530500000002,2650.03,2403.9928571428572,2343.986305473964
2010-03-24,24.0,236.84076645833332,106.321161875,184.08739770833333,0.0,47.668794166666665,52.75336875,87.89841770833333,19.373776666666668,2723.29,384920.14,2563.73,0,0,0,0,1,2723.29,771,1946388.2600000014,141.34379372009593,0.9414091044288343,184.08739770833333,2763.87,2455.384285714286,2349.398638807297
2010-03-25,24.0,237.291771875,106.33325354166666,184.50944041666668,0.0,47.665281875,52.78233145833333,87.83805666666666,19.339485416666665,2710.55,382931.93,2632.92,0,0,0,0,1,2710.55,772,1949098.8100000015,141.2746232314475,0.9713600560771799,184.50944041666668,2723.29,2513.6585714285716,2355.7733054739642
2010-03-26,24.0,238.49727708333333,106.340011875,184.94373166666668,0.0,46.88428020833334,53.553545416666665,86.82194625,20.133738333333334,2607.98,368334.37,2647.59,0,0,0,0,1,2607.98,773,1951706.7900000014,141.23358691401006,1.0151879999079747,184.94373166666668,2710.55,2561.171428571429,2359.617638807297
2010-03-27,24.0,239.16599270833333,106.34588958333333,185.27799375,0.0,46.515119166666665,53.887998958333334,88.29758520833333,20.455441458333333,2538.52,359368.76,2546.04,0,0,0,0,1,2538.52,774,1954245.3100000015,141.5662512014875,1.0029623560184675,185.27799375,2607.98,2602.12,2361.400638807297
2010-03-28,23.0,239.7742759090909,106.35765431818182,185.6846459090909,0.0,45.70987456521739,54.08963,89.24529909090909,20.642884090909092,2372.26,334871.43,2456.03,0,0,0,0,1,2475.401739130435,775,1956617.5700000015,141.16135246558133,1.035312318211326,185.6846459090909,2538.52,2638.520248447205,2369.581600605157
2010-03-29,24.0,240.441418125,106.36575958333333,186.0540175,0.0,46.67963354166667,54.387400625,89.95929583333333,20.932380833333333,2380.49,336591.37,2496.2,0,0,0,0,1,2380.49,776,1958998.0600000015,141.3958344710543,1.048607639603611,186.05401750000001,2475.401739130435,2600.0145341614907,2364.5219339384903
2010-03-30,24.0,242.177021875,106.35990875,186.42994479166666,0.0,45.17448104166667,55.74707708333333,87.89962583333333,22.368583958333332,2555.35,363966.9,2556.96,0,0,0,0,1,2555.35,777,1961553.4100000015,142.43328702526074,1.0006300506779893,186.42994479166668,2380.49,2570.2259627329195,2375.77248348804
2010-03-31,24.0,242.62603,106.36514191489361,186.84010829787235,0.0,44.145559375,55.78592170212766,87.41716914893617,22.34855829787234,2530.06,360196.09,2766.34,0,0,0,0,1,2530.06,778,1964083.4700000016,142.36661976395817,1.0933890895868084,186.84010829787232,2555.35,2542.6216770186334,2394.876140156342
2010-04-01,0.0,270.79869095514755,103.85414281068853,215.27503773167214,0.0,5.294674,55.52365322347541,43.17654620918033,19.21793392609836,0.0,0.0,0.0,1,0,0,0,1,0.0,779,1964083.4700000016,,,215.27503773167214,2530.06,2155.400248447205,2320.784321974524
2010-04-02,9.14166,249.6686918394143,105.91124664379336,195.52158398595003,0.0,35.25644714285714,54.14710785346425,75.84741169487818,23.09241746342568,805.18,116946.9,817.6,0,0,0,0,1,2113.8742854142465,780,1964888.6500000015,145.24317543903226,1.0154251223328945,195.52158398595003,0.0,2084.813717792097,2364.172699794343
2010-04-03,23.33334,245.9181375496864,106.35018061255697,188.0258771651465,0.0,42.41543,57.89226038453989,86.36622404453027,24.5744956501941,2329.4,327884.14,2458.74,0,0,0,0,1,2395.953601156114,781,1967218.0500000014,140.7590538336052,1.0555250279041812,188.0258771651465,2113.8742854142465,2064.447089385828,2372.067096428625
2010-04-04,24.0,243.646035625,106.40658395833333,188.12494958333335,0.0,45.92970354166667,55.52108604166666,88.61943416666666,22.213210416666666,2649.88,372779.09,2812.37,0,0,0,0,1,2649.88,782,1969867.9300000013,140.6777250290579,1.0613197578758282,188.12494958333332,2395.953601156114,2089.3725552243372,2381.536125857647
2010-04-05,24.0,244.66048893617022,106.41792425531915,188.48367829787233,0.0,44.419586458333335,56.17681063829787,89.29260255319149,22.959958936170214,2592.21,366142.18,2694.23,0,0,0,0,1,2592.21,783,1972460.1400000013,141.24711346688733,1.039356379305689,188.48367829787236,2649.88,2119.6182695100515,2385.440459190981
2010-04-06,24.0,245.686086875,106.420130625,188.75576395833335,0.0,44.62283583333333,56.93032291666667,87.616963125,23.747151041666665,2569.99,364122.63,2625.16,0,0,0,0,1,2569.99,784,1975030.1300000013,141.68250849225095,1.021467009599259,188.75576395833332,2592.21,2121.70969808148,2391.8745641059804
2010-04-07,24.0,246.05004208333332,106.42892666666667,188.988361875,0.0,44.61910875,57.061680208333335,89.83820625,23.804839166666667,2567.23,364373.14,2832.17,0,0,0,0,1,2567.23,785,1977597.3600000013,141.93240963996215,1.103200726074407,188.98836187499998,2569.99,2127.01969808148,2400.71556044186
2010-04-08,24.0,247.13633854166667,106.43289020833333,189.30053020833333,0.0,43.979726041666666,57.83580833333333,90.65050791666667,24.6347675,2639.66,375786.26,2659.4,0,0,0,0,1,2639.66,786,1980237.0200000012,142.3616147534152,1.007478235833403,189.30053020833333,2567.23,2504.1139837957658,2408.4765604418603
2010-04-09,24.0,248.221621875,106.42064104166667,189.33456770833334,0.0,43.052640833333335,58.887054166666665,90.80313958333333,25.771808125,2594.12,364622.26,2459.18,0,0,0,0,1,2594.12,787,1982831.1400000013,140.55720629731857,0.9479823601067028,189.33456770833334,2639.66,2572.7205144508735,2416.4978937751935
2010-04-10,24.0,247.491640625,106.39641583333334,188.73843333333335,0.0,42.748487708333336,58.75320729166667,90.616705625,25.690335208333334,2574.89,359872.05,2477.55,0,0,0,0,1,2574.89,788,1985406.0300000012,139.76210634240687,0.9621964433432109,188.73843333333332,2594.12,2598.282857142857,2420.7657346497963
2010-04-11,24.0,246.80534395833334,106.38173333333333,188.380495625,0.0,42.691670625,58.42484833333334,90.25517541666666,25.405570208333334,2548.68,356321.96,2401.55,0,0,0,0,1,2548.68,789,1987954.7100000011,139.80647237001116,0.9422720780953279,188.380495625,2574.89,2583.825714285714,2430.8586541900268
2010-04-12,24.0,244.75149229166666,106.37822375,187.90622145833333,0.0,43.89416229166667,56.84527083333333,90.52870958333334,23.724840625,2589.88,362544.04,2447.96,0,0,0,0,1,2589.88,790,1990544.590000001,139.98487960832162,0.9452020943055276,187.90622145833333,2548.68,2583.4928571428572,2428.8009875233597
2010-04-13,24.0,243.24158708333334,106.35666020833334,187.0216,0.0,44.26394895833333,56.219987083333336,90.42058041666667,23.106786666666668,2581.96,362655.22,2477.63,0,0,0,0,1,2581.96,791,1993126.550000001,140.45733473795102,0.9595927125129746,187.0216,2589.88,2585.202857142857,2425.4346541900263
2010-04-14,24.0,242.26480645833334,106.342269375,186.34049583333334,0.0,44.28605354166667,55.924310625,90.36354270833333,22.82103875,2471.34,343955.47,2054.28,0,0,0,0,1,2471.34,792,1995597.890000001,139.17772139810788,0.8312413508460997,186.34049583333334,2581.96,2571.5042857142857,2422.76498752336
2010-04-15,24.0,241.51665083333333,106.33125666666666,185.69079333333335,0.0,44.166538125,55.8258575,90.31281354166667,22.737955416666665,2438.81,340726.46,2585.23,0,0,0,0,1,2438.81,793,1998036.7000000011,139.71012912034968,1.0600374772942542,185.69079333333332,2471.34,2542.8114285714287,2422.602320856693
2010-04-16,24.0,240.28454020833334,106.327613125,185.07612541666666,0.0,44.61248770833333,55.20841479166667,89.91175833333334,22.1027925,2428.33,339139.22,2556.13,0,0,0,0,1,2428.33,794,2000465.0300000012,139.65944496835272,1.0526287613298029,185.07612541666668,2438.81,2519.1271428571426,2424.7616541900265
2010-04-17,23.33333,241.2822512951602,106.30350312610331,184.69283740181535,0.0,42.21623541666666,56.58941389334484,88.45999269214896,23.53157536095791,2276.94,318135.05,2570.24,0,0,0,0,1,2341.9957631422517,795,2002741.9700000011,139.72043619946066,1.1288132317935473,184.69283740181535,2428.33,2485.85653759175,2426.0738462947684
2010-04-18,24.0,238.06549208333334,106.31972520833334,183.79824645833332,0.0,45.676420625,54.267245625,89.71559833333333,21.06727875,2521.84,351073.08,2564.96,0,0,0,0,1,2521.84,796,2005263.8100000012,139.2130666497478,1.0170986263997714,183.79824645833332,2341.9957631422517,2482.0222518774644,2434.288846294768
2010-04-19,24.0,236.85549458333332,106.31647083333333,183.13655666666668,0.0,46.197078958333336,53.71893791666667,89.43696270833334,20.537974166666668,2487.4,353646.98,2693.93,0,0,0,0,1,2487.4,797,2007751.2100000011,142.1753557931977,1.0830304735868777,183.13655666666665,2521.84,2467.3822518774646,2442.1395129614343
2010-04-20,24.0,235.29214208333335,106.307450625,182.491001875,0.0,46.983061875,52.80114020833334,88.708655,19.593567916666668,2345.28,325928.07,1823.37,0,0,0,0,1,2345.28,798,2010096.4900000012,138.97192232910356,0.7774636717151042,182.491001875,2487.4,2433.570823306036,2446.2955129614347
2010-04-21,24.0,234.26195375,106.301703125,181.81667041666665,0.0,47.15139229166667,52.445283333333336,89.49207979166667,19.253095416666667,2727.02,378875.37,2430.84,0,0,0,0,1,2727.02,799,2012823.5100000012,138.93384353616767,0.8913906021958036,181.81667041666668,2345.28,2470.0965375917503,2448.8618462947684
2010-04-22,24.0,233.988531875,106.27939791666667,181.18046208333334,0.0,46.1631425,52.80806979166667,89.200221875,19.682061041666667,2674.99,372845.54,2282.69,0,0,0,0,1,2674.99,800,2015498.5000000012,139.3820313346966,0.853345246150453,181.18046208333334,2727.02,2503.83653759175,2445.899179628102
2010-04-23,24.0,233.61774708333334,106.28743625,181.090935625,0.0,46.16864145833333,52.526811458333334,89.41464375,19.432229791666668,2632.77,377052.69,2252.02,0,0,0,0,1,2632.77,801,2018131.2700000012,143.2152029991226,0.8553804548061548,181.09093562500001,2674.99,2533.0422518774644,2442.8818462947684
2010-04-24,24.0,232.11583604166665,106.33618354166667,182.305595625,0.0,52.598152291666665,49.810240416666666,89.00566270833333,16.356252291666667,2656.07,379250.25,2359.74,0,0,0,0,1,2656.07,802,2020787.3400000012,142.78624057347886,0.8884329102772139,182.305595625,2632.77,2577.9100000000003,2441.065846294768
2010-04-25,24.0,231.335505,106.401721875,183.40461875,0.0,58.578608125,47.93088625,88.74479958333333,13.905250416666666,2788.46,384677.3,2608.4,0,0,0,0,1,2788.46,803,2023575.8000000012,137.9533147328633,0.935426722994054,183.40461875,2656.07,2615.9985714285717,2447.0818462947686
2010-04-26,24.0,238.468001875,106.34663854166666,184.07950979166668,0.0,49.44662041666667,54.38849208333333,88.72266729166667,20.65988395833333,2235.18,319314.57,2082.29,0,0,0,0,1,2235.18,804,2025810.9800000011,142.85854830483453,0.9315983500210274,184.07950979166668,2788.46,2579.967142857143,2436.970512961435
2010-04-27,24.0,232.121239375,106.45568375,185.22636145833334,0.0,61.31323104166667,46.894877916666665,90.29942520833333,13.078923333333334,3115.25,442143.39,2796.42,0,0,0,0,1,3115.25,805,2028926.2300000011,141.92870235133617,0.8976550838616484,185.22636145833332,2235.18,2689.9628571428575,2458.2987883237533
2010-04-28,24.0,240.66509145833334,106.427713125,185.87050145833334,0.0,50.10381104166667,54.79459,88.14327166666666,21.023010208333332,2329.56,333190.64,1941.66,0,0,0,0,1,2329.56,806,2031255.7900000012,143.02728412232355,0.8334878689537939,185.87050145833334,3115.25,2633.182857142857,2456.601121657087
2010-04-29,24.0,238.09951020833333,106.427841875,186.58706583333333,0.0,55.08779020833333,51.512444375,89.71511979166667,17.685892916666667,2704.27,385619.31,2370.42,0,0,0,0,1,2704.27,807,2033960.0600000012,142.5964530168955,0.8765470903423105,186.58706583333333,2329.56,2637.3657142857146,2461.565121657087
2010-04-30,24.0,234.78032020833334,106.50636895833334,187.15959270833332,0.0,61.248712708333336,47.6207275,90.69427583333334,13.756738541666667,3159.22,448847.16,2729.15,0,0,0,0,1,3159.22,808,2037119.2800000012,142.07530972835067,0.8638682966048582,187.15959270833332,2704.27,2712.5728571428567,2482.537121657087
2010-05-01,24.0,235.37167895833332,106.52404958333334,187.628423125,0.0,60.896343125,47.743255833333336,90.71480458333333,14.145545625,3149.16,447855.25,2713.11,0,0,0,0,1,3149.16,809,2040268.440000001,142.21419362623683,0.8615345044392791,187.62842312499998,3159.22,2783.0142857142855,2587.5091216570872
2010-05-02,24.0,236.3676975,106.53193916666666,188.012641875,0.0,59.358246666666666,48.355055625,90.807685,14.792742083333334,3120.6,442383.61,2652.35,0,0,0,0,1,3120.6,810,2043389.0400000012,141.76235659809012,0.8499487278087547,188.01264187499999,3149.16,2830.4628571428575,2621.066645476612
2010-05-03,24.0,236.41840604166666,106.52909291666667,188.0041575,0.0,59.3319225,48.414248541666666,90.71370291666666,14.855715625,3126.64,441909.62,2651.94,0,0,0,0,1,3126.64,811,2046515.680000001,141.33690479236498,0.8481756774044982,188.0041575,3120.6,2957.8142857142857,2645.4228587714083
2010-05-04,24.0,236.684815625,106.53247583333334,188.19453,0.0,59.23650083333333,48.490285625,90.7066175,14.932227708333333,2999.43,425496.49,2431.99,0,0,0,0,1,2999.43,812,2049515.110000001,141.85911656548078,0.8108173886371743,188.19453,3126.64,2941.2685714285717,2657.074525438075
2010-05-05,24.0,237.13440354166667,106.54181416666667,188.56603604166668,0.0,59.116499166666664,48.5683675,90.99649395833333,14.997953958333333,3069.97,432818.08,2783.13,0,0,0,0,1,3069.97,813,2052585.080000001,140.9844656462441,0.9065658622071227,188.56603604166668,2999.43,3047.0414285714282,2672.9998587714085
2010-05-06,24.0,236.95486854166666,106.55394416666667,189.05955895833333,0.0,61.463805,47.895309583333336,90.10630333333333,14.301419583333333,3135.62,444230.83,2614.74,0,0,0,0,1,3135.62,814,2055720.7000000011,141.67240609512632,0.8338829322430651,189.05955895833333,3069.97,3108.662857142857,2691.8541921047417
2010-05-07,24.0,236.97229333333334,106.570943125,189.53031770833334,0.0,63.29177958333333,47.441975625,90.82809729166667,13.814042291666667,3180.69,451352.62,2885.57,0,0,0,0,1,3180.69,815,2058901.390000001,141.90399567389466,0.9072151011258563,189.53031770833334,3135.62,3111.73,2712.3028587714084
2010-05-08,24.0,237.45320416666667,106.579866875,189.95178916666666,0.0,63.2655675,47.501415,91.348904375,13.864274791666666,3165.64,449545.58,2939.23,0,0,0,0,1,3165.64,816,2062067.030000001,142.00780252966226,0.9284789173753175,189.95178916666666,3180.69,3114.0842857142857,2729.835525438075
2010-05-09,24.0,237.93055395833332,106.58651416666666,190.37542270833333,0.0,63.18110458333334,47.55513125,91.08819354166667,13.910798333333334,3153.14,447430.63,2927.32,0,0,0,0,1,3153.14,817,2065220.1700000009,141.90002029722754,0.9283825012527196,190.3754227083333,3165.64,3118.7328571428566,2748.4695254380754
2010-05-10,24.0,238.39276104166666,106.59357083333333,190.8202275,0.0,63.169242708333336,47.572533541666665,90.76356520833333,13.933185208333333,2832.32,402525.76,2779.43,0,0,0,0,1,2832.32,818,2068052.490000001,142.1187436447859,0.9813262625692011,190.8202275,3153.14,3076.6871428571426,2757.050525438075
2010-05-11,24.0,238.56289229166666,106.60411416666666,191.27422583333333,0.0,64.41199541666667,47.28866645833333,91.20804729166667,13.625050625,2840.84,403412.75,2783.22,0,0,0,0,1,2840.84,819,2070893.330000001,142.0047415553146,0.9797172667239266,191.27422583333333,2832.32,3054.031428571428,2766.7891921047417
2010-05-12,24.0,238.938356875,106.614538125,191.75181166666667,0.0,64.95312458333333,47.186545208333335,91.38300375,13.576384375,2819.18,388630.98,2785.05,0,0,0,0,1,2819.18,820,2073712.510000001,137.85248902163042,0.9878936428323131,191.75181166666667,2840.84,3018.2042857142856,2774.432525438075
2010-05-13,20.16667,242.15711149938983,106.57829964336204,193.03996973323805,0.0,59.090224761904764,49.117141766151775,88.90163801545818,15.82658734207482,2233.43,321080.8,2119.03,0,0,0,0,1,2657.9658416585385,821,2075945.9400000009,143.76129988403488,0.9487783364600638,193.03996973323805,2819.18,2949.9679773797907,2776.9660534933596
2010-05-14,24.0,240.03032375,106.63791145833333,193.05569770833333,0.0,65.33195479166666,46.97462604166667,90.46287875,13.618115833333333,2805.15,402508.65,2648.69,0,0,0,0,1,2805.15,822,2078751.0900000008,143.48917170204803,0.944224016541005,193.05569770833335,2657.9658416585385,2896.31940595122,2788.0930534933595
2010-05-15,24.0,240.2774785106383,106.64795723404255,193.45804489361703,0.0,65.25190145833334,46.819433617021275,91.4266040425532,13.428405744680852,2824.14,403614.57,2778.74,0,0,0,0,1,2824.14,823,2081575.2300000007,142.91592130701736,0.9839243097013604,193.45804489361703,2805.15,2847.5336916655056,2800.937386826693
2010-05-16,24.0,240.652215,106.65782583333333,193.87928770833332,0.0,67.27157020833333,46.77292729166667,91.94175958333334,13.352004166666667,2817.07,402721.5,2633.91,0,0,0,0,1,2817.07,824,2084392.3000000007,142.9575764890471,0.9349820913218343,193.87928770833335,2824.14,2799.5236916655053,2813.895386826693
2010-05-17,24.0,240.92758208333333,106.669651875,194.39474604166668,0.0,69.335794375,46.53283604166667,92.03208166666667,13.0998925,2831.56,404825.38,2945.57,0,0,0,0,1,2831.56,825,2087223.8600000008,142.96902767379112,1.0402640240715366,194.39474604166668,2817.07,2799.4151202369344,2830.214194721951
2010-05-18,24.0,241.32687125,106.68040916666666,194.878065,0.0,70.25032270833333,46.44880625,92.16699354166667,13.009493958333334,2834.19,404854.08,3202.2,0,0,0,0,1,2834.19,826,2090058.0500000007,142.84648523916886,1.1298466228446222,194.87806500000002,2831.56,2798.465120236934,2840.625861388618
2010-05-19,24.0,241.96375958333334,106.68667791666667,195.296425625,0.0,68.7334225,46.66733395833333,92.08355479166667,13.252198125,2849.42,407374.39,3049.57,0,0,0,0,1,2849.42,827,2092907.4700000007,142.967477591931,1.0702423651129003,195.296425625,2834.19,2802.7851202369343,2852.6931947219514
2010-05-20,24.0,242.49187145833332,106.69272645833334,195.68360229166666,0.0,67.986588125,46.80826916666667,92.352618125,13.380477083333334,2825.13,403710.79,2976.1,0,0,0,0,1,2825.13,828,2095732.6000000006,142.8998984117545,1.0534382488593446,195.68360229166666,2849.42,2826.6657142857143,2868.6881947219513
2010-05-21,24.0,242.92923645833332,106.70068104166667,196.10248895833334,0.0,68.172224375,46.8267475,92.28545166666666,13.392231041666667,2812.28,403047.36,2857.42,0,0,0,0,1,2812.28,829,2098544.8800000004,143.31693856941698,1.0160510333252735,196.1024889583333,2825.13,2827.684285714286,2871.5301947219514
2010-05-22,24.0,243.45142895833334,106.70821666666667,196.59738708333333,0.0,68.1247275,46.854041875,92.495339375,13.418172291666666,2800.58,404666.48,2855.22,0,0,0,0,1,2800.58,830,2101345.4600000004,144.49381199608652,1.0195102443065365,196.59738708333333,2812.28,2824.318571428572,2875.7165280552845
2010-05-23,24.0,243.87159208333333,106.71711270833333,197.07293354166666,0.0,68.92541645833333,46.79865854166667,92.51392583333333,13.344910625,2808.39,401629.78,2798.98,0,0,0,0,1,2808.39,831,2104153.8500000006,143.0106858377932,0.9966493257702812,197.07293354166666,2800.58,2823.0785714285716,2881.5705280552843
2010-05-24,24.0,244.29388375,106.724156875,197.5329275,0.0,69.693844375,46.76095625,92.10754104166666,13.287440625,2814.61,402992.06,2804.14,0,0,0,0,1,2814.61,832,2106968.4600000004,143.17864997282038,0.9962801240669221,197.5329275,2808.39,2820.657142857143,2886.855194721951
2010-05-25,24.0,244.66451895833333,106.73213041666666,198.013894375,0.0,70.96891333333333,46.65062458333333,91.981165,13.172958541666667,2821.87,404143.03,2933.93,0,0,0,0,1,2821.87,833,2109790.3300000005,143.21816029795846,1.0397112553023349,198.013894375,2814.61,2818.897142857143,2887.968861388618
2010-05-26,24.0,245.10260270833334,106.73843854166667,198.41041958333332,0.0,71.16382020833333,46.692183125,92.27891416666667,13.204905833333333,2817.92,402764.22,3112.21,0,0,0,0,1,2817.92,834,2112608.2500000005,142.9296147513059,1.1044351862366568,198.41041958333335,2821.87,2814.3971428571426,2907.3935280552846
2010-05-27,24.0,245.39923625,106.73974979166667,198.739344375,0.0,71.18004,46.659891875,92.13165208333334,13.1790875,2755.1,394519.14,2702.56,0,0,0,0,1,2755.1,835,2115363.3500000006,143.1959420710682,0.9809299117999347,198.739344375,2817.92,2804.3928571428573,2895.3885280552845
2010-05-28,24.0,247.97529666666668,106.71754104166666,198.90699145833332,0.0,65.78377083333334,49.068305208333335,92.22133125,15.613893541666666,2534.63,361765.59,2162.27,0,0,0,0,1,2534.63,836,2117897.9800000004,142.72915178941307,0.8530909836938725,198.90699145833335,2755.1,2764.7285714285713,2902.2241947219513
2010-05-29,24.0,245.73687083333334,106.7327375,199.01756645833333,0.0,70.22503520833334,46.719304375,92.26931875,13.257003958333334,2778.79,394752.36,3125.92,0,0,0,0,1,2778.79,837,2120676.7700000005,142.0590832700564,1.1249212786860467,199.01756645833333,2534.63,2761.615714285714,2904.7081947219513
2010-05-30,24.0,246.82905833333334,106.72398791666667,198.8828775,0.0,67.32754875,47.94618083333334,91.879296875,14.409873333333334,2649.13,371374.08,2993.44,0,0,0,0,1,2649.13,838,2123325.9000000004,140.1871859818129,1.1299709716019977,198.8828775,2778.79,2738.8642857142854,2887.705194721951
2010-05-31,24.0,259.1251354166667,106.58252229166666,197.86283041666667,0.0,42.274996458333334,61.262305,91.8684425,28.094006041666667,1602.66,220359.45,1668.46,0,0,0,0,1,1602.66,839,2124928.5600000005,137.49606903522894,1.041056743164489,197.8628304166667,2649.13,2565.7285714285713,2836.155194721951
2010-06-01,24.0,257.85850270833333,106.60556416666667,198.91677583333333,0.0,46.6934625,58.941726875,91.79384729166667,25.919568541666667,1858.55,260175.06,1298.1,0,0,0,0,1,1858.55,840,2126787.1100000003,139.98819509832936,0.698447714616233,198.91677583333333,1602.66,2428.111428571429,2794.086861388618
2010-06-02,24.0,248.96656041666665,106.71823958333333,200.19413770833333,0.0,62.16999520833333,48.77242270833333,92.0050375,15.33294875,2696.52,380985.04,2991.67,0,0,0,0,1,2696.52,841,2129483.6300000004,141.28767448414993,1.1094558912969308,200.19413770833333,1858.55,2410.7685714285712,2779.749528055285
2010-06-03,24.0,247.900693125,106.734936875,200.19552666666667,0.0,66.37989229166666,47.70516645833333,92.83613645833333,14.216179583333334,2735.25,388901.37,2971.34,0,0,0,0,1,2735.25,842,2132218.8800000004,142.1812887304634,1.086313865277397,200.19552666666667,2696.52,2407.932857142857,2770.943528055285
2010-06-04,24.0,247.78148770833334,106.75418208333333,200.7927875,0.0,71.00843645833334,46.988700208333334,92.85809541666667,13.465352083333332,2773.45,394726.73,2948.37,0,0,0,0,1,2773.45,843,2134992.3300000005,142.32336259892912,1.0630694622221422,200.7927875,2735.25,2442.0499999999997,2761.0595280552848
2010-06-05,24.0,247.80884479166667,106.7664625,201.330760625,0.0,76.63732583333334,46.47808416666667,92.33567020833334,12.94402625,2810.65,401083.64,3466.63,0,0,0,0,1,2810.65,844,2137802.9800000004,142.70138224254177,1.233390852649743,201.330760625,2773.45,2446.6014285714286,2750.227194721951
2010-06-06,24.0,248.16065479166667,106.77273333333333,201.64916770833332,0.0,76.69223395833333,46.511487083333336,92.76810770833333,12.962672083333333,2800.79,399978.92,3351.18,0,0,0,0,1,2800.79,845,2140603.7700000005,142.80932165567572,1.1965124125693107,201.64916770833332,2810.65,2468.2671428571425,2737.563861388618
2010-06-07,24.0,249.35553020833333,106.76358333333333,201.676661875,0.0,66.77535541666667,47.678868333333334,93.03664375,14.163501458333334,2696.27,386090.76,3162.89,0,0,0,0,1,2696.27,846,2143300.0400000005,143.1943981871252,1.1730613032077648,201.676661875,2800.79,2624.497142857143,2721.918194721951
2010-06-08,24.0,249.63601020833335,106.75726270833333,201.780145625,0.0,65.25718229166667,47.855864583333336,92.982076875,14.363405208333333,2676.08,382028.25,3139.95,0,0,0,0,1,2676.08,847,2145976.1200000006,142.75666273056112,1.1733393620519565,201.78014562500002,2696.27,2741.287142857143,2706.0161947219513
2010-06-09,24.0,249.52268083333334,106.75478604166666,201.82606333333334,0.0,65.90307229166666,47.6966175,93.02768666666667,14.200609791666666,2678.05,382530.29,2962.48,0,0,0,0,1,2678.05,848,2148654.1700000004,142.83911428091332,1.1062078751330258,201.82606333333334,2676.08,2738.6485714285714,2700.873861388618
2010-06-10,24.0,249.540801875,106.75319791666666,201.92433729166666,0.0,66.15916020833333,47.61646458333333,93.110430625,14.116946875,2676.31,374324.71,3077.46,0,0,0,0,1,2676.31,849,2151330.4800000004,139.86597591459883,1.1498892131330078,201.92433729166666,2678.05,2730.2285714285713,2695.3895280552842
2010-06-11,24.0,249.5433675,106.75031604166666,201.71635125,0.0,66.15313354166666,47.82701625,93.011865625,14.321208541666667,2625.55,374541.53,3194.64,0,0,0,0,1,2625.55,850,2153956.0300000003,142.65259850317076,1.2167507760278797,201.71635125,2676.31,2709.1,2688.9351947219516
2010-06-12,24.0,249.58238708333334,106.74755875,201.69494479166667,0.0,66.268035625,47.887442291666666,92.26416583333334,14.395404791666667,2612.81,373944.07,3311.37,0,0,0,0,1,2612.81,851,2156568.8400000003,143.11950352302694,1.2673596625854922,201.69494479166667,2625.55,2680.837142857143,2687.43
2010-06-13,24.0,249.599205,106.7458,201.692484375,0.0,66.29359666666667,47.906720625,92.90210791666667,14.419705208333333,2623.48,374702.75,2951.56,0,0,0,0,1,2623.48,852,2159192.3200000003,142.82660816930184,1.1250552700992575,201.69248437500002,2612.81,2655.5071428571428,2681.374333333333
2010-06-14,23.16667,249.9981670281141,106.74014215895508,201.82588875166348,0.0,64.45721744680851,48.172278276450605,93.00092847701029,14.718821129277535,2597.55,371658.0,3446.49,0,0,0,0,1,2690.9866631673867,853,2161789.87,143.08021019807126,1.32682335277473,201.82588875166348,2623.48,2654.7523804524835,2676.9358887722465
2010-06-15,24.0,250.3833975,106.72942020833334,201.33610958333333,0.0,62.249001666666665,49.04728791666667,92.996796875,15.629095,2534.0,362746.4,3521.41,0,0,0,0,1,2534.0,854,2164323.87,143.15169692186268,1.3896645619573795,201.33610958333333,2690.9866631673867,2634.4552375953413,2667.5002221055793
2010-06-16,24.0,250.96676375,106.7195725,200.96341229166666,0.0,60.22993875,50.003351458333334,92.80671,16.607184583333332,2486.32,356111.93,3385.78,0,0,0,0,1,2486.32,855,2166810.19,143.22851845297467,1.3617635702564432,200.96341229166669,2534.0,2607.065237595341,2655.9922221055795
2010-06-17,24.0,251.06420541666665,106.71771270833334,200.610900625,0.0,60.11688708333333,50.45330479166667,92.87806291666666,17.052240625,2495.41,357432.08,3428.13,0,0,0,0,1,2495.41,856,2169305.6,143.23581295258094,1.3737742495221228,200.610900625,2486.32,2581.222380452484,2644.6995554389127
2010-06-18,24.0,251.1936575,106.71588833333334,201.350375,0.0,60.309644166666665,49.8432825,92.430808125,16.439248958333334,2489.74,357146.72,3365.68,0,0,0,0,1,2489.74,857,2171795.3400000003,143.44739611365043,1.3518198687413143,201.35037499999999,2495.41,2561.8209518810554,2632.7102221055798
2010-06-19,22.58333,255.79833372755922,106.65343446849512,201.09814224241066,0.0,51.97866170212766,54.70019148514856,90.77883307893477,21.158816398808323,1957.44,283896.95,2711.91,0,0,0,0,1,2080.231746159667,858,2173752.7800000003,145.03481588196829,1.385437101520353,201.09814224241066,2489.74,2485.738344189579,2607.880280310902
2010-06-20,24.0,250.70703104166665,106.71319541666666,201.22882020833333,0.0,60.550779375,49.478210833333335,92.56167520833333,16.289309583333335,2452.14,350053.6,3554.23,0,0,0,0,1,2452.14,859,2176204.9200000004,142.75432887192412,1.4494400809089205,201.22882020833333,2080.231746159667,2461.261201332436,2595.875613644235
2010-06-21,24.0,250.93026875,106.71451291666666,201.37157520833333,0.0,59.84522125,49.55869354166666,92.96032104166666,16.381757708333332,2444.37,348878.74,3525.34,0,0,0,0,1,2444.37,860,2178649.2900000005,142.72746760924082,1.4422284678669761,201.37157520833335,2452.14,2426.0302494513808,2584.0019469775684
2010-06-22,24.0,251.02345625,106.710018125,201.54422708333334,0.0,59.675274791666666,49.47922916666667,92.69848166666667,16.45282,2427.99,347999.53,3489.24,0,0,0,0,1,2427.99,861,2181077.2800000007,143.3282385841787,1.4370899385911804,201.54422708333334,2444.37,2410.885963737095,2571.321946977569
2010-06-23,24.0,251.075380625,106.70672145833333,201.69575833333334,0.0,59.818978333333334,49.379622291666664,91.81144333333333,16.236129166666668,2422.22,347806.75,3496.94,0,0,0,0,1,2422.22,862,2183499.500000001,143.5900743945637,1.4436921501762847,201.69575833333334,2427.99,2401.7288208799523,2558.242280310902
2010-06-24,24.0,250.91008083333332,106.69970208333334,201.30066354166667,0.0,59.65103229166667,49.60941729166667,92.646700625,16.440760208333334,2423.79,343279.56,3496.33,0,0,0,0,1,2423.79,863,2185923.290000001,141.62925005879222,1.4425053325576886,201.30066354166667,2422.22,2391.4973923085236,2544.9729469775684
2010-06-25,24.0,250.77244333333334,106.69178270833333,201.42019,0.0,59.64309854166667,49.35225333333333,92.94641666666666,16.183241041666665,2396.54,344715.38,3386.38,0,0,0,0,1,2396.54,864,2188319.830000001,143.8387759019253,1.4130287831623924,201.42019000000002,2423.79,2378.1831065942383,2530.926946977568
2010-06-26,24.0,250.90358083333334,106.68910270833334,201.04097770833334,0.0,59.722017083333334,49.862603125,93.05540791666667,16.711138333333334,2395.14,342561.46,3395.83,0,0,0,0,1,2395.14,865,2190714.970000001,143.02356438454538,1.4178002120961615,201.04097770833334,2396.54,2423.1699999999996,2518.928280310902
2010-06-27,24.0,250.91308270833332,106.68527145833333,201.01465875,0.0,59.633690625,49.89842395833333,92.32278479166666,16.773114791666668,2387.86,343058.41,3390.72,0,0,0,0,1,2387.86,866,2193102.830000001,143.6677234008694,1.4199827460571388,201.01465875,2395.14,2413.9871428571428,2514.035946977568
2010-06-28,24.0,251.07073541666668,106.68642854166667,200.40216395833335,0.0,59.604168333333334,50.66857145833333,91.92283270833333,17.527642291666666,2380.72,342371.26,3396.15,0,0,0,0,1,2380.72,867,2195483.550000001,143.80996505258915,1.4265222285695085,200.40216395833335,2387.86,2404.8942857142856,2500.766946977568
2010-06-29,24.0,251.20011479166666,106.68582833333333,200.90129458333334,0.0,59.75894770833333,50.29882020833333,92.52855125,17.151499791666666,2379.63,342137.65,3366.91,0,0,0,0,1,2379.63,868,2197863.180000001,143.7776671163164,1.4148880288112016,200.90129458333334,2380.72,2397.9857142857145,2491.783613644235
2010-06-30,24.0,251.29047958333334,106.68252479166667,200.86300083333333,0.0,59.74206229166667,50.42747875,93.13174125,17.276253333333333,2375.2,340709.26,3395.81,0,0,0,0,1,2375.2,869,2200238.3800000013,143.44445099360055,1.4296943415291345,200.86300083333333,2379.63,2391.2685714285717,2517.5349469775683
2010-07-01,24.0,251.27619458333334,106.67796229166666,200.82044354166666,0.0,59.859063125,50.455751041666666,90.76356791666667,17.32581875,2370.07,340847.55,3414.0,0,0,0,0,1,2370.07,870,2202608.450000001,143.81328399583134,1.4404637837700995,200.82044354166666,2375.2,2383.594285714286,2534.5856136442353
2010-07-02,24.0,252.57269208333332,106.66631791666667,200.9417775,0.0,57.3407125,51.630914583333336,91.09324979166666,18.529385416666667,2298.14,331205.23,3334.67,0,0,0,0,1,2298.14,871,2204906.5900000012,144.1188221779352,1.4510299633616752,200.9417775,2370.07,2369.537142857143,2521.3062803109015
2010-07-03,24.0,262.270666875,106.52798145833333,198.47569041666668,0.0,41.33990395833333,63.79497645833333,91.40733395833334,30.717036875,1907.63,279405.31,2916.15,0,0,0,0,1,1907.63,872,2206814.220000001,146.46724469629854,1.5286769446905322,198.47569041666668,2298.14,2299.8928571428573,2493.718946977568
2010-07-04,24.0,263.06362541666664,106.476520625,199.113925625,0.0,39.86725666666667,63.94969979166667,90.336479375,30.99175125,1834.07,266509.39,2736.46,0,0,0,0,1,1834.07,873,2208648.290000001,145.3103698332125,1.4920150266892758,199.11392562499998,1907.63,2220.78,2462.406280310902
2010-07-05,24.0,263.6523075,106.46059479166667,197.26746479166667,0.0,39.121178541666666,66.38484270833334,91.12890666666667,33.441683958333336,1800.02,261444.2,2673.75,0,0,0,0,1,1800.02,874,2210448.310000001,145.24516394262287,1.4854001622204198,197.26746479166667,1834.07,2137.822857142857,2428.718613644235
2010-07-06,24.0,263.4149320833333,106.46041583333333,198.21127916666666,0.0,39.409198333333336,65.20365291666667,92.25310875,32.24297375,1793.18,263113.49,2707.0,0,0,0,0,1,1793.18,875,2212241.490000001,146.730105176279,1.5096086282470247,198.21127916666666,1800.02,2054.0442857142857,2395.1316136442347
2010-07-07,24.0,263.73262916666664,106.45404145833334,200.08113729166666,0.0,39.39513770833333,63.651491875,90.256061875,30.718379375,1841.44,268895.24,2815.01,0,0,0,0,1,1841.44,876,2214082.930000001,146.02443739681988,1.5287003649317925,200.08113729166664,1793.18,1977.7928571428572,2366.637280310902
2010-07-08,24.0,263.71417979166665,106.45003104166666,200.87267625,0.0,39.279821875,62.84150354166667,90.8817175,29.885569791666665,1818.54,265260.44,2814.92,0,0,0,0,1,1818.54,877,2215901.470000001,145.86450669218164,1.5479010634904924,200.87267624999998,1841.44,1899.0028571428572,2338.052613644235
2010-07-09,24.0,263.623745,106.44603104166667,200.86769354166665,0.0,39.467538125,62.75605145833333,91.039605,29.80996125,1805.19,263330.08,2834.24,0,0,0,0,1,1805.19,878,2217706.660000001,145.87388585135082,1.570050797976944,200.86769354166665,1818.54,1828.5814285714284,2308.9572803109018
2010-07-10,22.41667,269.3945305761962,106.36918175543914,201.61246016499774,0.0,32.99241869565218,67.78207041119845,89.27348428372278,34.91929363401879,1393.69,206141.46,2237.75,0,0,0,0,1,1492.1288487540746,879,2219100.350000001,147.91055399694335,1.6056296593934087,201.61246016499774,1805.19,1769.224121250582,2269.484575269371
2010-07-11,24.0,263.77980979166665,106.43527208333333,201.04559729166667,0.0,39.693228958333336,62.7342125,90.017214375,29.73850854166667,1729.9,252874.96,2873.24,0,0,0,0,1,1729.9,880,2220830.250000001,146.1789467599283,1.6609283773628531,201.04559729166664,1492.1288487540746,1754.3426926791533,2239.629575269371
2010-07-12,24.0,258.7626975,106.50002166666667,201.57952729166666,0.0,47.93238291666667,57.18317020833334,92.50302958333333,24.144320208333333,2033.15,295470.56,3296.94,0,0,0,0,1,2033.15,881,2222863.400000001,145.32649337235324,1.6215921107640852,201.57952729166666,1729.9,1787.6469783934392,2220.307575269371
2010-07-13,24.0,250.819564375,106.62660458333333,202.8690425,0.0,62.145118333333336,47.950521875,93.10911791666666,14.712965833333334,2582.65,372301.4,4061.44,0,0,0,0,1,2582.65,882,2225446.0500000007,144.15480223801134,1.5725862970205022,202.8690425,2033.15,1900.428406964868,2218.946575269371
2010-07-14,24.0,251.05305125,106.632588125,203.00754333333333,0.0,62.311403125,48.045507916666665,92.99139,14.44629125,2582.08,371452.46,4099.67,0,0,0,0,1,2582.08,883,2228028.130000001,143.85784328913127,1.5877393419258892,203.00754333333333,2582.65,2006.2341212505821,2215.3163531637915
2010-07-15,24.0,251.234908125,106.630324375,203.20694770833333,0.0,62.11277875,48.027960416666666,91.55722791666666,14.383783333333334,2574.44,371282.32,3722.6,0,0,0,0,1,2574.44,884,2230602.5700000008,144.2186727987446,1.4459843694162613,203.20694770833333,2582.08,2114.219835536296,2216.664353163791
2010-07-16,24.0,251.32055916666667,106.62773354166667,203.330948125,0.0,61.9784375,47.98961104166667,90.60581291666666,14.356693958333333,2572.81,371287.4,3905.65,0,0,0,0,1,2572.81,885,2233175.380000001,144.31201682207393,1.5180483595757168,203.330948125,2574.44,2223.8798355362965,2219.5473531637913
2010-07-17,24.0,251.38885708333333,106.62316104166666,203.47352208333334,0.0,61.99488395833333,47.915335,91.73593020833333,14.288308541666666,2562.15,369933.7,3907.52,0,0,0,0,1,2562.15,886,2235737.5300000007,144.38409148566635,1.5250941592022325,203.47352208333334,2572.81,2376.7400000000002,2221.7720198304582
2010-07-18,24.0,251.394578125,106.61751416666667,203.55848375,0.0,62.00894770833333,47.836094375,92.1211725,14.218341666666667,2551.65,368216.34,3037.37,0,0,0,0,1,2551.65,887,2238289.1800000006,144.3051907589207,1.1903552603217524,203.55848375,2562.15,2494.132857142857,2223.8356864971242
2010-07-19,24.0,251.292245625,106.61064583333334,203.53310666666667,0.0,62.09187645833333,47.75913895833333,92.87339479166667,14.145493958333333,2545.39,366496.31,3180.92,0,0,0,0,1,2545.39,888,2240834.5700000008,143.98434424587197,1.2496788311417897,203.53310666666667,2551.65,2567.31,2239.340961625136
2010-07-20,24.0,251.04294541666667,106.60498583333333,203.58178645833334,0.0,62.898017083333336,47.461158958333336,92.53809729166667,13.851540833333333,2546.15,366948.65,3450.01,0,0,0,0,1,2546.15,889,2243380.7200000007,144.11902283840308,1.3549908685662668,203.58178645833334,2545.39,2562.095714285714,2242.4746282918027
2010-07-21,24.0,250.872744375,106.59918354166666,203.560931875,0.0,63.23612895833333,47.3118125,92.767496875,13.688100625,2541.25,366305.81,3472.4,0,0,0,0,1,2541.25,890,2245921.9700000007,144.1439488440728,1.3664141662567635,203.560931875,2546.15,2556.2628571428572,2245.703961625136
2010-07-22,24.0,250.9008325,106.593401875,203.537645625,0.0,63.315229375,47.363186875,93.21326958333333,13.745035833333333,2530.04,365410.6,3504.94,0,0,0,0,1,2530.04,891,2248452.0100000007,144.4287837346445,1.3853298762074908,203.537645625,2541.25,2549.9200000000005,2249.1056282918025
2010-07-23,24.0,251.59778666666668,106.583880625,203.55269770833334,0.0,60.845820833333335,48.04508895833333,93.20259854166666,14.465248333333333,2413.44,348507.24,3373.7,0,0,0,0,1,2413.44,892,2250865.4500000007,144.40269490851233,1.39788020418987,203.55269770833334,2530.04,2527.152857142857,2248.8129616251363
2010-07-24,24.0,252.095165,106.5734675,203.62852875,0.0,59.20898875,48.46663625,93.12161041666667,14.918057291666667,2384.28,344604.71,3344.9,0,0,0,0,1,2384.28,893,2253249.7300000004,144.53198030432668,1.4028973107185396,203.62852875000002,2413.44,2501.7428571428572,2247.495961625136
2010-07-25,24.0,252.09597583333334,106.56771354166666,203.717763125,0.0,59.19980666666667,48.378212708333336,92.77303541666667,14.830522708333334,2382.55,343975.62,3351.67,0,0,0,0,1,2382.55,894,2255632.2800000003,144.37288619336425,1.406757465740488,203.717763125,2384.28,2477.5857142857144,2247.029628291802
2010-07-26,24.0,252.10494104166668,106.562116875,203.66829020833333,0.0,59.101633541666665,48.43665083333333,93.34037645833334,14.87385,2370.34,342144.37,3351.14,0,0,0,0,1,2370.34,895,2258002.62,144.34400550132048,1.4137803015601136,203.66829020833336,2382.55,2452.5785714285716,2246.202961625136
2010-07-27,24.0,252.06331458333332,106.55780166666666,203.756165,0.0,59.23994125,48.307149583333334,92.973589375,14.753270833333334,2377.02,343677.86,3362.83,0,0,0,0,1,2377.02,896,2260379.64,144.58349530083885,1.4147251600743789,203.75616499999998,2370.34,2428.4171428571426,2245.8416282918024
2010-07-28,24.0,252.15486,106.55273958333333,203.74276833333334,0.0,59.132079583333336,48.41209166666667,93.25365375,14.859605208333333,2370.99,342499.13,3360.01,0,0,0,0,1,2370.99,897,2262750.6300000004,144.4540592748177,1.417133771125142,203.74276833333334,2377.02,2404.094285714286,2245.517294958469
2010-07-29,24.0,252.20437416666667,106.54741416666667,203.749521875,0.0,59.05109354166667,48.45485229166667,93.122030625,14.906734791666667,2363.13,341715.29,3357.51,0,0,0,0,1,2363.13,898,2265113.7600000002,144.60283183743593,1.420789376801107,203.749521875,2370.99,2380.25,2244.967294958469
2010-07-30,24.0,252.205045,106.54307541666667,203.80633229166668,0.0,59.064881041666666,48.398712708333335,92.863210625,14.846753958333334,2363.81,341180.3,3356.34,0,0,0,0,1,2363.81,899,2267477.5700000003,144.33490847403132,1.4198856930125519,203.80633229166668,2363.13,2373.16,2244.5876282918025
2010-07-31,24.0,252.14462583333332,106.53939791666667,203.80200791666667,0.0,59.05603145833334,48.34261791666667,92.90643604166667,14.793025625,2361.06,341096.93,3361.6,0,0,0,0,1,2361.06,900,2269838.6300000004,144.46770941865094,1.4237672909625338,203.80200791666664,2363.81,2369.842857142857,2244.2872949584694
2010-08-01,24.0,252.14948770833334,106.53418729166667,203.78562083333333,0.0,58.980604375,48.363866875,93.3132725,14.811979375,2354.69,340158.73,3366.45,0,0,0,0,1,2354.69,901,2272193.3200000003,144.4600902878935,1.4296786413498166,203.78562083333333,2361.06,2365.862857142857,2246.1722949584687
2010-08-02,24.0,252.17348354166666,106.52953833333333,203.81853770833334,0.0,58.99018229166666,48.35494583333333,93.32558,14.810596875,2360.15,340870.1,3367.57,0,0,0,0,1,2360.15,902,2274553.47,144.42730334936337,1.4268457513293646,203.81853770833334,2354.69,2364.407142857143,2261.256294958469
2010-08-03,24.0,252.147158125,106.524315,203.87443583333334,0.0,59.131005,48.27272229166667,92.951279375,14.728739375,2359.78,340677.74,3389.72,0,0,0,0,1,2359.78,903,2276913.25,144.3684326505013,1.4364559408080413,203.87443583333334,2360.15,2361.944285714286,2278.7799616251355
2010-08-04,24.0,252.13999583333333,106.51934583333333,203.87218333333334,0.0,59.156154791666665,48.2678125,93.36038458333333,14.712497291666667,2357.53,340689.92,3385.17,0,0,0,0,1,2357.53,904,2279270.78,144.51138267593623,1.4358968920862087,203.87218333333334,2359.78,2360.0214285714287,2297.3636282918023
2010-08-05,22.66667,254.14899490273163,106.49061875840165,204.35823049927492,0.0,54.621992765957444,49.790764403456706,92.39055854075168,16.70831144355126,2065.25,300997.97,3198.8,0,0,0,0,1,2186.7349725389745,905,2281336.03,145.74408425130127,1.548868175765646,204.35823049927492,2357.53,2334.8221389341393,2310.4821273764346
2010-08-06,24.0,251.71927770833332,106.52085604166666,203.933271875,0.0,59.277931458333335,47.786005833333334,92.622266875,14.906567083333334,2307.31,334403.97,3568.92,0,0,0,0,1,2307.31,906,2283643.34,144.93239746718038,1.5467882512536244,203.933271875,2186.7349725389745,2326.750710362711,2326.0111273764346
2010-08-07,22.66667,254.96914444595964,106.48247646048141,205.10787130142188,0.0,52.799876382978724,49.861273144537776,90.56916407951852,17.243121390830677,1976.83,288792.53,3071.36,0,0,0,0,1,2093.1138098362044,907,2285620.17,146.088702619851,1.5536793755659315,205.10787130142188,2307.31,2288.472683196454,2335.1635877043086
2010-08-08,24.0,251.6697775,106.51674041666666,203.82788166666666,0.0,59.236690625,47.84189583333333,93.28585479166667,15.235480208333334,2314.34,335464.18,3584.64,0,0,0,0,1,2314.34,908,2287934.51,144.9502579569121,1.5488821867141387,203.82788166666668,2093.1138098362044,2282.7083974821685,2352.135254370975
2010-08-09,24.0,251.63856583333333,106.512813125,203.75888375,0.0,59.13721541666666,47.879682083333336,93.18173520833334,15.281583125,2323.85,336483.87,3578.61,0,0,0,0,1,2323.85,909,2290258.36,144.79586462121048,1.5399487918755514,203.75888375,2314.34,2277.522683196454,2379.8592927458394
2010-08-10,24.0,251.63617854166668,106.508155625,203.755665625,0.0,59.051255,47.88051291666667,93.02703416666667,15.27521625,2328.43,336442.77,3475.14,0,0,0,0,1,2328.43,910,2292586.79,144.49340113295227,1.4924820587262662,203.755665625,2323.85,2273.0441117678824,2399.8102927458394
2010-08-11,24.0,251.58814854166667,106.50362270833334,203.67484875,0.0,59.130725625,47.91329979166667,93.40877375,15.293919791666667,2331.82,336346.58,3489.98,0,0,0,0,1,2331.82,911,2294918.61,144.2420855812198,1.496676415846849,203.67484875,2328.43,2269.371254625026,2409.765959412506
2010-08-12,24.0,251.57020479166667,106.497571875,203.63994125,0.0,59.19401020833333,47.93026354166667,93.1733925,15.32839125,2326.48,336776.43,3494.39,0,0,0,0,1,2326.48,912,2297245.09,144.75793043567964,1.5020073243698635,203.63994125,2331.82,2289.3348299766008,2401.226959412506
2010-08-13,24.0,251.51536416666667,106.492115,203.622209375,0.0,59.199363125,47.89315479166667,93.31855708333333,15.288842916666667,2325.93,336865.46,3502.06,0,0,0,0,1,2325.93,913,2299571.02,144.8304377173862,1.5056601015507776,203.622209375,2326.48,2291.9948299766006,2392.6886260791725
2010-08-14,24.0,251.48816145833334,106.486515625,203.61630854166665,0.0,59.23162083333333,47.87185291666667,93.50958395833334,15.269410833333334,2326.15,335954.39,3498.32,0,0,0,0,1,2326.15,914,2301897.17,144.4250757689745,1.5039098940309095,203.61630854166668,2325.93,2325.285714285714,2384.4122927458393
2010-08-15,23.75833,252.4412668835941,106.47865995066994,203.6138013514544,0.0,57.29208979166667,48.827465532139676,93.31273603341648,16.489157870367993,2278.69,327273.0,3399.59,0,0,0,0,1,2301.8688603113096,915,2304175.86,143.62330988418785,1.4919054368957603,203.6138013514544,2326.15,2323.5041229016156,2375.380921422883
2010-08-17,0.0,293.35493,102.31501,290.29607,0.0,57.29208979166667,3.05886,28.11459,1.20704,0.0,0.0,0.0,1,0,1,0,2,0.0,917,2304175.86,,,290.29607000000004,2301.8688603113096,1991.525551473044,2289.9759214228834
2010-08-20,0.0,297.54326,101.0007,293.72064,0.0,57.29208979166667,3.82262,15.173,2.98928,0.0,0.0,0.0,1,0,1,0,3,0.0,920,2304175.86,,,293.72064,0.0,1658.892694330187,2204.920921422883
2010-08-21,0.0,301.93123,100.92296,298.79824,0.0,57.29208979166667,3.13299,16.00533,2.31332,0.0,0.0,0.0,1,0,1,0,1,0.0,921,2304175.86,,,298.79824,0.0,1325.775551473044,2120.0745880895497
2010-08-22,0.0,301.87294,100.78461,299.59351,0.0,57.29208979166667,2.27943,15.58131,1.48317,0.0,0.0,0.0,1,0,1,0,1,0.0,922,2304175.86,,,299.59351000000004,0.0,993.4212657587585,2035.2029214228828
2010-08-23,0.0,301.81847,100.6586,298.35182,0.0,57.29208979166667,3.46665,14.90498,2.67566,0.0,0.0,0.0,1,0,1,0,1,0.0,923,2304175.86,,,298.35182,0.0,661.1455514730442,1950.4945880895496
2010-08-25,0.0,301.72911,100.44314,298.53197,0.0,57.29208979166667,3.19714,13.41619,2.48209,0.0,0.0,0.0,1,0,1,0,2,0.0,925,2304175.86,,,298.53197,0.0,328.83840861590136,1866.1599214228831
2010-08-26,0.0,301.68895,100.35085,298.54063,0.0,57.29208979166667,3.14832,13.36743,2.55065,0.0,0.0,0.0,1,0,1,0,1,0.0,926,2304175.86,,,298.54062999999996,0.0,0.0,1785.711921422883
2010-08-27,0.0,301.6511,100.26651,298.52908,0.0,57.29208979166667,3.12202,13.77587,2.91663,0.0,0.0,0.0,1,0,1,0,1,0.0,927,2304175.86,,,298.52907999999996,0.0,0.0,1706.235921422883
2010-08-28,0.0,301.61237,100.18899,284.56113,0.0,57.29208979166667,17.05124,13.02882,16.84241,0.0,0.0,0.0,1,0,1,0,1,0.0,928,2304175.86,,,284.56113,0.0,0.0,1626.8175880895496
2010-08-29,20.00833,269.17242281141404,105.74305491727695,199.0464344388612,0.0,32.31880785714286,70.12598837255283,82.34405025027576,37.58748991715451,1114.31,162282.27,1747.37,0,0,0,0,1,1336.6152997276633,929,2305290.17,145.63476052445012,1.5681183871633566,199.0464344388612,0.0,190.94504281823762,1592.360098080472
2010-08-30,24.0,266.63289125,106.12741458333333,197.31200104166666,0.0,35.22712375,69.32089020833334,90.321791875,36.11839354166667,1536.1,215332.1,1688.11,0,0,0,0,1,1536.1,930,2306826.27,140.18104290085282,1.0989584011457587,197.31200104166666,1336.6152997276633,410.3878999610948,1564.329431413805
2010-08-31,24.0,269.22781166666664,106.1262325,196.91284208333335,0.0,33.087919791666664,72.31496958333334,90.25735916666666,39.284037291666664,1426.09,197440.27,1646.7,0,0,0,0,1,1426.09,931,2308252.36,138.44867434734132,1.15469570644209,196.91284208333332,1536.1,614.1150428182375,1532.8327647471383
2010-09-01,21.33333,263.69614233835034,106.1712347363398,197.77226960432338,0.0,37.38110454545455,65.92387273402699,89.57968459503978,32.83368045650163,1529.07,217223.36,2653.57,0,0,0,0,1,1720.204018781878,932,2309781.4299999997,142.06240394488154,1.7354143368191124,197.77226960432336,1426.09,859.8584740727916,1511.4018987065342
2010-09-02,24.0,251.64990125,106.3891,198.626904375,0.0,51.200669166666664,53.022996875,92.3102575,20.06539520833333,2454.88,453753.37,2718.56,0,0,0,0,1,2454.88,933,2312236.3099999996,184.83729143583392,1.1074105455256469,198.626904375,1720.204018781878,1210.5556169299343,1514.437565373201
2010-09-03,24.0,255.42184083333333,106.3570325,198.315905625,0.0,45.02852125,57.105935208333335,92.30848791666666,24.39412520833333,2247.64,332337.45,2550.57,0,0,0,0,1,2247.64,934,2314483.9499999997,147.86062269758503,1.1347769215710701,198.315905625,2454.88,1531.647045501363,1510.6568987065343
2010-09-04,24.0,254.58130791666667,106.37123166666667,198.11656791666667,0.0,45.95013145833333,56.46474,92.25542958333334,23.729,2285.77,338531.35,2669.62,0,0,0,0,1,2285.77,935,2316769.7199999997,148.1038555935199,1.1679302816993835,198.11656791666667,2247.64,1858.1856169299342,1508.359565373201
2010-09-05,24.0,255.26163583333334,106.37061979166667,198.33904208333334,0.0,45.444747916666664,56.92259375,91.07498791666667,24.23264,2229.82,331444.66,2835.67,0,0,0,0,1,2229.82,936,2318999.5399999996,148.64189037680168,1.27170354557767,198.33904208333334,2285.77,1985.786288397411,1504.0152320398674
2010-09-06,24.0,254.93961770833334,106.37341541666666,198.618103125,0.0,45.97656979166667,56.32151458333333,88.984430625,23.391410416666666,2205.88,316423.16,2782.46,0,0,0,0,1,2205.88,937,2321205.4199999995,143.4453188750068,1.261383212142093,198.618103125,2229.82,2081.4691455402685,1498.8852320398678
2010-09-07,24.0,254.26430645833332,106.379283125,198.72661083333332,0.0,46.98152375,55.537695625,89.952851875,22.779527083333335,2233.58,333180.65,3073.98,0,0,0,0,1,2233.58,938,2323438.9999999995,149.1688903016682,1.3762569507248454,198.72661083333332,2205.88,2196.8248598259825,1494.753565373201
2010-09-08,24.0,253.83216416666667,106.38207479166667,199.02022854166665,0.0,47.755075625,54.811935625,89.27370791666667,22.031286458333334,2235.48,334409.15,2977.05,0,0,0,0,1,2235.48,939,2325674.4799999995,149.59165369406125,1.331727414246605,199.02022854166668,2233.58,2270.4357142857143,1496.378399621902
2010-09-09,24.0,252.61879333333334,106.39133958333333,199.395341875,0.0,50.00705895833333,53.22345145833334,89.19210375,20.357210833333333,2287.35,342163.7,3235.39,0,0,0,0,1,2287.35,940,2327961.8299999996,149.58956871488843,1.4144708942662907,199.395341875,2235.48,2246.502857142857,1495.7130662885684
2010-09-10,24.0,252.02669083333333,106.39854729166667,199.70454645833334,0.0,51.26246458333333,52.322144375,90.63143416666666,19.406594583333334,2392.5,357523.67,3148.64,0,0,0,0,1,2392.5,941,2330354.3299999996,149.43518077324973,1.3160459770114943,199.70454645833334,2287.35,2267.197142857143,1505.6926059606951
2010-09-11,20.59167,252.6607697071923,106.39763210651685,200.06979475555406,0.0,50.76504142857143,52.59097495163821,92.30967959219431,19.641285940003893,2040.53,299748.63,2730.4,0,0,0,0,1,2378.2782066728923,942,2332394.8599999994,146.897438410609,1.3380837331477606,200.06979475555408,2392.5,2280.4126009532706,1507.823879516458
2010-09-12,0.0,291.94557,103.18838,272.35236,0.0,50.76504142857143,19.59321,29.64387,19.58244,0.0,0.0,0.0,1,0,1,0,1,0.0,943,2332394.8599999994,,,272.35236,2378.2782066728923,1961.866886667556,1430.3622128497914
2010-09-13,19.40833,272.5657491382566,105.96435054928992,203.78309456303558,0.0,30.672303846153845,68.78265457522104,82.94679562600697,37.24908356416034,1132.83,171566.3,1679.93,0,0,0,0,1,1400.8376815521995,944,2333527.6899999995,151.44929071440552,1.4829497806378718,203.78309456303555,0.0,1846.8608411750133,1399.4424689015316
2010-09-14,4.75833,285.45508465606633,105.9832117595459,201.6418502100737,0.0,16.267234,83.8132344459926,83.71041558916679,52.565838686808185,141.84,22134.17,197.8,0,0,0,0,1,715.4106587815473,945,2333669.5299999993,156.0502679075014,1.394529046813311,201.64185021007373,1400.8376815521995,1629.979506715234,1345.562157527583
2010-09-15,0.0,292.65443,101.94861,190.48031,0.0,16.267234,102.17412,12.58117,81.37984,0.0,0.0,0.0,1,0,1,0,1,0.0,946,2333669.5299999993,,,190.48030999999997,715.4106587815473,1310.6252210009484,1268.0128241942496
2010-09-16,8.225,268.51599182467316,105.6581948303301,206.24421159254368,0.0,28.155937368421053,62.27178023212945,75.65663559954693,29.750066262420713,511.55,78544.37,750.64,0,0,0,0,1,1492.6686930091187,947,2334181.079999999,153.54192161079072,1.467383442478741,206.2442115925437,0.0,1197.0993200022513,1240.2374472945535
2010-09-17,24.0,261.4066831914894,106.19424553191489,198.93588617021277,0.0,38.11107666666667,62.470797021276596,90.32268340425532,30.000185319148937,1935.39,288903.89,2792.69,0,0,0,0,1,1935.39,948,2336116.4699999993,149.2742496344406,1.4429598168844522,198.93588617021277,1492.6686930091187,1131.7978914308226,1227.2121139612204
2010-09-18,17.49166,270.6799465984761,106.0536403189463,201.84526725987126,0.0,28.35970054054054,68.8346793386048,83.89543501847737,36.39897755565224,1071.23,159450.29,1717.64,0,0,0,0,1,1469.8159008350265,949,2337187.6999999993,148.84785713618925,1.603427835292141,201.84526725987126,1935.39,1002.0175620254132,1199.477015312011
2010-09-19,0.0,291.68773,102.76618,223.9862,0.0,28.35970054054054,67.70153,22.34419,45.46601,0.0,0.0,0.0,1,0,1,0,1,0.0,950,2337187.6999999993,,,223.9862,1469.8159008350265,1002.0175620254132,1199.477015312011
2010-09-20,9.50834,261.358119538868,105.78192393019181,194.8537063429263,0.0,33.3471515,66.50441319594167,80.40152287388756,34.98493368988699,863.11,131405.4,940.24,0,0,0,0,1,2178.57586077065,951,2338050.809999999,152.24641123379405,1.0893628853796156,194.85370634292633,0.0,1113.1230161994774,1272.0962106710326
2010-09-21,24.0,251.36761166666668,106.213773125,190.97004229166666,0.0,42.31075166666667,60.397569375,89.89539916666666,28.362090625,2517.2,360332.19,2657.9,0,0,0,0,1,2517.2,952,2340568.0099999993,143.14801763864614,1.0558954393770859,190.9700422916667,2178.57586077065,1370.5214935163992,1356.0028773376991
2010-09-22,24.0,250.55455604166667,106.24372520833333,191.173219375,0.0,42.90654729166667,59.38133666666667,89.0477075,27.274012083333332,2501.74,367969.88,2631.83,0,0,0,0,1,2501.74,953,2343069.7499999995,147.08558043601656,1.051999808133539,191.173219375,2517.2,1727.9129220878278,1439.3942106710324
2010-09-23,24.0,246.9006434871921,106.29189244687586,190.86645572151687,0.0,47.06674354166667,56.03418776567521,90.70383599424,23.715180494043427,2758.98,399923.7,2759.09,0,0,0,0,1,2758.98,954,2345828.7299999995,144.95346106169671,1.0000398698069577,190.8664557215169,2501.74,1908.8145373722396,1531.3602106710325
2010-09-24,24.0,245.17782645833333,106.3207,190.900125,0.0,49.23039395833333,54.27770145833333,90.79137270833333,21.889236041666667,2718.36,393505.06,2422.97,0,0,0,0,1,2718.36,955,2348547.0899999994,144.7582586559543,0.8913352168219072,190.900125,2758.98,2020.6673945150965,1621.9722106710326
2010-09-25,24.0,243.45057520833333,106.30857833333333,190.36306041666666,0.0,50.106123333333336,53.08751479166666,90.69105166666667,20.705635625,2793.71,408499.13,2463.09,0,0,0,0,1,2793.71,956,2351340.7999999993,146.2210215090328,0.8816555762767073,190.36306041666666,2718.36,2209.795122967236,1715.0958773376992
2010-09-26,23.33333,243.62184527175503,106.29105623777232,190.81844531801076,0.0,49.80259041666667,52.80339995374428,90.77078792927114,20.31409444678492,2678.29,392563.61,2350.2,0,0,0,0,1,2754.8129649732805,957,2354019.0899999994,146.572480948665,0.8775001960205951,190.81844531801076,2793.71,2603.339832249133,1806.922976170142
2010-09-27,24.0,240.59340770833333,106.31542083333333,190.81443,0.0,55.39871645833333,49.778977708333336,91.54049583333334,17.272116875,2845.14,423344.21,2793.89,0,0,0,0,1,2845.14,958,2356864.2299999995,148.79556366294807,0.9819868266587936,190.81443,2754.8129649732805,2698.563280710469,1901.760976170142
2010-09-28,24.0,240.71940979166666,106.322118125,191.54130916666668,0.0,56.66900729166667,49.178100625,90.043933125,16.667163125,2824.83,420324.43,2526.53,0,0,0,0,1,2824.83,959,2359689.0599999996,148.796362966975,0.8944007249993806,191.54130916666668,2845.14,2742.5104235676113,1951.3681328458865
2010-09-29,24.0,240.211295,106.33028104166667,192.17573208333334,0.0,59.73757,48.03556291666666,88.74685666666667,15.475131041666666,2846.78,424316.33,2916.99,0,0,0,0,1,2846.78,960,2362535.8399999994,149.05132465452195,1.0246629525288218,192.17573208333334,2824.83,2791.8018521390404,1995.0574661792198
2010-09-30,9.5,248.14171394088422,106.16486576006315,196.7866410634,0.0,50.3204845,51.35507287748421,81.89205575370526,20.885210740357895,1121.73,161030.08,3529.48,0,0,0,0,1,2833.844210526316,961,2363657.5699999994,143.55511575869414,3.146461269645993,196.7866410634,2846.78,2802.496739357085,2041.9826065300972
2010-10-01,24.0,242.41954125,106.285285,193.11068541666666,0.0,58.978819791666666,49.30885583333333,85.23979541666667,16.84744729166667,2653.1,398467.59,2996.01,0,0,0,0,1,2653.1,962,2366310.6699999995,150.1894350005654,1.1292488032867214,193.11068541666668,2833.844210526316,2793.1738822142283,2073.0791392373676
2010-10-02,24.0,239.20903416666667,106.33728,192.916056875,0.0,65.231145,46.292977291666666,87.660769375,13.766312083333334,2856.51,429064.23,2860.4,0,0,0,0,1,2856.51,963,2369167.1799999992,150.20575107386284,1.001361801639063,192.916056875,2653.1,2802.145310785657,2086.4668059040346
2010-10-03,24.0,240.43603270833333,106.35089145833334,193.55606770833333,0.0,63.32406958333333,46.879965,90.33408291666667,14.344478541666666,2803.63,422302.15,2807.43,0,0,0,0,1,2803.63,964,2371970.809999999,150.6269193866523,1.0013553856964006,193.55606770833333,2856.51,2809.1191729323305,2104.9998059040345
2010-10-04,24.0,243.11851354166666,106.34592125,194.35879791666667,0.0,60.24809208333333,48.759715625,90.596908125,16.314671666666666,2863.05,427329.92,3032.61,0,0,0,0,1,2863.05,965,2374833.859999999,149.25688339358376,1.0592235552994185,194.35879791666667,2803.63,2811.6777443609026,2124.242472570701
2010-10-05,24.0,241.66235666666665,106.3375925,194.5314425,0.0,64.60109208333333,47.13091416666666,89.59911520833333,14.603044791666667,2896.5,438253.41,3503.11,0,0,0,0,1,2896.5,966,2377730.359999999,151.30447436561366,1.20942862074918,194.5314425,2863.05,2821.9163157894736,2146.465139237368
2010-10-06,24.0,241.86621166666666,106.34568208333333,194.98754354166667,0.0,62.867073958333336,46.878668125,90.10878041666666,14.365289583333333,2729.25,410479.8,2978.2,0,0,0,0,1,2729.25,967,2380459.609999999,150.40021984061556,1.0912155354034991,194.98754354166667,2896.5,2805.126315789474,2163.9108059040345
2010-10-07,24.0,244.118836875,106.31366708333333,195.338836875,0.0,56.22669166666667,48.78,90.72000166666666,16.40016895833333,2605.46,391037.18,3257.21,0,0,0,0,1,2605.46,968,2383065.069999999,150.083739531599,1.2501477666131893,195.338836875,2729.25,2772.5,2176.3068059040347
2010-10-08,22.16666,255.12423990109227,106.12347651391585,197.39020315692866,0.0,40.82305063829787,57.73403674416361,82.52293566907866,22.44364224826069,2262.19,339621.98,3045.89,0,0,0,0,1,2449.2891576809498,969,2385327.259999999,150.12973269265623,1.3464342075599307,197.39020315692866,2605.46,2743.3841653829927,2183.4337778267327
2010-10-09,24.0,243.701651875,106.29000520833333,195.60351166666666,0.0,57.402251666666665,48.098140208333334,90.28719708333334,15.726958541666667,2562.51,383489.95,3337.24,0,0,0,0,1,2562.51,970,2387889.7699999986,149.6540306184171,1.302332478702522,195.6035116666667,2449.2891576809498,2701.3841653829927,2192.6057778267327
2010-10-10,24.0,243.1634025,106.29139520833333,195.73634958333332,0.0,59.22326854166667,47.42705291666667,91.48593875,15.019495,2581.0,387678.01,3196.7,0,0,0,0,1,2581.0,971,2390470.7699999986,150.20457574583494,1.2385509492444788,195.73634958333332,2562.51,2669.5798796687072,2198.889111160066
2010-10-11,24.0,243.29518042553192,106.28496170212766,195.9509104255319,0.0,57.93446875,47.34427,91.88355957446808,14.944283829787235,2562.55,385578.39,3384.29,0,0,0,0,1,2562.55,972,2393033.3199999984,150.46667967454292,1.3206727673606367,195.95091042553193,2581.0,2626.6513082401357,2205.03150427097
2010-10-12,24.0,243.0541525,106.21933333333334,195.799036875,0.0,59.14794,47.255115625,91.75073458333334,14.8638425,2547.28,383805.62,3268.86,0,0,0,0,1,2547.28,973,2395580.599999998,150.67272541691528,1.2832747087088974,195.79903687499998,2562.55,2576.7627368115645,2289.9408376043034
2010-10-13,24.0,243.52329425531914,106.2709085106383,196.4042185106383,0.0,58.083952708333335,47.11907574468085,91.7216385106383,14.728325531914894,2523.03,380442.81,3136.46,0,0,0,0,1,2523.03,974,2398103.629999998,150.78806435119677,1.243132265569573,196.4042185106383,2547.28,2547.3027368115645,2327.3472482192296
2010-10-14,24.0,243.38758791666666,106.26653541666667,196.61497833333334,0.0,60.364016041666666,46.772609583333335,91.60302145833333,14.367512708333333,2536.66,382744.19,3150.93,0,0,0,0,1,2536.66,975,2400640.289999998,150.88509693849394,1.2421570096110635,196.61497833333334,2523.03,2537.474165382993,2388.0555595931783
2010-10-15,24.0,243.388305,106.26184979166666,196.77173458333334,0.0,60.77916208333333,46.61657041666667,91.61015541666667,14.205008125,2530.04,381962.8,3197.43,0,0,0,0,1,2530.04,976,2403170.329999998,150.9710518410776,1.26378634329892,196.77173458333334,2536.66,2549.0099999999998,2472.3902262598444
2010-10-16,24.0,243.24983770833333,106.25792416666667,196.88763708333335,0.0,61.52271875,46.362200625,91.92578020833334,13.947122916666666,2528.62,381460.86,3191.02,0,0,0,0,1,2528.62,977,2405698.9499999983,150.85732929423955,1.261961069674368,196.88763708333335,2530.04,2544.1685714285713,2506.921936492874
2010-10-17,24.0,243.12254354166666,106.25398791666667,197.10361229166668,0.0,62.54685416666667,46.01893125,90.63224229166667,13.596650625,2526.93,381440.84,3245.26,0,0,0,0,1,2526.93,978,2408225.8799999985,150.9502993751311,1.2842698452272125,197.10361229166665,2528.62,2536.444285714286,2526.6399364928743
2010-10-18,24.0,243.01634625,106.24582416666667,197.13152395833333,0.0,62.781346041666666,45.884822291666666,90.47023625,13.455210833333334,2514.25,375750.53,3263.7,0,0,0,0,1,2514.25,979,2410740.1299999985,149.44835636869843,1.2980809386496968,197.13152395833333,2526.93,2529.5442857142857,2561.45440646504
2010-10-19,24.0,242.37708666666666,106.22523895833334,196.71359520833334,0.0,62.80720125,45.66349145833333,91.36334166666667,13.25913125,2493.55,374954.76,3342.92,0,0,0,0,1,2493.55,980,2413233.6799999983,150.36985823424433,1.3406268171883458,196.71359520833332,2514.25,2521.8685714285716,2644.5727397983733
2010-10-20,24.0,241.97247270833333,106.20728125,196.41093083333334,0.0,62.614641041666665,45.561541875,91.095620625,13.190225625,2471.3,371281.05,3345.0,0,0,0,0,1,2471.3,981,2415704.979999998,150.23714239469103,1.3535386233965927,196.41093083333334,2493.55,2514.4785714285713,2654.330211106018
2010-10-21,24.0,242.26938333333334,106.20468916666667,196.65502708333332,0.0,62.41965270833333,45.61435625,91.02550666666667,13.237051041666666,2459.14,373620.45,3373.89,0,0,0,0,1,2459.14,982,2418164.1199999982,151.93134591767856,1.3719796351570062,196.65502708333332,2471.3,2503.404285714286,2652.394877772685
2010-10-22,24.0,242.62741041666666,106.20664479166666,197.024948125,0.0,62.354416666666665,45.60246229166667,91.247655,13.3419175,2430.54,362374.99,3339.02,0,0,0,0,1,2430.54,983,2420594.6599999983,149.0923786483662,1.3737770207443614,197.02494812499998,2459.14,2489.1899999999996,2650.0215444393516
2010-10-23,24.0,243.05291208333333,106.20575770833334,197.36236958333333,0.0,62.32031375,45.6905425,91.67603416666667,13.333199375,2434.43,369649.97,3396.25,0,0,0,0,1,2434.43,984,2423029.0899999985,151.84251344257177,1.3950904318464692,197.36236958333333,2430.54,2475.7342857142858,2639.203211106018
2010-10-24,24.0,243.24403354166665,106.20130458333334,197.59986354166668,0.0,62.36425125,45.64417,91.27954125,13.269488958333334,2433.69,366367.42,3389.02,0,0,0,0,1,2433.69,985,2425462.7799999984,150.53988798902077,1.392543832616315,197.59986354166665,2434.43,2462.414285714286,2629.714211106018
2010-10-25,24.0,243.250664375,106.19310729166666,197.70581479166665,0.0,62.354917291666666,45.54484958333333,91.23356770833334,13.181664583333333,2417.35,365751.22,3369.45,0,0,0,0,1,2417.35,986,2427880.1299999985,151.30255031335966,1.3938610461869403,197.70581479166668,2433.69,2448.5714285714284,2617.1688777726854
2010-10-26,24.0,243.25738666666666,106.18501354166666,197.867236875,0.0,62.41985,45.390149791666666,89.94460166666667,13.042758958333334,2402.66,364573.84,3367.66,0,0,0,0,1,2402.66,987,2430282.7899999986,151.73759083682253,1.4016381843456835,197.867236875,2417.35,2435.587142857143,2605.430445606909
2010-10-27,24.0,243.233238125,106.17779541666667,197.96576854166668,0.0,62.86210354166667,45.26746958333333,89.385239375,12.894457708333332,2398.73,363680.19,3377.76,0,0,0,0,1,2398.73,988,2432681.5199999986,151.61364138523302,1.4081451434717538,197.96576854166668,2402.66,2425.2200000000003,2590.5501122735755
2010-10-28,24.0,243.13301291666667,106.17189083333334,198.07303645833332,0.0,63.966683125,45.05997645833333,90.40538916666667,12.676710208333333,2416.68,364233.17,3404.05,0,0,0,0,1,2416.68,989,2435098.199999999,150.71634225466343,1.408564642401973,198.07303645833335,2398.73,2419.1542857142854,2576.9451122735754
2010-10-29,24.0,243.21365291666666,106.16439604166666,198.33909958333334,0.0,64.318145625,44.87455333333333,89.28625041666666,12.503120208333334,2410.66,364898.8,3409.53,0,0,0,0,1,2410.66,990,2437508.859999999,151.36883675010165,1.4143554047439293,198.33909958333334,2416.68,2416.3142857142852,2562.407778940242
2010-10-30,24.0,243.280936875,106.15686770833334,198.40012270833333,0.0,64.3020675,44.88081416666667,89.16316354166666,12.495869166666667,2406.95,361270.15,3426.16,0,0,0,0,1,2406.95,991,2439915.809999999,150.09458027794514,1.423444608321735,198.40012270833336,2410.66,2412.3885714285716,2548.1779719226984
2010-10-31,25.0,242.7483616,106.1369048,197.977787,0.0,64.1791902,44.7705746,90.9314518,12.4148944,2497.07,370280.31,3555.68,0,0,0,0,1,2397.1872,992,2442412.879999999,148.28591509248838,1.4239408586863802,197.977787,2406.95,2407.1738857142855,2539.6475452560317
2010-11-01,24.0,241.87421229166668,106.11186729166667,197.46433541666667,0.0,64.28077333333333,44.409876875,91.22985208333333,12.098820625,2376.82,352826.56,3377.06,0,0,0,0,1,2376.82,993,2444789.699999999,148.44479598791662,1.4208311946213847,197.46433541666667,2397.1872,2401.383885714286,2523.6578785893653
2010-11-02,24.0,241.46190666666666,106.09268520833334,197.27100333333334,0.0,64.23866729166667,44.19090333333333,89.05585375,11.889748125,2350.74,356989.32,3314.07,0,0,0,0,1,2350.74,994,2447140.439999999,151.86252839531383,1.409798616605835,197.27100333333334,2376.82,2393.9667428571424,2508.5615452560314
2010-11-03,24.0,241.73640458333333,106.0921275,197.5933675,0.0,64.9671475,44.14303708333333,90.59894854166667,11.822854166666668,2353.34,357220.41,3349.57,0,0,0,0,1,2353.34,995,2449493.779999999,151.79294534576388,1.4233259962436366,197.5933675,2350.74,2387.482457142857,2491.5712119226982
2010-11-04,24.0,241.43882729166666,106.086,197.62973208333332,0.0,66.74638604166667,43.80909520833333,91.33543,11.491376875,2363.63,351068.29,3424.84,0,0,0,0,1,2363.63,996,2451857.4099999988,148.5292918096318,1.4489746703164201,197.62973208333332,2353.34,2379.9038857142855,2473.8088785893647
2010-11-05,24.0,240.35889083333333,106.06723208333334,197.12363708333334,0.0,69.268529375,43.23525375,91.47474333333334,10.931010208333333,2363.88,355117.85,3409.45,0,0,0,0,1,2363.88,997,2454221.2899999986,150.2266824035061,1.4423109464101391,197.12363708333334,2363.63,2373.2210285714286,2461.629878589365
2010-11-06,24.0,240.58296208333334,106.06273520833334,197.32716166666665,0.0,69.13847145833333,43.255800416666666,91.45982520833333,10.956763958333333,2352.44,357303.68,3410.37,0,0,0,0,1,2352.44,998,2456573.7299999986,151.8864158065668,1.4497160395164168,197.32716166666668,2363.88,2365.4338857142857,2453.1958785893653
2010-11-07,24.0,240.863640625,106.06520333333333,197.756248125,0.0,71.37411875,43.1073925,91.193269375,10.788906666666668,2364.51,359941.53,3479.16,0,0,0,0,1,2364.51,999,2458938.2399999984,152.22668967354758,1.4714084524912137,197.75624812499998,2352.44,2360.7657142857142,2450.369906666667
2010-11-08,20.58334,243.57229729148915,106.03881106404015,198.90788941660585,0.0,68.26669976744186,44.66440787488328,86.38345546325328,12.576512688188602,1872.93,287077.78,2838.26,0,0,0,0,1,2183.8205072646133,1000,2460811.1699999985,153.27736754710534,1.5154116811626703,198.90788941660588,2364.51,2333.194358180659,2437.7469235754875
2010-11-09,24.0,241.65430270833335,106.06225020833334,198.62549145833333,0.0,72.92057604166666,43.02881125,90.09008166666666,10.728577708333333,2170.11,329076.09,3352.86,0,0,0,0,1,2170.11,1001,2462981.2799999984,151.64028090741945,1.5450184552856767,198.62549145833336,2183.8205072646133,2307.3900724663736,2424.050590242154
2010-11-10,17.08333,246.24420623470365,105.97880977627898,200.007229808878,0.0,64.48636828571429,46.236976425825645,88.052053088865,13.730077969939115,1434.87,222538.68,2245.58,0,0,0,0,1,2015.817759183953,1002,2464416.1499999985,155.09326977356835,1.5650058890352436,200.007229808878,2170.11,2259.1726094926526,2405.826182214952
2010-11-11,24.0,242.25128770833334,106.06945583333334,199.3583075,0.0,77.0046725,42.892980208333334,89.511639375,10.215300208333334,2221.0,339402.89,3430.31,0,0,0,0,1,2221.0,1003,2466637.1499999985,152.81534894191807,1.544488968932913,199.3583075,2015.817759183953,2238.796895206938,2394.9501822149523
2010-11-12,24.0,242.09877958333334,106.06324979166666,199.26710645833333,0.0,79.27990854166667,42.831673125,91.51845125,10.18205875,2227.41,337341.64,3579.99,0,0,0,0,1,2227.41,1004,2468864.5599999987,151.45017756048506,1.6072433903053323,199.26710645833333,2221.0,2219.301180921224,2385.0961822149525
2010-11-13,24.0,241.565734375,106.040453125,198.859985625,0.0,79.16123145833333,42.70574875,91.65390979166666,10.085843125,2219.72,334479.38,3525.59,0,0,0,0,1,2219.72,1005,2471084.279999999,150.68539275223904,1.588303930225434,198.859985625,2227.41,2200.341180921224,2374.531515548285
2010-11-14,24.0,241.09161958333334,106.01719770833333,198.35250729166665,0.0,79.276345625,42.739112291666665,91.485254375,9.811328958333334,2190.85,319958.8,3642.49,0,0,0,0,1,2190.85,1006,2473275.129999999,146.0432252322158,1.6625921446014105,198.35250729166668,2219.72,2175.532609492652,2363.2251822149524
2010-11-15,3.325,244.36801616541354,106.00092015037593,198.15526360902257,0.0,68.52093428571429,46.212752556390974,91.21136947368421,13.018731203007519,299.3,45071.92,546.47,0,0,0,0,1,2160.360902255639,1007,2473574.429999999,150.59111259605746,1.8258269295021718,198.15526360902257,2190.85,2172.1812373485127,2350.949878956807
2010-11-16,20.34167,246.64158245262558,105.86154305605686,199.61749263348094,0.0,65.72556365853659,47.02408981914464,84.68684853904325,14.487114998262188,1630.2,247818.44,2797.82,0,0,0,0,1,1923.3819052221377,1008,2475204.629999999,152.01720034351612,1.7162434057170899,199.61749263348094,2160.360902255639,2136.9343666659615,2330.831609130878
2010-11-17,22.08333,244.14303226440035,105.94114096960467,198.4496464624674,0.0,70.82442133333333,45.69338580193295,85.55758270819663,13.21014974090864,1926.25,291134.02,2496.74,0,0,0,0,1,2093.434278254231,1009,2477130.879999999,151.14030889033097,1.2961661258922776,198.4496464624674,1923.3819052221377,2148.0224408188583,2316.804418406019
2010-11-18,24.0,239.54880127659575,105.98154957446809,197.49752957446807,0.0,82.81279125,42.05127170212766,88.32640978723404,9.524175957446808,2258.75,339051.03,3449.44,0,0,0,0,1,2258.75,1010,2479389.629999999,150.1056026563365,1.5271455451023797,197.4975295744681,2093.434278254231,2153.415297961715,2308.9777517393522
2010-11-19,24.0,238.67748978723404,105.97246234042554,197.1994240425532,0.0,94.39065645833334,41.47806574468085,87.32517276595745,8.950403191489361,2193.09,330510.16,3447.98,0,0,0,0,1,2193.09,1011,2481582.719999999,150.70524237491392,1.5722017792247467,197.19942404255318,2258.75,2148.512440818858,2299.7040850726858
2010-11-20,24.0,238.00468916666668,105.95898979166667,196.602921875,0.0,100.0,41.401767291666665,90.68409479166667,8.858404791666667,2175.14,328843.15,3506.57,0,0,0,0,1,2175.14,1012,2483757.859999999,151.18252158481755,1.612112323804445,196.60292187500002,2193.09,2142.143869390287,2290.2374184060186
2010-11-21,24.0,237.48417787234044,105.94484170212766,196.1880470212766,0.0,97.91666666666667,41.29613085106383,90.64716234042554,8.768651276595744,2186.73,329660.73,3445.17,0,0,0,0,1,2186.73,1013,2485944.589999999,150.75511380005761,1.5754894294220136,196.18804702127662,2175.14,2141.5552979617155,2282.110418406019
2010-11-22,24.0,237.04306829787234,105.92912617021277,195.82761191489362,0.0,97.91666666666667,41.21545638297872,90.96490574468085,8.697162978723405,2132.86,322707.69,3511.73,0,0,0,0,1,2132.86,1014,2488077.449999999,151.30279999624915,1.6464887521918925,195.82761191489362,2186.73,2137.6265976394816,2272.058085072686
2010-11-23,24.0,237.26596604166667,105.924493125,196.04149979166667,0.0,100.0,41.22446625,90.95785541666666,8.697812916666667,2113.08,323606.63,3263.19,0,0,0,0,1,2113.08,1015,2490190.529999999,153.1445236337479,1.5442813334090522,196.04149979166667,2132.86,2164.72632546489,2261.3710850726857
2010-11-24,24.0,238.20571166666667,105.93138895833333,196.856841875,0.0,100.0,41.348869791666665,90.65023875,8.799508333333334,2112.61,324078.27,3306.89,0,0,0,0,1,2112.61,1016,2492303.1399999987,153.40184416432754,1.565310208699192,196.85684187500001,2113.08,2167.4657142857145,2251.2130850726853
2010-11-25,24.0,238.99782458333334,105.93713145833334,197.53609958333334,0.0,100.0,41.461725,90.45229166666667,8.891060625,2107.9,324208.67,3359.39,0,0,0,0,1,2107.9,1017,2494411.0399999986,153.8064756392618,1.5937141230608662,197.53609958333334,2112.61,2145.9157142857143,2241.3877517393526
2010-11-26,24.0,239.70820625,105.9404875,198.21125229166665,0.0,100.0,41.496953958333336,89.64904291666667,8.916315833333334,2112.98,324931.94,3402.25,0,0,0,0,1,2112.98,1018,2496524.0199999986,153.77899459531088,1.6101666840197257,198.21125229166665,2107.9,2134.4714285714285,2231.8627517393525
2010-11-27,24.0,240.37956833333334,105.94146229166667,198.78393333333332,0.0,100.0,41.595635,89.95599041666667,9.001297916666667,2114.8,325010.31,3445.56,0,0,0,0,1,2114.8,1019,2498638.8199999984,153.6837100435029,1.6292604501607715,198.78393333333332,2112.98,2125.8514285714286,2221.8000850726853
2010-11-28,24.0,241.00714270833333,105.941539375,199.353693125,0.0,100.0,41.653449583333334,89.433385,9.058425833333333,2120.65,325651.11,3481.47,0,0,0,0,1,2120.65,1020,2500759.4699999983,153.56193148327162,1.6416994789333457,199.353693125,2114.8,2116.4114285714286,2212.133085072686
2010-11-29,24.0,241.56859479166667,105.93985395833333,199.85761208333332,0.0,100.0,41.71098270833333,89.508835625,9.120729791666667,2125.95,326204.52,3526.29,0,0,0,0,1,2125.95,1021,2502885.4199999985,153.43941296832006,1.658689056657024,199.85761208333332,2120.65,2115.424285714286,2202.766418406019
2010-11-30,24.0,242.05055145833333,105.936600625,200.26447208333335,0.0,100.0,41.786079375,90.103355625,9.185791666666667,2082.94,316517.19,3603.42,0,0,0,0,1,2082.94,1022,2504968.3599999985,151.95694067039858,1.7299682179995584,200.26447208333332,2125.95,2111.1185714285716,2192.2915117393522
2010-12-01,24.0,242.09885541666668,105.924043125,200.38068583333333,0.0,100.0,41.718169583333335,90.046958125,9.123743125,2080.84,317185.29,3593.82,0,0,0,0,1,2080.84,1023,2507049.1999999983,152.43136906249399,1.7271005939908883,200.38068583333336,2082.94,2106.5800000000004,2182.4255117393523
2010-12-02,24.0,242.20209041666666,105.91378145833333,200.48603270833334,0.0,100.0,41.71605770833333,90.699199375,9.109069583333333,2070.32,316502.17,3603.27,0,0,0,0,1,2070.32,1024,2509119.519999998,152.87596603423623,1.7404410912322732,200.48603270833334,2080.84,2101.2114285714283,2173.078178406019
2010-12-03,24.0,242.390345625,105.90462041666666,200.793318125,0.0,100.0,41.5970275,90.03509770833334,8.987780208333334,2066.32,314761.02,3620.92,0,0,0,0,1,2066.32,1025,2511185.839999998,152.32927136164776,1.7523520074335048,200.793318125,2070.32,2094.5457142857144,2163.5108450726857
2010-12-04,24.0,242.48808583333334,105.89420791666667,200.8858525,0.0,100.0,41.60223333333333,90.50862229166667,8.9868525,2054.18,315796.99,3620.42,0,0,0,0,1,2054.18,1026,2513240.019999998,153.73384513528512,1.7624648278145052,200.8858525,2066.32,2085.8857142857146,2153.1958450726856
2010-12-05,24.0,242.53570854166668,105.882474375,200.91369625,0.0,100.0,41.622012291666664,91.034458125,9.002367083333333,2051.02,315399.26,3623.2,0,0,0,0,1,2051.02,1027,2515291.039999998,153.77678423418593,1.7665356749324725,200.91369625000002,2054.18,2075.9385714285713,2142.7671784060194
2010-12-06,24.0,242.52847416666665,105.87329666666666,200.92526854166667,0.0,100.0,41.603205625,91.110464375,8.986958541666667,2096.44,322143.85,3475.86,0,0,0,0,1,2096.44,1028,2517387.479999998,153.66232756482415,1.6579821029936463,200.92526854166664,2051.02,2071.7228571428573,2134.2338450726857
2010-12-07,24.0,242.525536875,105.86463958333333,200.95212666666666,0.0,100.0,41.573410208333335,91.17755166666667,8.964050208333333,2101.22,323285.18,3669.98,0,0,0,0,1,2101.22,1029,2519488.6999999983,153.85594083437243,1.74659483538135,200.95212666666666,2096.44,2074.3342857142857,2125.4575117393524
2010-12-08,24.0,242.49946770833333,105.85679083333333,201.00171395833334,0.0,100.0,41.49775375,90.82034979166667,8.903827083333333,2099.09,322256.91,3677.97,0,0,0,0,1,2099.09,1030,2521587.789999998,153.52219771424757,1.7521735609240192,201.0017139583333,2101.22,2076.941428571429,2122.6331614971987
2010-12-09,22.5,246.41785139433333,105.80005283570667,201.69011142384446,0.0,77.97547723404256,44.72773997048889,89.19419312268,12.231439598573333,1772.0,270337.26,3426.0,0,0,0,0,1,1890.1333333333334,1031,2523359.789999998,152.56053047404063,1.9334085778781038,201.69011142384443,2099.09,2051.2004761904764,2113.300605941643
2010-12-10,24.0,241.71614333333332,105.817144375,200.59237520833332,0.0,100.0,41.123768125,90.95244958333333,8.85423125,2055.08,315985.4,3694.9,0,0,0,0,1,2055.08,1032,2525414.8699999982,153.75819919419197,1.797934873581564,200.59237520833332,1890.1333333333334,2049.5947619047615,2114.609347302178
2010-12-11,24.0,241.61425375,105.80445458333334,200.56841854166666,0.0,100.0,41.04583520833334,90.62241166666666,8.778362708333333,2056.45,316553.81,3617.23,0,0,0,0,1,2056.45,1033,2527471.3199999984,153.9321695154271,1.7589681246808824,200.56841854166666,2055.08,2049.919047619048,2109.1243473021777
2010-12-12,24.0,241.79575520833333,105.79757604166667,200.67425833333334,0.0,100.0,41.121496875,91.22209270833334,8.856188541666667,2064.02,308529.71,3627.53,0,0,0,0,1,2064.02,1034,2529535.3399999985,149.48000019379657,1.7575071946977259,200.67425833333334,2056.45,2051.7761904761905,2103.678013968845
2010-12-13,24.0,241.90163234042552,105.79681361702127,200.78343723404257,0.0,97.91666666666667,41.11819510638298,91.21843765957446,8.85747829787234,2080.16,316435.94,3572.94,0,0,0,0,1,2080.16,1035,2531615.4999999986,152.12096184908853,1.7176274901930622,200.78343723404254,2064.02,2049.450476190476,2099.026013968845
2010-12-14,24.0,242.089349375,105.79433770833333,201.033885,0.0,100.0,41.055464375,90.62566104166666,8.808880208333333,2068.29,316660.17,3551.96,0,0,0,0,1,2068.29,1036,2533683.7899999986,153.10240343472142,1.7173413786267884,201.033885,2080.16,2044.7461904761906,2094.9406806355114
2010-12-15,24.0,242.35774375,105.788468125,201.29220125,0.0,100.0,41.0655425,91.16067791666667,8.8122625,2065.08,318124.4,3563.79,0,0,0,0,1,2065.08,1037,2535748.8699999987,154.04943149902184,1.7257394386658145,201.29220125,2068.29,2039.887619047619,2091.7646505603234
2010-12-16,24.0,242.425880625,105.77841770833334,201.31209020833333,0.0,100.0,41.11379041666667,89.98080458333334,8.818589375,2078.31,319391.61,3570.2,0,0,0,0,1,2078.31,1038,2537827.179999999,153.6785224533395,1.7178380511088336,201.31209020833333,2065.08,2066.77,2096.9289203862522
2010-12-17,24.0,242.47852666666665,105.77034708333333,201.40699041666667,0.0,100.0,41.07153625,89.75178625,8.772110208333334,2074.01,317548.3,3578.9,0,0,0,0,1,2074.01,1039,2539901.1899999985,153.10837459800095,1.7255943799692381,201.40699041666664,2078.31,2069.4742857142855,2096.2814444444443
2010-12-18,24.0,242.677641875,105.76201333333333,201.79897354166667,0.0,100.0,40.87866833333333,88.10000208333334,8.624022291666666,2073.42,315903.55,3635.02,0,0,0,0,1,2073.42,1040,2541974.6099999985,152.35868757897578,1.753151797513287,201.79897354166667,2074.01,2071.8985714285714,2090.103777777778
2010-12-19,24.0,242.79956583333333,105.74929791666666,201.98223604166665,0.0,100.0,40.817329791666666,89.278109375,8.577132708333334,2061.98,315069.08,3550.94,0,0,0,0,1,2061.98,1041,2544036.5899999985,152.79929000281282,1.722102057245948,201.98223604166668,2073.42,2071.6071428571427,2085.7334444444446
2010-12-20,24.0,242.5104,105.739366875,201.76406604166667,0.0,100.0,40.74633395833333,90.239041875,8.759439583333334,2068.3,316676.67,3562.9,0,0,0,0,1,2068.3,1042,2546104.8899999983,153.1096407677803,1.722622443552676,201.76406604166667,2061.98,2069.9128571428573,2082.172111111111
2010-12-21,24.0,241.976615,105.73455604166666,201.48262583333334,0.0,100.0,40.493989166666665,90.85092708333333,9.144010625,2079.2,318232.76,3595.4,0,0,0,0,1,2079.2,1043,2548184.0899999985,153.0553866871874,1.7292227779915355,201.48262583333334,2068.3,2071.4714285714285,2078.587777777778
2010-12-22,24.0,241.793826875,105.72496791666667,201.40206166666667,0.0,100.0,40.39176520833333,91.17390229166666,9.310833541666666,2086.32,318294.95,3603.24,0,0,0,0,1,2086.32,1044,2550270.4099999983,152.56286188120708,1.7270792591740478,201.40206166666667,2079.2,2074.5057142857145,2077.0364444444444
2010-12-23,24.0,241.50861520833334,105.713161875,201.42727375,0.0,100.0,40.081341458333334,91.18177229166666,9.561432083333333,2109.87,319502.67,3617.55,0,0,0,0,1,2109.87,1045,2552380.2799999984,151.43239630877733,1.7145843108817134,201.42727375,2086.32,2079.014285714286,2076.9294444444445
2010-12-24,24.0,241.2556475,105.70386729166667,201.49314583333333,0.0,100.0,39.762501666666665,91.11167375,9.812033541666667,2106.6,320301.5,3636.07,0,0,0,0,1,2106.6,1046,2554486.8799999985,152.04666286907815,1.7260372163676068,201.49314583333336,2109.87,2083.67,2076.729111111111
2010-12-25,24.0,241.30248333333333,105.694618125,201.566685,0.0,100.0,39.735798333333335,91.08811854166666,9.793556875,2097.91,319735.81,3655.74,0,0,0,0,1,2097.91,1047,2556584.7899999986,152.40682870094523,1.7425628363466499,201.566685,2106.6,2087.1685714285713,2076.396111111111
2010-12-26,24.0,241.384024375,105.68292291666667,201.68325145833333,0.0,100.0,39.700772916666665,90.97468875,9.759260416666667,2091.69,319699.34,3645.39,0,0,0,0,1,2091.69,1048,2558676.4799999986,152.84260095903312,1.7427964947004575,201.68325145833333,2097.91,2091.412857142857,2075.6864444444445
2010-12-27,24.0,241.378374375,105.68008625,201.903900625,0.0,100.0,39.47447375,87.79229,9.562733125,2083.39,319246.1,3647.23,0,0,0,0,1,2083.39,1049,2560759.8699999987,153.23396003628702,1.750622783060301,201.903900625,2091.69,2093.5685714285714,2074.6394444444445
2010-12-28,23.0,244.9449833721826,105.64224945426521,202.48015769513913,0.0,89.210298125,42.46482567704348,85.1072512527913,11.795473788452174,1941.4,293372.41,3534.92,0,0,0,0,1,2025.808695652174,1050,2562701.2699999986,151.11384052745439,1.8208097249407644,202.48015769513913,2083.39,2085.9412422360247,2071.47806763285
2010-12-29,24.0,242.10766021276595,105.63007425531914,201.72544744680852,0.0,91.19859854166667,40.38221276595745,88.17968042553191,9.741175106382979,2028.0,309309.32,3714.23,0,0,0,0,1,2028.0,1051,2564729.2699999986,152.5193885601578,1.831474358974359,201.72544744680852,2025.808695652174,2077.609813664596,2068.21306763285
2010-12-30,24.0,240.98012765957446,105.63001170212766,201.47133531914895,0.0,97.91666666666667,39.50879234042553,90.84435829787235,9.607614042553191,2060.71,314737.23,3491.47,0,0,0,0,1,2060.71,1052,2566789.9799999986,152.73242232046235,1.6943043902344337,201.47133531914892,2028.0,2070.586956521739,2067.47206763285
2010-12-31,24.0,241.38531170212767,105.62820212765958,201.8580625531915,0.0,97.91666666666667,39.52724914893617,91.05459659574468,9.619291489361702,2064.61,316180.87,3661.47,0,0,0,0,1,2064.61,1053,2568854.5899999985,153.14314567884492,1.7734438949729003,201.8580625531915,2060.71,2064.5883850931677,2066.9310676328505
2011-01-01,24.0,241.61199638297873,105.61903829787234,202.05114212765957,0.0,97.91666666666667,39.56085425531915,90.52107042553192,9.638859574468086,2074.2,316503.37,3563.26,0,0,0,0,1,2074.2,1054,2570928.7899999986,152.59057467939448,1.7178960563108672,202.05114212765957,2064.61,2061.201242236025,2067.0604009661834
2011-01-02,24.0,241.63516914893617,105.61137489361703,202.13354787234042,0.0,97.91666666666667,39.50162127659574,90.83791595744681,9.589111276595744,2026.85,309006.21,3580.97,0,0,0,0,1,2026.85,1055,2572955.6399999987,152.4563781236895,1.7667661642450108,202.13354787234044,2074.2,2051.9383850931677,2065.744734299517
2011-01-03,24.0,241.77195340425533,105.60365574468085,202.368078820922,0.0,100.0,39.403874583333334,90.26154531914894,9.504110416666666,1995.72,305154.68,3519.1,0,0,0,0,1,1995.72,1056,2574951.359999999,152.9045557493035,1.7633235123163569,202.368078820922,2026.85,2039.414099378882,2063.7960676328503
2011-01-04,24.0,241.77698270833332,105.58596458333334,202.29990208333334,0.0,100.0,39.477080625,90.36496895833334,9.554865208333334,1965.31,300492.45,3455.94,0,0,0,0,1,1965.31,1057,2576916.669999999,152.8982450605757,1.7584706738377152,202.29990208333334,1995.72,2030.7714285714287,2060.9390676328503
2011-01-05,24.0,241.90229395833333,105.568486875,202.39122208333333,0.0,100.0,39.511071875,89.46760645833334,9.569480208333333,1976.97,302177.01,3460.17,0,0,0,0,1,1976.97,1058,2578893.639999999,152.84855612376515,1.7502390021092884,202.39122208333333,1965.31,2023.4814285714288,2056.956734299517
2011-01-06,24.0,241.89931979166667,105.55631916666667,202.33679375,0.0,100.0,39.562526041666665,90.69023333333334,9.607429583333333,1974.18,301577.38,3462.84,0,0,0,0,1,1974.18,1059,2580867.8199999994,152.76083234558146,1.754064978877306,202.33679375,1976.97,2011.1200000000001,2052.72206763285
2011-01-07,24.0,241.88511229166667,105.54439833333333,202.37518,0.0,100.0,39.509932291666665,89.87883208333334,9.573748958333333,1982.03,301247.14,3469.73,0,0,0,0,1,1982.03,1060,2582849.849999999,151.98919289819025,1.7505940878795982,202.37518,1974.18,1999.322857142857,2048.82006763285
2011-01-08,24.0,241.87808270833332,105.53199375,202.43521375,0.0,100.0,39.442868958333335,89.27031541666666,9.508860625,1980.51,301427.09,3467.74,0,0,0,0,1,1980.51,1061,2584830.359999999,152.19670185962204,1.7509328405309743,202.43521375,1982.03,1985.9385714285713,2051.8326231884057
2011-01-09,24.0,241.88328145833333,105.51989375,202.37750979166665,0.0,100.0,39.50577166666667,90.32757583333333,9.569863541666667,1976.99,301169.41,3647.24,0,0,0,0,1,1976.99,1062,2586807.349999999,152.3373461676589,1.8448449410467427,202.37750979166665,1980.51,1978.8157142857142,2049.2296231884056
2011-01-10,24.0,242.13593958333334,105.51227333333334,202.79911791666666,0.0,100.0,39.336821666666665,89.698045,9.437811458333334,1965.28,298805.65,3689.36,0,0,0,0,1,1965.28,1063,2588772.629999999,152.04227896279411,1.877269396727184,202.79911791666666,1976.99,1974.467142857143,2046.1906231884059
2011-01-11,24.0,241.86992041666667,105.49831041666667,202.38933895833333,0.0,100.0,39.48058145833333,91.01766625,9.553416666666667,1961.37,298579.76,3724.29,0,0,0,0,1,1961.37,1064,2590733.999999999,152.2302064373372,1.898820722250264,202.38933895833333,1965.28,1973.9042857142856,2042.768956521739
2011-01-12,24.0,241.84938,105.49749,202.36442,0.0,100.0,39.48496,91.02105,9.55899,1997.75,299611.96,3528.61,0,0,0,0,1,1997.75,1065,2592731.749999999,149.97470153923166,1.766292078588412,202.36442,1961.37,1976.8728571428571,2040.021956521739
2011-01-13,24.0,227.36739479166667,98.953755,188.02558979166668,0.0,100.0,39.341805,90.70211333333333,9.431559791666666,1956.24,297927.71,3491.86,0,0,0,0,1,1956.24,1066,2594687.9899999993,152.29609352635669,1.7849854823539035,188.02558979166668,1997.75,1974.31,2036.2869565217393
2011-01-14,24.0,241.95998958333334,105.23863895833334,202.67199375,0.0,100.0,39.28799583333333,89.90354166666667,9.380996458333334,1971.12,300906.35,3512.19,0,0,0,0,1,1971.12,1067,2596659.1099999994,152.65755002232234,1.781824546450749,202.67199375,1956.24,1972.7514285714283,2033.154956521739
2011-01-15,24.0,242.09760125,105.26064104166667,202.81902458333334,0.0,100.0,39.278576666666666,89.07918145833334,9.368990625,1966.71,299681.39,3533.48,0,0,0,0,1,1966.71,1068,2598625.8199999994,152.37701033706037,1.7966451586659955,202.81902458333332,1971.12,1970.7800000000002,2029.434956521739
2011-01-16,24.0,242.003705625,105.282165,202.76963,0.0,100.0,39.234075625,88.42698458333334,9.329424791666666,1961.4,298286.91,3513.04,0,0,0,0,1,1961.4,1069,2600587.2199999993,152.07857142857142,1.7910879983685122,202.76963,1966.71,1968.5528571428572,2025.6812898550722
2011-01-17,24.0,242.07293104166666,105.28009166666666,202.76187229166666,0.0,100.0,39.31105875,89.81251916666666,9.41301625,2013.49,307107.27,3650.52,0,0,0,0,1,2013.49,1070,2602600.7099999995,152.5248548540097,1.8130311051954566,202.76187229166666,1961.4,1975.44,2023.6836231884058
2011-01-18,24.0,242.215720625,105.238813125,202.94186375,0.0,100.0,39.273856875,91.20406333333334,9.395514583333334,2005.16,306026.27,3654.31,0,0,0,0,1,2005.16,1071,2604605.8699999996,152.6193770073211,1.8224530710766222,202.94186374999998,2013.49,1981.695714285714,2021.7896231884056
2011-01-19,24.0,242.5785070212766,105.19453723404256,203.4648936170213,0.0,97.91666666666667,39.11361340425532,91.42466063829787,9.288353612588653,1989.6,303342.66,3639.68,0,0,0,0,1,1989.6,1072,2606595.4699999997,152.46414354644148,1.829352633695215,203.4648936170213,2005.16,1980.5314285714285,2019.1662898550724
2011-01-20,24.0,243.113980625,105.38710625,204.24902541666665,0.0,100.0,38.864955208333335,92.07800270833333,9.123669791666666,1972.24,300740.78,3625.43,0,0,0,0,1,1972.24,1073,2608567.71,152.4869082870239,1.8382296272258953,204.24902541666668,1989.6,1982.8171428571427,2015.6009565217391
2011-01-21,24.0,242.17858604166668,105.3704075,202.89385104166666,0.0,100.0,39.284735,91.04683729166666,9.420209583333333,1998.81,304641.86,3669.41,0,0,0,0,1,1998.81,1074,2610566.52,152.41161491087198,1.8357972993931388,202.89385104166666,1972.24,1986.7728571428572,2012.683956521739
2011-01-22,24.0,242.2000934042553,105.35790021276595,202.94545276595744,0.0,97.91666666666667,39.25464063829787,91.05429234042553,9.395258510638298,2005.83,306451.91,3636.45,0,0,0,0,1,2005.83,1075,2612572.35,152.78059955230503,1.8129402790864628,202.94545276595744,1998.81,1992.3614285714284,2009.2159565217394
2011-01-23,24.0,242.93287416666666,105.357425,204.14831958333335,0.0,100.0,38.78455458333333,91.37400083333333,9.026486458333334,1963.73,299814.17,3621.81,0,0,0,0,1,1963.73,1076,2614536.08,152.67586175288864,1.844352329495399,204.14831958333332,2005.83,1992.6942857142858,2004.4536231884058
2011-01-24,24.0,242.8102275,105.34353375,203.97967333333332,0.0,100.0,38.830554166666666,91.41484833333334,9.053972291666666,1965.35,300070.08,3626.84,0,0,0,0,1,1965.35,1077,2616501.43,152.68022489632892,1.845391406110871,203.97967333333332,1963.73,1985.8171428571427,2000.034956521739
2011-01-25,24.0,243.39014229166668,105.32721854166667,204.82197854166665,0.0,100.0,38.56816375,91.95180208333333,8.865682083333333,1945.09,297726.19,3616.85,0,0,0,0,1,1945.09,1078,2618446.52,153.06550853688006,1.8594769393704147,204.82197854166668,1965.35,1977.2357142857143,1995.1482898550723
2011-01-26,24.0,243.425593125,105.31349583333333,204.88134229166667,0.0,100.0,38.54425083333334,91.99168791666666,8.860651458333333,1949.07,297693.19,3613.56,0,0,0,0,1,1949.07,1079,2620395.59,152.7360176904883,1.853991903831058,204.88134229166667,1945.09,1971.445714285714,1990.670956521739
2011-01-27,24.0,243.45719770833333,105.300005,204.91292708333333,0.0,100.0,38.544270625,92.25831854166667,8.869511666666666,1941.73,296841.74,3612.15,0,0,0,0,1,1941.73,1080,2622337.32,152.87487961766053,1.8602740854804736,204.91292708333333,1949.07,1967.087142857143,1987.868333333333
2011-01-28,24.0,243.22554395833333,105.28828375,204.61273229166667,0.0,100.0,38.612811666666666,91.70366625,8.914049583333334,1947.38,297417.12,3624.0,0,0,0,0,1,1947.38,1081,2624284.6999999997,152.72680216496008,1.8609619077940616,204.61273229166667,1941.73,1959.74,1985.181
2011-01-29,24.0,242.07661229166666,105.27652645833334,202.94435083333335,0.0,100.0,39.13226145833333,90.838873125,9.278812291666666,1976.34,302448.07,3672.83,0,0,0,0,1,1976.34,1082,2626261.0399999996,153.03443233451736,1.858399870467632,202.94435083333332,1947.38,1955.527142857143,1982.3686666666665
2011-01-30,24.0,242.086228125,105.26827458333334,203.03435020833334,0.0,100.0,39.05187791666667,89.91003479166666,9.201922083333333,1974.71,301471.95,3665.11,0,0,0,0,1,1974.71,1083,2628235.7499999995,152.66644216112746,1.8560244289034846,203.0343502083333,1976.34,1957.095714285714,1979.3719999999998
2011-01-31,24.0,242.54416041666667,105.25699541666667,203.8648825,0.0,100.0,38.67927791666666,89.77232,8.902038541666666,1947.29,298856.68,3619.25,0,0,0,0,1,1947.29,1084,2630183.0399999996,153.47312418797407,1.8586086304556588,203.86488250000002,1974.71,1954.5157142857145,1975.1416666666667
2011-02-01,14.775,243.62332874788495,105.24048595600676,204.40400534686972,0.0,96.213957,39.21932340101523,89.78967287648054,9.549088240270727,1178.94,186744.44,2366.93,0,0,0,0,1,1915.0294416243657,1085,2631361.9799999995,158.40029178753795,2.0076763872631345,204.40400534686972,1947.29,1950.2213488034809,1971.4143147208122
2011-02-05,15.475,255.55343208400646,104.83166554119548,204.450367092084,0.0,53.739025,51.10306499192246,77.9975266558966,17.254507948303715,792.96,125619.51,1788.71,0,0,0,0,4,1229.7925686591277,1089,2632154.9399999995,158.4184700363196,2.2557379943502824,204.450367092084,1915.0294416243657,1847.467430040499,1945.8834003427833
2011-02-06,22.5,245.82244376666668,105.12647858888889,202.15056098888888,0.0,77.8999397826087,43.671882777777775,88.76363492222222,11.757815744444445,1581.39,236216.85,3395.58,0,0,0,0,1,1686.816,1090,2633736.3299999996,149.37292508489367,2.1472122626297114,202.1505609888889,1229.7925686591277,1811.0511443262133,1936.6002670094497
2011-02-07,24.0,240.86292166666667,105.164923125,202.211341875,0.0,98.99007208333333,38.65157979166667,90.267450625,8.9270475,1864.62,283733.22,3550.9,0,0,0,0,1,1864.62,1091,2635600.9499999997,152.16677929015026,1.9043558473040085,202.211341875,1686.816,1799.228287183356,1932.8552670094498
2011-02-08,24.0,240.15887083333334,105.16333583333333,201.59239354166667,0.0,100.0,38.566477291666665,90.86147625,8.8317375,1856.36,284391.6,3463.97,0,0,0,0,1,1856.36,1092,2637457.3099999996,153.19851752892757,1.866001206662501,201.59239354166667,1864.62,1782.0882871833562,1928.9279336761165
2011-02-09,24.0,238.97006458333334,105.13597229166666,200.27563541666666,0.0,97.32860875,38.694429166666666,89.40932020833333,8.916564791666667,1851.68,286525.58,3569.43,0,0,0,0,1,1851.68,1093,2639308.9899999998,154.73817290244534,1.9276710878769547,200.27563541666666,1856.36,1764.5125728976418,1924.5829336761162
2011-02-10,24.0,237.67744729166665,105.11126958333334,199.01998395833334,0.0,98.31820208333333,38.65746333333333,89.97837708333333,8.884449583333334,1898.77,290264.12,3512.74,0,0,0,0,1,1898.77,1094,2641207.76,152.8695523944448,1.8500081631793213,199.0199839583333,1851.68,1757.5811443262135,1921.85826700945
2011-02-11,24.0,237.3296725,105.099829375,198.809758125,0.0,100.0,38.519914375,89.05970270833333,8.763978125,1891.82,289292.47,3664.11,0,0,0,0,1,1891.82,1095,2643099.5799999996,152.9175450095675,1.936817456206193,198.80975812499997,1898.77,1754.265509808447,1919.0192670094498
2011-02-12,24.0,237.14218520833333,105.08465895833334,198.83992354166668,0.0,100.0,38.302261666666666,85.81939125,8.583398125,1865.5,285857.06,3430.84,0,0,0,0,1,1865.5,1096,2644965.0799999996,153.2334816403109,1.8390994371482177,198.83992354166668,1891.82,1845.0808571428572,1915.6932670094498
2011-02-13,22.0,243.6193740485111,105.01892430171556,200.21294960073777,0.0,80.04702847826087,43.40642444777333,82.5536926214,14.024974889337777,1427.65,224793.51,2699.22,0,0,0,0,1,1557.4363636363637,1097,2646392.7299999995,157.4570167758204,1.890673484397436,200.21294960073777,1865.5,1826.598051948052,1902.2288124639954
2011-02-14,8.33333,242.54332485839393,104.94368604998242,201.26060606114243,0.0,83.53046611111111,41.28271879725152,76.99564686654675,11.2975040003336,638.36,133445.95,1213.5,0,0,0,0,1,1838.4775353910143,1098,2647031.0899999994,209.0449746224701,1.900964972742653,201.26060606114243,1557.4363636363637,1822.8634141467683,1896.9197303103624
2011-02-15,22.41667,247.01077201386735,104.9468231464709,199.3928035771727,0.0,62.26086489361702,47.61796843669465,80.40700952441642,17.05233582164523,1498.32,223129.14,2002.69,0,0,0,0,1,1604.149055145122,1099,2648529.409999999,148.9195498958834,1.336623685194084,199.39280357717269,1838.4775353910143,1786.8332791675,1885.1833654818663
2011-02-16,24.0,236.01582833333333,105.01231083333333,197.16060333333334,0.0,100.0,38.855225,86.42196229166667,8.204557916666667,1875.21,286475.13,3640.71,0,0,0,0,1,1875.21,1100,2650404.619999999,152.7696258019102,1.9414945526101077,197.16060333333334,1604.149055145122,1790.1947077389286,1881.9863654818664
2011-02-17,24.0,236.24212354166667,105.01676229166667,197.632559375,0.0,100.0,38.609564166666665,87.061964375,8.307579791666667,1978.55,307246.58,3347.98,0,0,0,0,1,1978.55,1101,2652383.169999999,155.28876197215135,1.6921381820019712,197.632559375,1875.21,1801.5918505960713,1882.3810321485332
2011-02-18,24.0,236.87479166666665,105.02739083333333,198.53758208333332,0.0,100.0,38.33720958333333,86.06585666666666,8.56742875,1965.19,306978.73,3187.92,0,0,0,0,1,1965.19,1102,2654348.359999999,156.20816816694568,1.6221942916461003,198.53758208333332,1978.55,1812.0732791675,1882.5073654818664
2011-02-19,24.0,237.677348125,105.03164895833334,199.26296354166666,0.0,100.0,38.41438458333333,85.81793895833333,8.690361458333333,1971.63,307053.23,3237.67,0,0,0,0,1,1971.63,1103,2656319.989999999,155.73572627724266,1.6421285941074135,199.2629635416667,1965.19,1827.2347077389284,1881.112032148533
2011-02-20,24.0,238.28488541666667,105.03141020833333,199.76242354166666,0.0,100.0,38.522461875,87.21692541666667,8.784065416666667,1972.83,306746.49,3429.24,0,0,0,0,1,1972.83,1104,2658292.819999999,155.48551573120847,1.7382339076352245,199.76242354166666,1971.63,1886.5766557908767,1880.0343654818666
2011-02-21,24.0,238.86014729166666,105.02950458333333,200.27816104166666,0.0,100.0,38.58198625,87.40965395833334,8.832592291666666,1973.07,306796.69,3301.83,0,0,0,0,1,1973.07,1105,2660265.8899999987,155.49204539119242,1.6734479770104456,200.27816104166666,1972.83,1905.8041507350174,1879.4833654818665
2011-02-22,24.0,239.76976145833333,105.02851895833334,200.92994708333333,0.0,100.0,38.839814375,85.81505916666667,8.773983541666666,2021.33,315362.38,3469.93,0,0,0,0,1,2021.33,1106,2662287.219999999,156.0172658596073,1.7166568546452088,200.92994708333333,1973.07,1965.4014285714286,1881.1196988151996
2011-02-23,24.0,240.33014854166666,105.02841729166667,201.607291875,0.0,100.0,38.722856666666665,85.2224325,8.946707291666666,2022.07,315484.48,3517.13,0,0,0,0,1,2022.07,1107,2664309.2899999986,156.0205531954878,1.7393710405673395,201.607291875,2021.33,1986.3814285714284,1881.895032148533
2011-02-24,24.0,241.20424666666668,105.034516875,202.50731270833333,0.0,100.0,38.69693395833333,88.16221583333333,8.914636041666666,2007.92,312588.71,3547.69,0,0,0,0,1,2007.92,1108,2666317.2099999986,155.6778706322961,1.7668482808080004,202.50731270833336,2022.07,1990.577142857143,1881.9646988151997
2011-02-25,24.0,241.51305229166667,105.021901875,202.825920625,0.0,100.0,38.687131666666666,88.57817229166666,8.893146666666667,2002.21,308300.05,3554.31,0,0,0,0,1,2002.21,1109,2668319.4199999985,153.97987723565458,1.775193411280535,202.825920625,2007.92,1995.8657142857141,1883.2473654818666
2011-02-26,24.0,242.42162625,105.00551458333334,204.04456083333332,0.0,100.0,38.37706541666667,90.81456645833333,8.687499375,1984.99,303632.3,3523.09,0,0,0,0,1,1984.99,1110,2670304.4099999988,152.96414591509276,1.7748653645610306,204.04456083333332,2002.21,1997.7742857142857,1883.9020321485332
2011-02-27,24.0,242.98106541666667,104.98202791666667,204.78460166666667,0.0,100.0,38.19646375,91.67615104166667,8.577691041666666,1975.89,302037.35,3531.89,0,0,0,0,1,1975.89,1111,2672280.299999999,152.8614194109996,1.787493230898481,204.78460166666667,1984.99,1998.2114285714285,1884.9286988151996
2011-02-28,24.0,243.13916791666668,104.964670625,204.913519375,0.0,100.0,38.225648541666665,91.91951875,8.627451875,1969.05,301394.02,3544.12,0,0,0,0,1,1969.05,1112,2674249.3499999987,153.06570173433892,1.7999136639496203,204.91351937500002,1975.89,1997.637142857143,1885.5946988151998
2011-03-01,24.0,243.26974333333334,104.95124041666666,205.07803083333334,0.0,100.0,38.1917125,91.51702541666667,8.599806041666668,1977.11,302408.83,3576.97,0,0,0,0,1,1977.11,1113,2676226.4599999986,152.954984801048,1.8091911932062454,205.07803083333334,1969.05,1991.3200000000002,1886.7740321485333
2011-03-02,24.0,243.38555770833332,104.93782729166666,205.28071625,0.0,100.0,38.10484145833333,90.28466791666666,8.52747625,1960.05,300075.87,3567.72,0,0,0,0,1,1960.05,1114,2678186.5099999984,153.09602816254687,1.8202188719675518,205.28071624999998,1977.11,1982.4600000000003,1887.1963654818662
2011-03-03,24.0,243.49515666666667,104.92488416666667,205.30331208333334,0.0,100.0,38.191844583333335,91.796381875,8.607473333333333,1946.72,298967.44,3551.98,0,0,0,0,1,1946.72,1115,2680133.2299999986,153.57495685049724,1.8245972713076355,205.30331208333334,1960.05,1973.7171428571426,1886.2090321485332
2011-03-04,24.0,243.544878125,104.910575625,205.39563270833332,0.0,100.0,38.149245416666666,91.64043833333334,8.565110625,1958.95,299614.68,3592.84,0,0,0,0,1,1958.95,1116,2682092.179999999,152.94656831465835,1.834064167028255,205.39563270833332,1946.72,1967.537142857143,1885.6836988151997
2011-03-05,24.0,243.58758833333334,104.89771020833334,205.46952708333333,0.0,100.0,38.11806125,91.57955375,8.53406875,1943.11,298037.69,3579.45,0,0,0,0,1,1943.11,1117,2684035.2899999986,153.38179001703455,1.8421242235385542,205.46952708333333,1958.95,1961.554285714286,1885.5443654818664
2011-03-06,24.0,243.49546916666668,104.88294979166666,205.45901770833333,0.0,100.0,38.03645145833333,90.95297395833333,8.459369791666667,1943.13,295061.3,3595.1,0,0,0,0,1,1943.13,1118,2685978.4199999985,151.84846098819943,1.8501592791012438,205.45901770833336,1943.11,1956.8742857142859,1886.4810507610541
2011-03-07,24.0,243.30393791666665,104.86606666666667,205.370318125,0.0,100.0,37.933619791666665,89.89808625,8.359700208333333,1933.78,296266.26,3553.07,0,0,0,0,1,1933.78,1119,2687912.1999999983,153.20577314896215,1.837370331681991,205.37031812499998,1943.13,1951.8357142857144,1909.9472984724166
2011-03-08,24.0,243.36708520833332,104.85419958333334,205.4565625,0.0,100.0,37.91052270833333,89.38428166666667,8.326655416666666,1920.03,300193.48,3595.97,0,0,0,0,1,1920.03,1120,2689832.229999998,156.34832789071004,1.8728717780451347,205.4565625,1933.78,1943.6814285714286,1917.7210984724165
2011-03-09,24.0,243.29511583333334,104.84068479166666,205.35575791666668,0.0,100.0,37.939357916666665,90.775946875,8.342166666666667,1919.2,296592.62,3574.25,0,0,0,0,1,1919.2,1121,2691751.4299999983,154.53971446436015,1.8623645268862026,205.35575791666668,1920.03,1937.8457142857144,1919.5404318057497
2011-03-10,24.0,243.3893429787234,104.83017510638298,205.44473680851064,0.0,100.0,37.944606170212765,90.97875978723404,8.339311276595744,1932.01,298150.37,3578.11,0,0,0,0,1,1932.01,1122,2693683.439999998,154.32133891646524,1.8520142235288637,205.44473680851064,1919.2,1935.7442857142858,1922.0620984724167
2011-03-11,24.0,243.45347787234041,104.8195514893617,205.50557659574469,0.0,97.91666666666667,37.94790127659574,90.81890829787234,8.348128936170212,1897.76,291333.84,3938.67,0,0,0,0,1,1897.76,1123,2695581.199999998,153.5145856167271,2.0754310344827585,205.50557659574469,1932.01,1927.0028571428572,1923.5980984724167
2011-03-12,24.0,243.43762458333333,104.80748770833333,205.48516395833335,0.0,100.0,37.952460625,91.38827041666667,8.355313541666666,1907.26,292083.71,3931.2,0,0,0,0,1,1907.26,1124,2697488.4599999976,153.14310057359774,2.0611767666705116,205.48516395833332,1897.76,1921.8814285714284,1923.8810984724166
2011-03-13,24.0,242.89508340425533,104.79992574468085,204.64949957446808,0.0,100.0,38.245583829787236,90.11336829787234,8.401166808510638,1905.52,293816.25,3938.26,0,0,0,0,1,1905.52,1125,2699393.9799999977,154.19216276921784,2.066763927956673,204.6494995744681,1907.26,1916.5085714285713,1924.3377651390833
2011-03-14,24.0,242.8625714893617,104.78977212765957,204.58306765957448,0.0,90.0,38.27950382978723,90.3675829787234,8.618362340425533,1902.3,292527.22,4109.12,0,0,0,0,1,1902.3,1126,2701296.2799999975,153.7755453924197,2.160079903274983,204.58306765957445,1905.52,1912.0114285714285,1925.56443180575
2011-03-15,24.0,242.92396229166667,104.77425291666667,203.97179770833333,0.0,85.91093104166667,38.952164583333335,87.03452083333333,9.090231041666666,1876.25,289165.09,4056.38,0,0,0,0,1,1876.25,1127,2703172.5299999975,154.1186355762825,2.1619613590939375,203.97179770833333,1902.3,1905.757142857143,1936.1915530178712
2011-03-16,24.0,243.35554083333332,104.762928125,204.53050958333333,0.0,82.95215020833334,38.82503125,86.24045208333334,9.130048541666667,1856.21,287358.06,4027.2,0,0,0,0,1,1856.21,1128,2705028.7399999974,154.80902484093932,2.16958210547298,204.53050958333333,1876.25,1896.7585714285713,1936.7826351715041
2011-03-17,13.5,252.9065857037037,104.55019481481482,206.79717966666666,0.0,62.0,46.10940603703704,79.95772307407407,16.158133425925925,807.59,125626.19,1987.91,0,0,0,0,1,1435.7155555555555,1129,2705836.3299999973,155.55689149196994,2.461533699030449,206.79717966666666,1856.21,1825.859365079365,1931.1681851851852
2011-03-18,24.0,243.25625145833334,104.71927708333334,203.696061875,0.0,74.914940625,39.56018958333333,90.06262375,9.789133125,1718.61,263950.68,3951.57,0,0,0,0,1,1718.61,1130,2707554.939999997,153.58381482709865,2.299282559743048,203.696061875,1435.7155555555555,1800.2665079365077,1925.9481851851851
2011-03-19,24.0,243.07865666666666,104.7157375,203.57835875,0.0,75.55728208333333,39.50029791666667,90.16924291666666,9.774211666666666,1762.74,270927.83,3983.27,0,0,0,0,1,1762.74,1131,2709317.6799999974,153.69698877883297,2.259703643191849,203.57835875,1718.61,1779.6207936507933,1918.7545185185186
2011-03-20,24.0,243.08740020833332,104.704933125,203.63396583333332,0.0,73.981595,39.453434375,88.80684958333333,9.737814375,1751.68,269857.23,3989.61,0,0,0,0,1,1751.68,1132,2711069.3599999975,154.05623744062842,2.2775906558275483,203.63396583333332,1762.74,1757.6436507936507,1911.6375185185186
2011-03-21,24.0,243.47840145833334,104.69132666666667,203.66167520833332,0.0,70.58429583333333,39.81672625,89.20871833333334,10.098789583333334,1728.13,267251.08,3854.96,0,0,0,0,1,1728.13,1133,2712797.4899999974,154.64755545011081,2.230711809875414,203.66167520833335,1751.68,1732.7622222222221,1903.5208518518518
2011-03-22,24.0,243.89959085106383,104.67259531914894,203.61492489361703,0.0,65.53598854166667,40.28466595744681,90.20823978723405,10.573752765957448,1818.1,279686.77,3986.83,0,0,0,0,1,1818.1,1134,2714615.5899999975,153.83464605907267,2.1928551784830317,203.61492489361703,1728.13,1724.4550793650794,1898.363185185185
2011-03-23,24.0,244.26850127659574,104.65675145833333,203.73467170212766,0.0,64.264853125,40.533829574468086,89.83370510638298,10.825406808510639,1845.76,284751.11,3969.61,0,0,0,0,1,1845.76,1135,2716461.3499999973,154.27309617718447,2.1506642250346744,203.73467170212766,1818.1,1722.9622222222222,1894.1195185185184
2011-03-24,24.0,244.44424,104.64682425531915,203.7804070212766,0.0,63.934571875,40.663832978723406,90.65070148936171,10.954049787234043,1841.65,285172.36,4085.22,0,0,0,0,1,1841.65,1136,2718302.999999997,154.84612168435913,2.2182390790866884,203.7804070212766,1845.76,1780.952857142857,1888.1301851851854
2011-03-25,24.0,244.6048544680851,104.6309714893617,203.6971270212766,0.0,63.933834166666664,40.90772744680851,90.4454629787234,10.675241063829787,1837.95,284627.19,4047.08,0,0,0,0,1,1837.95,1137,2720140.9499999974,154.8612258222476,2.2019532631464402,203.6971270212766,1841.65,1798.0014285714285,1881.992851851852
2011-03-26,24.0,244.77381170212766,104.62156382978723,203.8479370212766,0.0,63.76687458333333,40.92587468085107,90.36364,10.731059574468086,1837.78,283683.25,3991.32,0,0,0,0,1,1837.78,1138,2721978.729999997,154.36192036043488,2.1718159953857374,203.8479370212766,1837.95,1808.7214285714288,1876.3215185185184
2011-03-27,23.0,244.91002272727272,104.60732772727273,203.9716415909091,0.0,63.38395608695652,40.93838113636364,89.7178615909091,10.740895681818182,1752.62,270325.01,3909.81,0,0,0,0,1,1828.8208695652172,1139,2723731.3499999973,154.24051420159535,2.230837260786708,203.9716415909091,1837.78,1819.741552795031,1870.541880837359
2011-03-28,24.0,244.84607458333332,104.59674145833333,203.94685375,0.0,64.79814625,40.89922083333333,90.15369875,10.700620833333334,1821.72,281525.2,4038.89,0,0,0,0,1,1821.72,1140,2725553.0699999975,154.53812880135257,2.2170750719100627,203.94685375,1828.8208695652172,1833.111552795031,1865.0995475040258
2011-03-29,24.0,244.90501791666668,104.58075645833334,204.04115104166667,0.0,64.78669458333333,40.863866875,90.28342208333333,10.666382916666667,1813.41,278860.46,4018.23,0,0,0,0,1,1813.41,1141,2727366.4799999977,153.77684031741305,2.2158419772693434,204.0411510416667,1821.72,1832.4415527950312,1859.6835475040257
2011-03-30,24.0,244.84517125,104.56670333333334,204.13422020833335,0.0,64.870803125,40.71095104166667,88.14276,10.54299625,1801.04,279023.25,4026.97,0,0,0,0,1,1801.04,1142,2729167.5199999977,154.92340536578865,2.235913694309954,204.13422020833332,1813.41,1826.0529813664598,1854.0832141706924
2011-03-31,24.0,233.73739020833332,100.15288666666666,194.94593,0.0,62.028264166666666,38.79146020833333,84.10876833333333,9.991072291666667,1791.79,276834.65,3890.66,0,0,0,0,1,1791.79,1143,2730959.3099999977,154.50172732295638,2.1713816909347634,194.94592999999998,1801.04,1818.9301242236022,1847.905880837359
2011-04-01,24.0,244.741781875,104.53967333333334,204.08773979166668,0.0,64.83233166666666,40.65404208333333,89.315374375,10.498428958333333,1801.41,278001.82,4027.03,0,0,0,0,1,1801.41,1144,2732760.719999998,154.32456797730666,2.2354877568127187,204.08773979166665,1791.79,1813.7101242236024,1842.617880837359
2011-04-02,24.0,244.7695425,104.52699520833333,204.16172625,0.0,64.84158791666667,40.60781625,88.77765,10.454629375,1793.12,277767.44,4021.95,0,0,0,0,1,1793.12,1145,2734553.839999998,154.90733470152585,2.242989872401178,204.16172625000002,1801.41,1807.3301242236025,1837.4978808373592
2011-04-03,24.0,244.81633416666668,104.51578229166667,204.22153479166667,0.0,64.86553895833333,40.594799375,89.50303333333333,10.43841125,1787.31,277092.97,4028.76,0,0,0,0,1,1787.31,1146,2736341.149999998,155.03352524184388,2.2540913439750243,204.22153479166667,1793.12,1801.3999999999999,1831.7765475040258
2011-04-04,24.0,244.83800166666666,104.50424291666667,204.24622375,0.0,64.83691666666667,40.591777916666665,88.67819604166667,10.4323875,1782.23,276537.47,4028.26,0,0,0,0,1,1782.23,1147,2738123.379999998,155.1637386869259,2.2602357720384014,204.24622374999998,1787.31,1795.7585714285713,1826.4138808373593
2011-04-05,23.16667,247.34169484955325,104.47663186658679,204.70115493653165,0.0,58.63190916666667,42.6405399130216,87.87442941640296,12.334056274462407,1554.73,243316.18,4156.58,0,0,0,0,1,1610.6553078193804,1148,2739678.109999998,156.50060139059514,2.673506010689959,204.70115493653165,1782.23,1766.7936154027686,1815.3313910980048
2011-04-06,24.0,244.79553125,104.47914416666667,204.28662375,0.0,64.96119270833333,40.5089075,89.80937729166666,10.355652916666667,1769.38,273190.05,4158.67,0,0,0,0,1,1769.38,1149,2741447.489999998,154.3987441928811,2.3503543614147326,204.28662375000002,1610.6553078193804,1762.2707582599116,1809.851391098005
2011-04-07,24.0,244.68712229166667,104.46507041666666,204.215445,0.0,65.12414145833333,40.471677291666666,90.16567,10.336539583333334,1775.88,275633.78,3950.36,0,0,0,0,1,1775.88,1150,2743223.369999998,155.20968759150395,2.2244521026195465,204.215445,1769.38,1759.9979011170544,1805.046391098005
2011-04-08,24.0,244.8785025,104.45255875,204.41465916666667,0.0,65.13309916666667,40.46384333333334,90.13905395833334,10.323416666666667,1772.75,279171.51,4071.11,0,0,0,0,1,1772.75,1151,2744996.119999998,157.47934564941477,2.2964941475109293,204.41465916666667,1775.88,1755.9036154027688,1800.1647244313385
2011-04-09,24.0,245.00939041666666,104.442979375,204.50296229166668,0.0,65.25692875,40.506428125,90.43051708333333,10.375862708333333,1787.35,277157.64,4085.75,0,0,0,0,1,1787.35,1152,2746783.469999998,155.06623772624278,2.285926091700003,204.50296229166668,1772.75,1755.0793296884829,1795.3427244313384
2011-04-10,24.0,244.81870458333333,104.42315895833333,204.36425854166666,0.0,65.324531875,40.454446041666664,89.4452125,10.347281041666667,1784.0,278647.41,4198.55,0,0,0,0,1,1784.0,1153,2748567.469999998,156.19249439461882,2.3534473094170405,204.36425854166666,1787.35,1754.6064725456258,1791.5507244313383
2011-04-11,24.0,245.15300395833333,104.41431020833333,204.50206979166666,0.0,65.22840229166667,40.650934166666666,89.798585,10.430446041666666,1789.31,279350.85,4229.38,0,0,0,0,1,1789.31,1154,2750356.779999998,156.12210852227952,2.3636932672370916,204.50206979166666,1784.0,1755.6179011170545,1787.6190577646717
2011-04-12,24.0,245.13747875,104.40467291666667,204.48548729166666,0.0,65.21183458333333,40.651991458333335,90.29172083333333,10.50565125,1790.3,278959.88,4125.88,0,0,0,0,1,1790.3,1155,2752147.0799999977,155.81739373289395,2.304574652292912,204.4854872916667,1789.31,1781.2814285714285,1783.778391098005
2011-04-13,22.5,247.88510958262665,104.37641886340444,205.48296472933333,0.0,59.950176086956525,42.402144853293336,89.11970932468888,12.455533895715556,1532.81,239902.21,4053.23,0,0,0,0,1,1634.9973333333332,1156,2753679.889999998,156.51138105831774,2.644313385220608,205.48296472933333,1790.3,1762.083904761905,1774.868302209116
2011-04-14,24.0,245.15590854166666,104.38989166666667,204.70036020833334,0.0,65.55289104166667,40.45554833333333,89.666663125,10.324275625,1760.51,269990.78,4113.86,0,0,0,0,1,1760.51,1157,2755440.3999999976,153.35941289739907,2.336743330057767,204.70036020833334,1634.9973333333332,1759.8881904761906,1771.0103022091162
2011-04-15,24.0,245.49623208333333,104.37671979166667,204.754768125,0.0,63.73608145833333,40.741463958333334,89.82770791666667,10.627890625,1746.44,269282.33,4078.42,0,0,0,0,1,1746.44,1158,2757186.8399999975,154.1892821969263,2.3352763335700053,204.754768125,1760.51,1756.129619047619,1767.3513022091163
2011-04-16,24.0,245.88090770833332,104.36123458333333,204.81020020833333,0.0,62.239540625,41.0707075,90.11683875,10.9634,1732.67,267457.32,4043.11,0,0,0,0,1,1732.67,1159,2758919.5099999974,154.36137291001748,2.333456457375034,204.81020020833333,1746.44,1748.3181904761902,1777.2497836905977
2011-04-17,24.0,246.14296583333334,104.34563979166667,204.85311583333333,0.0,61.344044375,41.28985,90.0297925,11.190066458333334,1724.09,266253.89,4027.54,0,0,0,0,1,1724.09,1160,2760643.5999999973,154.43154939707324,2.3360381418603438,204.85311583333333,1732.67,1739.759619047619,1777.4324503572645
2011-04-18,24.0,246.1,104.3,204.8,0.0,61.34,41.3,90.0,11.2,1714.29,266383.4,4094.08,0,0,0,0,1,1714.29,1161,2762357.8899999973,155.3899281918462,2.3882073628149265,204.8,1724.09,1729.0424761904762,1775.817450357264
2011-04-19,24.0,246.1,104.3,204.8,0.0,61.34,41.3,90.0,11.2,1710.14,266087.25,3983.86,0,0,0,0,1,1710.14,1162,2764068.0299999975,155.5938402703872,2.329551966505666,204.8,1714.29,1717.5910476190477,1774.4327836905975
2011-04-20,24.0,246.2,104.3,204.8,0.0,61.2,41.4,90.4,11.3,1708.4,265226.89,3973.96,0,0,0,0,1,1708.4,1163,2765776.4299999974,155.2487063919457,2.3261297120112383,204.79999999999998,1710.14,1728.0771428571427,1773.775117023931
2011-04-21,24.0,246.2,104.3,204.8,0.0,61.2,41.4,90.4,11.3,1705.61,263081.83,4047.4,0,0,0,0,1,1705.61,1164,2767482.0399999972,154.24500911697282,2.3729926536547046,204.79999999999998,1708.4,1720.2342857142855,1770.0254503572644
2011-04-22,24.0,246.1,104.3,205.0,0.0,61.2,41.1,90.4,11.0,1702.66,265462.57,4023.17,0,0,0,0,1,1702.66,1165,2769184.6999999974,155.91049886647951,2.3628733863484195,205.0,1705.61,1713.98,1765.2554503572644
2011-04-23,24.0,246.1,104.3,205.0,0.0,61.2,41.1,90.4,11.0,1699.76,266005.26,4023.87,0,0,0,0,1,1699.76,1166,2770884.459999997,156.49577587424108,2.367316562338212,205.0,1702.66,1709.2785714285715,1760.5257836905976
2011-04-24,24.0,246.2,104.3,204.8,0.0,61.2,41.4,90.4,11.3,1699.93,264833.51,4031.98,0,0,0,0,1,1699.93,1167,2772584.3899999973,155.7908325636938,2.3718506056131723,204.79999999999998,1699.76,1705.827142857143,1755.9251170239309
2011-04-25,24.0,246.2,104.3,204.8,0.0,61.2,41.4,90.4,11.3,1696.2,264062.14,4038.71,0,0,0,0,1,1696.2,1168,2774280.5899999975,155.67865817710177,2.381034076170263,204.79999999999998,1699.93,1703.242857142857,1751.2057836905979
2011-04-26,24.0,246.21129833333333,104.3,205.10560333333333,0.0,61.11578291666667,41.105695,90.4,11.026458333333334,1689.96,263580.18,4046.2,0,0,0,0,1,1689.96,1169,2775970.5499999975,155.9682951075765,2.394257852256858,205.10560333333333,1696.2,1700.3600000000001,1746.5770880384237
2011-04-27,24.0,246.223859375,104.222268125,205.1448525,0.0,61.077725208333334,41.079006875,90.28825770833333,10.994328333333334,1690.96,263461.07,4048.91,0,0,0,0,1,1690.96,1170,2777661.5099999974,155.80561929318256,2.394444575862232,205.14485249999998,1689.96,1697.8685714285714,1742.218421371757
2011-04-28,24.0,246.50733020833334,104.2084325,205.21418645833333,0.0,60.447803125,41.29314375,90.24380270833333,11.222783541666667,1707.75,265879.48,4121.04,0,0,0,0,1,1707.75,1171,2779369.2599999974,155.68993119601814,2.4131400966183576,205.21418645833336,1690.96,1698.1742857142856,1738.6964213717572
2011-04-29,24.0,246.61504875,104.19493729166666,205.24822333333333,0.0,60.230748958333336,41.366825416666664,89.82708145833334,11.308588333333333,1704.12,265403.23,4110.05,0,0,0,0,1,1704.12,1172,2781073.3799999976,155.74210149519988,2.411831326432411,205.24822333333333,1707.75,1698.3828571428571,1735.4657547050906
2011-04-30,24.0,246.63557020833332,104.18481625,205.26175458333333,0.0,60.173214375,41.373815625,90.32277666666667,11.309912291666667,1700.17,265062.54,4111.93,0,0,0,0,1,1700.17,1173,2782773.5499999975,155.90355082138842,2.4185404988912875,205.26175458333333,1704.12,1698.4414285714286,1732.4117547050905
2011-05-01,24.0,246.62009229166668,104.17327645833333,205.29896104166667,0.0,60.20591541666667,41.32113125,90.29435895833333,11.253006875,1698.76,264664.49,4110.74,0,0,0,0,1,1698.76,1174,2784472.3099999973,155.79863547528785,2.4198474181167438,205.29896104166667,1700.17,1698.2742857142857,1728.990088038424
2011-05-02,24.0,246.604033125,104.16286333333333,205.40184645833332,0.0,60.295488541666664,41.20218666666667,89.22193270833333,11.150451041666667,1697.94,264431.34,4111.29,0,0,0,0,1,1697.94,1175,2786170.249999997,155.73656312943922,2.421339976677621,205.40184645833332,1698.76,1698.5228571428572,1725.817421371757
2011-05-03,24.0,246.69480520833332,104.1528925,205.40187854166666,0.0,60.210442291666666,41.292926666666666,90.13999770833334,11.220527916666667,1691.62,263837.75,4033.35,0,0,0,0,1,1691.62,1176,2787861.8699999973,155.96750452229224,2.3843120795450514,205.40187854166666,1697.94,1698.76,1722.6277547050906
2011-05-04,24.0,246.51274041666667,104.14454020833334,205.43651416666665,0.0,60.88533708333333,41.07622625,90.30327708333333,10.992178125,1701.61,264620.5,4126.61,0,0,0,0,1,1701.61,1177,2789563.479999997,155.5118387879714,2.4251209148982436,205.43651416666668,1691.62,1700.2814285714287,1719.940421371757
2011-05-05,24.0,246.49749708333334,104.1342275,205.51283041666667,0.0,61.178934375,40.98466666666667,90.157428125,10.914539166666666,1699.07,264523.49,4141.63,0,0,0,0,1,1699.07,1178,2791262.549999997,155.68722301023502,2.4375864443489674,205.51283041666667,1701.61,1699.0414285714287,1722.8875777777778
2011-05-06,24.0,246.45023416666666,104.12392166666666,205.59861854166667,0.0,61.201521041666666,40.851615625,88.34863791666666,10.791683541666666,1695.61,266274.33,4142.27,0,0,0,0,1,1695.61,1179,2792958.159999997,157.0374850348842,2.4429379397385014,205.59861854166667,1699.07,1697.8257142857142,1720.4285777777777
2011-05-07,24.0,246.44469354166668,104.11287833333333,205.64730166666666,0.0,61.174163125,40.797391875,87.242205625,10.74326125,1694.58,264902.07,4136.89,0,0,0,0,1,1694.58,1180,2794652.739999997,156.32314201749108,2.441247978850217,205.6473016666667,1695.61,1697.0271428571427,1717.718577777778
2011-05-08,24.0,246.430766875,104.10198625,205.689935625,0.0,61.162868125,40.74083125,85.451744375,10.692678958333333,1695.53,263880.55,4132.17,0,0,0,0,1,1695.53,1181,2796348.2699999968,155.6330763831958,2.437096365148361,205.68993562499998,1694.58,1696.5657142857142,1715.1445777777778
2011-05-09,24.0,246.43232333333333,104.09118895833333,205.734511875,0.0,61.3177,40.697811458333334,86.996039375,10.65042875,1689.13,264022.18,4139.95,0,0,0,0,1,1689.13,1182,2798037.3999999966,156.30660754352832,2.450936280807279,205.734511875,1695.53,1695.3071428571432,1711.870577777778
2011-05-10,24.0,246.46814708333332,104.08048145833334,205.76545520833332,0.0,61.31321354166667,40.702691875,89.01431645833334,10.651889375,1686.76,264022.34,4139.85,0,0,0,0,1,1686.76,1183,2799724.1599999964,156.5263226540824,2.4543207095259554,205.76545520833332,1689.13,1694.612857142857,1708.6292444444446
2011-05-11,23.33334,248.51824690980803,104.05395399115172,206.18276338423476,0.0,57.013619166666665,42.33548352557328,88.87602121508965,11.976706178785378,1670.64,262635.56,4301.28,0,0,0,0,1,1718.37208046512,1184,2801394.7999999966,157.2065555715175,2.5746300818847865,206.18276338423476,1686.76,1697.0074400664455,1706.264647126615
2011-05-12,24.0,246.531929375,104.0558175,205.90781208333334,0.0,61.2031175,40.624117291666664,89.43425541666667,10.552636875,1712.79,266995.16,4343.52,0,0,0,0,1,1712.79,1185,2803107.5899999966,155.88318474535697,2.5359326011945424,205.90781208333334,1718.37208046512,1698.9674400664458,1703.6809804599484
2011-05-13,24.0,246.57894520833332,104.05070395833333,205.85135083333333,0.0,61.290604583333334,40.727594375,89.88774208333334,10.593459791666668,1650.96,257624.33,4176.51,0,0,0,0,1,1650.96,1186,2804758.5499999966,156.04516766002808,2.5297463294083444,205.85135083333333,1712.79,1692.5888686378744,1704.2130693488373
2011-05-14,24.0,246.796171875,104.03885375,205.82656020833332,0.0,60.93600729166667,40.969611666666665,90.25013708333333,10.812107708333333,1650.79,257259.23,4179.27,0,0,0,0,1,1650.79,1187,2806409.3399999966,155.84007051169442,2.5316787719819,205.82656020833332,1650.96,1686.3331543521601,1700.555736015504
2011-05-15,24.0,246.979878125,104.02540833333333,205.825995625,0.0,60.20854791666667,41.1538825,90.26773020833333,11.010822083333334,1649.09,256717.4,4161.33,0,0,0,0,1,1649.09,1188,2808058.4299999964,155.67215858443143,2.5234098806008163,205.825995625,1650.79,1679.6988686378743,1697.310736015504
2011-05-16,24.0,246.92809083333333,104.01873479166666,205.9039425,0.0,60.247344166666664,41.024148333333336,89.75740916666666,10.91462125,1650.33,258979.98,4157.13,0,0,0,0,1,1650.33,1189,2809708.7599999965,156.9261784006835,2.5189689334860303,205.9039425,1649.09,1674.156011495017,1694.5660693488373
2011-05-17,24.0,246.94052770833332,104.01080416666667,205.957071875,0.0,60.200008958333335,40.98345583333333,90.20286354166667,10.923661041666668,1648.37,258568.23,4159.7,0,0,0,0,1,1648.37,1190,2811357.1299999966,156.86297979215834,2.5235232381079493,205.957071875,1650.33,1668.6717257807315,1692.0420693488372
2011-05-18,24.0,247.31323833333335,104.00020354166666,206.55666479166666,0.0,60.22429979166667,40.75657354166667,88.997355625,10.718564583333333,1647.74,258670.07,4259.34,0,0,0,0,1,1647.74,1191,2813004.869999997,156.98476094529477,2.584958792042434,206.55666479166666,1648.37,1658.5814285714284,1689.823736015504
2011-05-19,21.91666,252.48191527082594,103.95018841152803,207.60318124265285,0.0,50.20718170212766,44.878734028173085,87.60032549129748,14.423086650055255,1312.11,208411.76,4326.77,0,0,0,0,1,1436.8357222313982,1192,2814316.9799999967,158.83710969354706,3.2975665150025537,207.60318124265285,1647.74,1619.1593888901996,1680.7135934232174
2011-05-20,24.0,246.26435583333333,103.979803125,206.48736791666667,0.0,69.66821979166667,39.77698791666667,88.76972541666666,9.532428958333334,1604.94,254783.83,4330.65,0,0,0,0,1,1604.94,1193,2815921.9199999967,158.74975388488042,2.6983251710344307,206.48736791666664,1436.8357222313982,1612.5851031759141,1677.2649267565507
2011-05-21,24.0,246.010283125,103.98623583333334,207.43839916666667,0.0,74.26628375,38.57188395833333,89.41271,8.61052625,1680.39,259555.03,4355.12,0,0,0,0,1,1680.39,1194,2817602.309999997,154.46118460595457,2.59173168133588,207.43839916666667,1604.94,1616.8136746044854,1676.424260089884
2011-05-22,24.0,246.16686458333334,103.9633725,207.22585,0.0,71.22535541666667,38.941014583333335,89.740685,8.797927916666668,1662.47,259143.02,4309.07,0,0,0,0,1,1662.47,1195,2819264.779999997,155.87831359362875,2.591968576876575,207.22585,1680.39,1618.7251031759138,1675.0845934232173
2011-05-23,24.0,246.89887895833334,103.945064375,207.40893583333335,0.0,66.532444375,39.489943125,89.05818333333333,9.609818333333333,1630.07,255213.14,4114.77,0,0,0,0,1,1630.07,1196,2820894.849999997,156.56575484488397,2.5242903678983115,207.40893583333335,1662.47,1615.8308174616282,1672.7615934232174
2011-05-24,24.0,247.35918354166665,103.93486979166667,207.55175895833332,0.0,65.13895854166667,39.807424583333336,89.468961875,9.919541666666667,1630.7,251314.4,4101.37,0,0,0,0,1,1630.7,1197,2822525.549999997,154.11442938615318,2.515097810756117,207.55175895833332,1630.07,1613.3065317473427,1670.4539267565508
2011-05-25,24.0,247.377775,103.92529541666667,207.54239666666666,0.0,65.12256395833333,39.83537833333333,90.771705625,9.957565833333334,1632.56,251643.73,4113.33,0,0,0,0,1,1632.56,1198,2824158.109999997,154.14057063752634,2.51955823981967,207.5423966666667,1630.7,1611.137960318771,1668.332593423217
2011-05-26,24.0,247.36539125,103.91499791666666,207.59253895833334,0.0,65.18048604166667,39.772852291666666,89.989449375,9.893318333333333,1623.82,252976.94,4116.22,0,0,0,0,1,1623.82,1199,2825781.929999997,155.79124533507408,2.5348991883336827,207.5925389583333,1632.56,1637.8500000000001,1666.1279267565506
2011-05-27,24.0,247.44984979166668,103.903766875,207.575841875,0.0,65.11175458333334,39.87400791666666,91.29249229166666,9.979178125,1620.58,252540.11,4111.36,0,0,0,0,1,1620.58,1200,2827402.509999997,155.83316466943933,2.53696824593664,207.575841875,1623.82,1640.0842857142857,1663.7819267565505
2011-05-28,24.0,247.528238125,103.89250541666667,207.67239666666666,0.0,65.12517625,39.85584145833333,90.570119375,9.951562291666667,1619.0,252523.92,4115.27,0,0,0,0,1,1619.0,1201,2829021.509999997,155.97524397776405,2.541859172328598,207.67239666666666,1620.58,1631.314285714286,1660.8235934232173
2011-05-29,24.0,247.559819375,103.88207166666666,207.706705,0.0,65.11773145833334,39.853114375,90.24771770833334,9.94636375,1624.05,250917.28,4123.77,0,0,0,0,1,1624.05,1202,2830645.559999997,154.50095748283613,2.5391890643760973,207.706705,1619.0,1625.8257142857144,1658.1545934232172
2011-05-30,24.0,247.55942541666667,103.87183541666667,207.73089020833334,0.0,65.18301895833334,39.828535208333335,90.796850625,9.941912916666666,1626.74,250931.63,4128.71,0,0,0,0,1,1626.74,1203,2832272.299999997,154.25429386380122,2.5380269741937864,207.73089020833334,1624.05,1625.35,1655.7069267565505
2011-05-31,24.0,247.538221875,103.85956354166666,207.655635625,0.0,65.100740625,39.88258625,91.45262916666667,9.986707916666667,1622.87,250343.89,4132.62,0,0,0,0,1,1622.87,1204,2833895.169999997,154.25997769383872,2.5464886281710797,207.655635625,1626.74,1624.2314285714285,1653.177260089884
2011-06-01,24.0,247.34292723404255,103.85005510638298,207.74750327570922,0.0,63.80832541666667,39.595423958333335,89.90318574468085,10.04196183067376,1631.52,251862.37,4150.83,0,0,0,0,1,1631.52,1205,2835526.689999997,154.37283637344316,2.544149014416005,207.74750327570922,1622.87,1624.0828571428572,1650.963260089884
2011-06-02,21.5,248.81221227711163,103.8217078728279,208.34130411048838,0.0,61.686222666666666,40.47090816662325,90.05851600443256,10.370600188595349,1359.53,209110.51,2771.94,0,0,0,0,1,1517.61488372093,1206,2836886.219999997,153.81088317286122,2.038895794870286,208.34130411048838,1631.52,1608.9106976744185,1645.1630895472483
2011-06-03,24.0,246.45208625,103.83028583333333,207.7340875,0.0,70.09329416666667,38.71799875,91.08101666666667,9.302477708333333,1547.21,242896.83,4277.82,0,0,0,0,1,1547.21,1207,2838433.429999997,156.99021464442447,2.7648606200838928,207.73408750000002,1517.61488372093,1598.4292691029898,1640.0164228805816
2011-06-04,24.0,246.43814645833334,103.82588229166667,207.67711791666667,0.0,70.15967895833333,38.76102854166667,91.29933875,9.33616625,1577.17,247544.6,4285.88,0,0,0,0,1,1577.17,1208,2840010.599999997,156.95492559457762,2.717449609109988,207.67711791666667,1547.21,1592.4535548172755,1635.9530895472483
2011-06-05,24.0,246.4895,103.81718458333333,207.72180729166666,0.0,70.14858770833334,38.767692708333335,91.41048895833333,9.325977916666666,1588.29,248624.44,4294.51,0,0,0,0,1,1588.29,1209,2841598.889999997,156.5359222811955,2.703857607867581,207.72180729166666,1577.17,1587.3449833887043,1632.3757562139149
2011-06-06,24.0,246.52454425531914,103.80849425531915,207.76977127659575,0.0,68.71405729166666,38.7547729787234,91.44224489361702,9.306343617021277,1617.42,253098.31,4292.59,0,0,0,0,1,1617.42,1210,2843216.309999997,156.48273794067094,2.653973612296126,207.76977127659575,1588.29,1586.013554817276,1629.8037562139148
2011-06-07,24.0,246.62066541666667,103.7982725,207.82064645833333,0.0,69.93910083333333,38.80001895833333,91.42760270833334,9.354451458333333,1615.64,252550.17,4285.43,0,0,0,0,1,1615.64,1211,2844831.949999997,156.31586863410166,2.6524658958678913,207.82064645833333,1617.42,1584.9806976744185,1627.1407562139148
2011-06-08,24.0,246.71318166666666,103.786390625,207.95488041666667,0.0,69.66790395833333,38.75830125,89.33916520833333,9.337380625,1608.44,252044.36,4257.0,0,0,0,0,1,1608.44,1212,2846440.389999997,156.70112655740965,2.646663848200741,207.95488041666664,1615.64,1581.683554817276,1624.4510895472483
2011-06-09,24.0,246.7429125,103.77592770833333,207.96310770833333,0.0,69.6534925,38.77980479166666,90.78267125,9.350659791666667,1614.41,252281.34,4257.83,0,0,0,0,1,1614.41,1213,2848054.799999997,156.2684448188502,2.6373907495617592,207.96310770833333,1608.44,1595.5114285714285,1622.0394228805815
2011-06-10,24.0,246.73862125,103.76485729166667,207.88783145833332,0.0,69.59435083333334,38.850789791666664,91.456036875,9.420448541666667,1615.37,252053.78,4268.05,0,0,0,0,1,1615.37,1214,2849670.169999997,156.0347041235135,2.6421500956437227,207.88783145833332,1614.41,1605.2485714285715,1618.606020198411
2011-06-11,24.0,246.74204625,103.75434479166667,207.87604354166666,0.0,69.56378916666667,38.86600270833333,91.56259583333333,9.5615775,1616.16,252651.35,4269.21,0,0,0,0,1,1616.16,1215,2851286.3299999973,156.32817914067914,2.641576329076329,207.87604354166666,1615.37,1610.8185714285714,1615.385020198411
2011-06-12,24.0,246.69903208333332,103.743195,207.88142666666667,0.0,69.63218041666667,38.817605416666666,91.3723975,9.405392291666667,1625.51,252531.85,4259.8,0,0,0,0,1,1625.51,1216,2852911.839999997,155.3554576717461,2.6205929216061423,207.88142666666664,1616.16,1616.1357142857141,1614.5366868650776
2011-06-13,24.0,246.66900958333332,103.73256208333333,207.96241020833332,0.0,69.67965666666667,38.706599375,89.98873145833333,9.289271041666666,1630.18,252764.28,4260.12,0,0,0,0,1,1630.18,1217,2854542.019999997,155.0529880135936,2.613281968862334,207.96241020833332,1625.51,1617.9585714285713,1613.8496868650775
2011-06-14,24.0,246.92286145833333,103.72038875,207.89286541666667,0.0,68.1927225,39.029996041666664,90.45773583333333,9.603170833333333,1621.78,252235.91,4239.79,0,0,0,0,1,1621.78,1218,2856163.799999997,155.53028770856713,2.614281838473776,207.89286541666667,1630.18,1618.8357142857144,1612.939353531744
2011-06-15,24.0,247.01998583333332,103.706668125,207.95071125,0.0,67.70439770833333,39.06927458333333,90.43772395833334,9.657359583333333,1616.63,251188.39,4232.4,0,0,0,0,1,1616.63,1219,2857780.429999997,155.37778588792736,2.618038759641971,207.95071124999998,1621.78,1620.0057142857142,1611.816020198411
2011-06-16,24.0,248.24946916666667,103.68308958333333,208.007915,0.0,67.74250833333333,40.24155416666667,89.50701875,8.806112291666667,1564.69,240681.17,4164.44,0,0,0,0,1,1564.69,1220,2859345.119999997,153.82035419156512,2.661511225865826,208.007915,1616.63,1612.902857142857,1609.0266868650776
2011-06-17,24.0,247.93247770833332,103.67091458333333,207.90459416666667,0.0,67.68635375,40.02788354166667,91.418963125,9.129923958333332,1582.42,245234.01,4269.39,0,0,0,0,1,1582.42,1221,2860927.539999997,154.9740334424489,2.698013169702102,207.90459416666664,1564.69,1608.1957142857143,1606.8493535317443
2011-06-18,24.0,247.06132645833333,103.67465041666667,207.95860354166666,0.0,67.64705083333334,39.102722916666664,91.31674895833333,9.6811825,1617.29,252795.39,4238.67,0,0,0,0,1,1617.29,1222,2862544.829999997,156.3080152600956,2.6208472197317736,207.95860354166666,1582.42,1608.357142857143,1612.8644961240311
2011-06-19,24.0,247.0871475,103.66585708333334,207.95190895833332,0.0,67.61228354166667,39.135238541666666,91.51271020833333,9.713637291666666,1616.68,252440.38,4247.26,0,0,0,0,1,1616.68,1223,2864161.509999997,156.14740084617858,2.6271494668085213,207.95190895833332,1617.29,1607.0957142857146,1613.2558294573644
2011-06-20,11.675,248.49965139186295,103.65853147751606,207.91943698072805,0.0,63.23126083333333,40.580214411134904,91.27050736616702,11.159609850107067,928.17,121322.71,1935.81,0,0,0,0,1,1908.0154175588862,1224,2865089.679999997,130.71173384186088,2.085620091147096,207.91943698072805,1616.68,1646.7864882226982,1620.8433433759938
2011-06-24,0.0,291.47849,100.1274,182.63217,0.0,63.23126083333333,108.84632,11.57358,108.72348,0.0,0.0,0.0,1,0,1,0,4,0.0,1228,2865089.679999997,,,182.63217000000003,1908.0154175588862,1415.1036310798409,1565.4276767093272
2011-06-28,0.0,291.47784,100.1236,182.52842,0.0,63.23126083333333,108.94942,11.54955,108.82658,0.0,0.0,0.0,1,0,1,0,4,0.0,1232,2865089.679999997,,,182.52842,0.0,1184.156488222698,1511.0920100426604
2011-07-01,24.0,247.451215,103.49394729166667,202.93178604166667,0.0,62.873416041666665,44.519428958333336,84.794710625,13.24674,1344.49,208900.3,3658.72,0,0,0,0,3,1344.49,1235,2866434.169999997,155.3751236528349,2.721269775156379,202.93178604166667,0.0,1152.6993453655552,1501.5516767093272
2011-07-02,7.675,245.53703885993485,103.60204469055374,202.8448461889251,0.0,65.263494375,42.69219267100977,88.53042511400652,11.435671856677525,545.72,75539.21,1205.15,0,0,0,0,1,1706.4859934853423,1236,2866979.8899999973,138.42118668914463,2.208366928094994,202.8448461889251,1344.49,1170.423058720604,1504.015876492172
2011-07-03,8.49166,250.38518758425326,103.3678792378522,205.19588390020326,0.0,54.085479444444445,45.189303684049996,80.31011035077947,13.403092286714259,400.99,79342.66,1145.41,0,0,0,0,1,1133.3190448039607,1237,2867380.8799999976,197.8669293498591,2.856455273198833,205.19588390020326,1706.4859934853423,1101.2843508354556,1487.665844652304
2011-07-04,8.84167,244.93419946978344,103.52884809966895,202.412453913876,0.0,64.48400833333334,42.52174555590742,88.82533720120746,11.201328055378678,645.93,93788.53,1416.16,0,0,0,0,1,1753.3248809331267,1238,2868026.8099999977,145.19921663338133,2.1924357128481415,202.41245391387602,1133.3190448039607,1120.8050481116165,1492.0906740167416
2011-07-05,0.0,291.37465,100.40262,190.49543,0.0,64.48400833333334,100.87922,18.77414,100.87922,0.0,0.0,0.0,1,0,1,0,1,0.0,1239,2868026.8099999977,,,190.49542999999997,1753.3248809331267,848.2314170317758,1438.1240073500749
2011-07-07,8.15833,251.5968502288581,103.31814629486672,202.90561222623992,0.0,51.5484,48.691238002618185,75.44360679489553,17.76400128434373,513.96,89700.6,1337.89,0,0,0,0,2,1511.9564910956044,1241,2868540.7699999977,174.5283679663787,2.6031014086699353,202.90561222623992,0.0,1064.225201474005,1434.3875570532616
2011-07-08,16.175,242.64824132921174,103.56738612055642,201.39240595054096,0.0,64.61095393939394,41.25583537867079,86.267248438949,11.13399656877898,1263.32,188460.62,2654.79,0,0,0,0,1,1874.4778979907264,1242,2869804.0899999975,149.17884621473578,2.101439065319951,201.39240595054096,1511.9564910956044,1332.007758329823,1442.645486986286
2011-07-09,1.575,283.1841980952381,102.02255476190476,211.84104142857143,0.0,10.228295,71.34315666666667,31.463447936507936,40.55986396825397,19.48,6610.68,163.65,0,0,0,0,1,296.8380952380952,1243,2869823.5699999975,339.35728952772075,8.400924024640657,211.84104142857143,1874.4778979907264,1182.3432005066936,1398.4444234942225
2011-07-10,23.0,247.67200588689272,103.46680204137209,202.82751197556252,0.0,57.54939543478261,44.84449391133021,86.56497684616625,14.399141908721207,1831.94,286417.43,4417.06,0,0,0,0,1,1911.5895652173913,1244,2871655.5099999974,156.34651244036377,2.4111379193641715,202.82751197556252,296.8380952380952,1211.6437107541292,1407.7800756681354
2011-07-11,18.00834,242.70451072817372,103.53580503118,201.26287679012614,0.0,65.73413081081081,41.441633938047595,89.67647193375403,10.377116293211923,1508.01,218369.72,3115.07,0,0,0,0,1,2009.748816381743,1245,2873163.519999997,144.80654637568716,2.065682588311749,201.2628767901261,1911.5895652173913,1336.8479638366696,1424.1845400901625
2011-07-13,0.0,291.2641,100.12414,184.63111,0.0,65.73413081081081,106.63299,14.57485,106.63299,0.0,0.0,0.0,1,0,1,0,2,0.0,1247,2873163.519999997,,,184.63110999999998,2009.748816381743,1086.3729808462228,1372.6108734234958
2011-07-14,0.0,291.6927,99.72277,176.3608,0.0,65.73413081081081,115.3319,13.78539,115.3319,0.0,0.0,0.0,1,0,1,0,1,0.0,1248,2873163.519999997,,,176.36079999999998,0.0,1086.3729808462228,1320.0385400901625
2011-07-15,2.99166,272.77844110848156,102.78352025106463,201.92761093787396,0.0,20.34227,70.85083017060762,52.496316528014546,41.063170300134374,141.26,13405.71,177.76,0,0,0,0,1,1133.2303804576723,1249,2873304.779999997,94.90096276369815,1.2583887866345747,201.92761093787394,0.0,1032.2692507550896,1304.8698861054183
2011-07-16,11.175,244.1187696868009,103.4727725950783,199.9600722147651,0.0,60.09230434782609,44.1586974720358,86.20904049217002,13.356901275167786,815.04,129292.06,1824.77,0,0,0,0,1,1750.421476510067,1250,2874119.819999997,158.6327787593247,2.238871711817825,199.9600722147651,1133.2303804576723,1014.5469048292813,1309.3032686557538
2011-07-17,0.0,291.17537,100.14624,186.02774,0.0,60.09230434782609,105.14763,15.64028,95.0596,0.0,0.0,0.0,1,0,1,0,1,0.0,1251,2874119.819999997,,,186.02774,1750.421476510067,972.1414626524104,1255.4486019890871
2011-07-18,0.0,292.41456,99.61059,177.18803,0.0,60.09230434782609,115.22653,14.85676,105.6663,0.0,0.0,0.0,1,0,1,0,1,0.0,1252,2874119.819999997,,,177.18803,0.0,699.0572390499261,1201.8339353224205
2011-07-20,21.49166,244.7537430360149,103.39293541276477,198.1895800828647,0.0,56.821186363636365,46.5641629531502,83.77438690339416,15.62464594067187,1791.46,273791.52,3423.35,0,0,0,0,2,2000.5453278155342,1254,2875911.279999997,152.83150056378597,1.9109273999977672,198.1895800828647,0.0,697.7424549690392,1214.7051129162717
2011-07-21,24.0,240.88763229166668,103.47464,198.62146604166668,0.0,63.986081666666664,42.26616625,88.91887645833333,11.5044425,2197.54,336051.8,4215.31,0,0,0,0,1,2197.54,1255,2878108.819999997,152.92181257223987,1.918194890650455,198.62146604166668,2000.5453278155342,1011.6767406833247,1234.1107795829382
2011-07-22,7.00834,243.1449594136272,103.49826928730627,199.34356097649373,0.0,58.510582,43.80139843713347,88.73381748321286,13.283780334701227,697.53,96200.72,1163.16,0,0,0,0,1,2388.6854804418736,1256,2878806.349999997,137.91624732986395,1.6675411810244722,199.34356097649373,2197.54,1352.9175236035924,1259.8616289310007
2011-07-23,0.0,291.46087,100.33438,187.03959,0.0,58.510582,104.42128,15.63327,90.2062,0.0,0.0,0.0,1,0,1,0,1,0.0,1257,2878806.349999997,,,187.03959,2388.6854804418736,1191.0274692524965,1205.6779622643342
2011-07-24,0.0,291.5645,99.73253,179.73386,0.0,58.510582,111.83064,12.82967,98.46543,0.0,0.0,0.0,1,0,1,0,1,0.0,1258,2878806.349999997,,,179.73386,0.0,940.9672583224868,1151.3386289310008
2011-07-25,17.74167,245.30970198360131,103.33033148563806,198.41260280684963,0.0,56.875884444444445,46.89709917675168,82.61653343901109,15.067712504798026,1417.3,217027.56,2827.39,0,0,0,0,1,1917.2490526540062,1259,2880223.6499999966,153.12746772031326,1.9949128624850068,198.41260280684963,0.0,1214.859980130202,1161.187597352801
2011-07-26,20.84167,241.41832893035442,103.48057160044756,197.84035536630222,0.0,60.99231976190476,43.57797356405221,88.88005335886231,12.607210717744787,1989.87,290164.24,3539.19,0,0,0,0,1,2291.4133080506504,1260,2882213.5199999968,145.82070185489505,1.7786036273726427,197.84035536630222,1917.2490526540062,1542.2047384231519,1183.6803742878226
2011-07-27,0.0,290.92587,101.00799,189.0447,0.0,60.99231976190476,101.88117,31.33869,80.38796,0.0,0.0,0.0,1,0,1,0,1,0.0,1261,2882213.5199999968,,,189.04469999999998,2291.4133080506504,1256.4125487352187,1131.5240409544892
2011-07-28,6.99166,250.46190654840194,103.24397005878433,200.51384473073634,0.0,46.751403333333336,49.94806181766562,76.85134207827612,18.971171734051712,580.82,88657.78,1224.2,0,0,0,0,1,1993.7582777194543,1262,2882794.3399999966,152.64243655521503,2.107709789607796,200.5138447307363,0.0,1227.300874123712,1145.2353168784712
2011-07-29,24.0,240.33217041666666,103.48227291666667,197.60825895833332,0.0,63.5486925,42.72391145833333,88.42180645833334,12.022773958333334,2240.52,341849.76,4126.53,0,0,0,0,1,2240.52,1263,2885034.8599999966,152.57608055272883,1.8417733383321728,197.60825895833332,1993.7582777194543,1206.13437691773,1166.0096502118045
2011-07-30,2.34167,249.80761327702024,103.48849098006978,199.37427064035495,0.0,46.96767,50.43334263666529,87.9708539987274,20.651025099437582,266.13,30995.03,376.57,0,0,0,0,1,2727.591846844346,1264,2885300.9899999965,116.4657498215158,1.4149851576297299,199.37427064035495,2240.52,1595.790355038351,1203.040045106616
2011-07-31,0.0,291.42628,100.15504,186.17268,0.0,46.96767,105.2536,16.6285,105.2536,0.0,0.0,0.0,1,0,1,0,1,0.0,1265,2885300.9899999965,,,186.17268,2727.591846844346,1595.790355038351,1139.4395311879862
2011-08-01,0.0,291.79252,99.66186,176.77562,0.0,46.96767,115.0169,13.61623,115.0169,0.0,0.0,0.0,1,0,1,0,1,0.0,1266,2885300.9899999965,,,176.77562,0.0,1321.8976332306358,1139.4395311879862
2011-08-02,0.0,298.71763,99.7072,174.64066,0.0,46.96767,124.07697,14.36594,124.07697,0.0,0.0,0.0,1,0,1,0,1,0.0,1267,2885300.9899999965,,,174.64065999999997,0.0,994.5528749376857,1139.4395311879862
2011-08-03,0.0,300.26208,99.62432,174.54351,0.0,46.96767,125.71857,14.98314,125.71857,0.0,0.0,0.0,1,0,1,0,1,0.0,1268,2885300.9899999965,,,174.54351000000003,0.0,994.5528749376857,1094.623197854653
2011-08-04,7.825,245.4926319169329,103.22503252396166,196.7713498402556,0.0,56.545588125,48.72128207667732,76.57250642172524,17.85051428115016,707.98,106399.36,1258.1,0,0,0,0,1,2171.440255591054,1269,2886008.9699999965,150.2858272832566,1.7770275996497074,196.7713498402556,0.0,1019.9360146336286,1110.121673258177
2011-08-05,24.0,238.61797666666666,103.42759875,195.57761979166668,0.0,65.506963125,43.040356875,87.93483291666666,12.508373125,2390.38,361028.08,4100.15,0,0,0,0,1,2390.38,1270,2888399.3499999964,151.03376032262653,1.7152712121085347,195.57761979166668,2171.440255591054,1041.3445860622,1152.0237050980447
2011-08-06,22.33333,241.9693240424021,103.43103533819185,197.88169780512803,0.0,58.70733108695652,44.087626237274065,88.04439385813042,13.558477507881717,2082.57,317415.74,4804.77,0,0,0,0,1,2237.9860056695534,1271,2890481.919999996,152.41540020263423,2.3071349342399055,197.88169780512803,2390.38,971.4008944658011,1168.1790759225923
2011-08-07,24.0,241.51582604166666,103.49028916666667,197.52713708333334,0.0,58.920629375,43.988688958333334,88.71157958333333,13.317973125,2241.05,344364.63,3978.72,0,0,0,0,1,2241.05,1272,2892722.969999996,153.6621806742375,1.7753820753664575,197.52713708333332,2237.9860056695534,1291.550894465801,1242.880742589259
2011-08-08,24.0,242.95407875,103.497416875,198.2135275,0.0,55.84897645833333,44.74055125,88.625803125,14.108950833333333,2159.35,331705.5,3953.93,0,0,0,0,1,2159.35,1273,2894882.319999996,153.61358742214094,1.8310741658369416,198.2135275,2241.05,1600.0294658943726,1264.4605262194057
2011-08-09,24.0,243.60783270833332,103.50712625,198.42295541666667,0.0,54.47328770833333,45.184877291666666,88.54236458333334,14.586696875,2110.26,324079.52,3969.66,0,0,0,0,1,2110.26,1274,2896992.579999996,153.5732658534967,1.8811236530095814,198.42295541666664,2159.35,1901.495180180087,1272.3199296197147
2011-08-10,24.0,244.56391833333333,103.494095625,198.76588020833333,0.0,52.60822854166667,45.798038125,89.10539625,15.25061625,1993.98,306286.96,3826.54,0,0,0,0,1,1993.98,1275,2898986.559999996,153.60583355901264,1.9190463294516493,198.76588020833333,2110.26,2186.3494658943723,1328.8913264451114
2011-08-11,24.0,245.21334541666667,103.4832975,199.161788125,0.0,51.852759791666664,46.05155729166667,89.22506416666667,15.5203225,1934.1,298095.76,3812.52,0,0,0,0,1,1934.1,1276,2900920.659999996,154.12634300191306,1.9712114161625562,199.161788125,1993.98,2152.4437150956505,1329.6416742711986
2011-08-12,24.0,245.41405229166668,103.48159104166666,199.56225520833334,0.0,51.96696854166667,45.85179708333333,89.15690291666667,15.32582375,1906.75,293605.94,3842.46,0,0,0,0,1,1906.75,1277,2902827.409999996,153.98239937065688,2.0151881473711812,199.56225520833334,1934.1,2083.3537150956504,1326.208380391807
2011-08-13,24.0,245.854750625,103.47424083333334,200.08119729166665,0.0,52.22679229166667,45.77355333333333,87.12225104166667,15.252972291666667,1876.97,289899.01,3860.49,0,0,0,0,1,1876.97,1278,2904704.379999996,154.45052931053772,2.0567670234473643,200.08119729166668,1906.75,2031.78,1388.7740470584736
2011-08-14,24.0,246.10796229166667,103.464194375,200.43762166666667,0.0,52.183028541666665,45.670340625,88.92414625,15.157825208333334,1850.03,285818.74,3875.98,0,0,0,0,1,1850.03,1279,2906554.409999996,154.49411090630963,2.095090349886218,200.43762166666667,1876.97,1975.92,1450.4417137251403
2011-08-15,24.0,246.353921875,103.44906916666666,200.76017791666666,0.0,52.034701875,45.593743958333334,89.516114375,15.063563958333333,1822.57,283878.27,3887.44,0,0,0,0,1,1822.57,1280,2908376.979999996,155.75712866995508,2.132944139319752,200.76017791666666,1850.03,1927.8085714285714,1473.4197010432179
2011-08-16,24.0,247.36459645833332,103.426614375,201.21458416666667,0.0,50.727550208333334,46.15001229166667,89.24863083333334,15.672537916666666,1779.02,275440.97,3861.97,0,0,0,0,1,1779.02,1281,2910155.999999996,154.82736000719495,2.1708412496767884,201.21458416666667,1822.57,1880.4885714285715,1474.3729851595492
2011-08-17,24.0,247.79941229166667,103.40616354166667,201.415374375,0.0,50.05349520833333,46.384037916666664,89.45274770833333,15.910915416666667,1749.34,271770.49,3858.85,0,0,0,0,1,1749.34,1282,2911905.3399999957,155.3560142682383,2.205889078166623,201.415374375,1779.02,1845.5400000000002,1532.6843184928825
2011-08-18,24.0,247.90968666666666,103.38973583333333,201.6768975,0.0,50.0501925,46.23278916666667,89.61870208333333,15.763558541666667,1736.79,270589.91,3876.81,0,0,0,0,1,1736.79,1283,2913642.1299999957,155.79886457199777,2.2321696923634984,201.6768975,1749.34,1817.3528571428571,1590.5773184928826
2011-08-19,24.0,248.02189958333332,103.37290770833333,201.97985854166666,0.0,50.05147791666667,46.042041041666664,89.56192770833333,15.575912291666667,1725.81,266529.86,3899.15,0,0,0,0,1,1725.81,1284,2915367.9399999958,154.4375452685985,2.259315915425221,201.97985854166666,1736.79,1791.5042857142855,1581.4194742323646
2011-08-20,24.0,248.070846875,103.35687125,202.30957645833334,0.0,50.06893208333333,45.76127041666667,88.45789729166667,15.303675416666668,1709.91,264776.73,3907.67,0,0,0,0,1,1709.91,1285,2917077.849999996,154.84834289524008,2.2853074138404943,202.30957645833334,1725.81,1767.6385714285716,1565.1651408990315
2011-08-21,24.0,248.22486604166667,103.34128125,202.574315625,0.0,50.05784979166667,45.65055041666667,88.49709354166667,15.19746,1693.9,262725.91,3918.84,0,0,0,0,1,1693.9,1286,2918771.749999996,155.10119251431604,2.3135013873310113,202.574315625,1709.91,1745.3342857142857,1542.0056248843023
2011-08-22,24.0,248.37415583333333,103.32836458333334,202.75239875,0.0,50.0065175,45.621757083333335,89.380479375,15.17126,1681.07,260328.28,3931.83,0,0,0,0,1,1681.07,1287,2920452.8199999956,154.85867929354518,2.3388853527812645,202.75239875,1693.9,1725.1200000000001,1598.041291550969
2011-08-23,24.0,248.0445275,103.323048125,202.95071458333334,0.0,50.844809375,45.093812916666664,89.582910625,14.63207375,1677.95,260476.0,3957.31,0,0,0,0,1,1677.95,1288,2922130.769999996,155.23466134270984,2.358419499985101,202.9507145833333,1681.07,1710.6814285714286,1653.9729582176356
2011-08-24,24.0,248.31247145833333,103.315955625,203.302905,0.0,51.28975770833333,45.00956645833333,88.25915354166666,14.56338625,1657.25,257809.18,3971.18,0,0,0,0,1,1657.25,1289,2923788.019999996,155.5644471262634,2.396246794388294,203.302905,1677.95,1697.5257142857142,1645.3063231291685
2011-08-25,23.15833,248.7495993054767,103.30416448645909,203.57319731048395,0.0,50.278077021276594,45.17640199499273,88.209441170663,14.763762356871156,1573.4,244735.79,3926.72,0,0,0,0,1,1630.5838978890101,1290,2925361.4199999957,155.54581797381468,2.495690860556756,203.57319731048398,1657.25,1682.3534139841445,1623.2786761237805
2011-08-26,23.00834,253.0558037166697,103.25107783076484,205.0582457627669,0.0,45.597781914893616,47.9975579539028,86.58375808130877,17.224341782327624,1352.49,211795.05,3614.51,0,0,0,0,1,1410.7823510952985,1291,2926713.909999996,156.5963888827274,2.6724855636640568,205.0582457627669,1630.5838978890101,1637.3494641406157,1670.304754493624
2011-08-27,24.0,248.23443875,103.28705541666666,204.02857541666665,0.0,51.98583375,44.20586333333333,89.26275,13.733455208333334,1619.61,251644.88,4113.89,0,0,0,0,1,1619.61,1292,2928333.519999996,155.37375047079237,2.5400497650668994,204.02857541666668,1410.7823510952985,1624.4494641406152,1657.8331452363088
2011-08-28,24.0,248.12669708333334,103.27840979166666,204.07281083333334,0.0,52.035522916666665,44.05388625,87.80912270833333,13.570083125,1626.86,253629.79,4128.25,0,0,0,0,1,1626.86,1293,2929960.3799999957,155.90142360129332,2.5375570116666464,204.07281083333334,1619.61,1614.8723212834725,1637.3778119029753
2011-08-29,24.0,247.35965020833333,103.27585833333333,204.03962375,0.0,54.145075,43.32002645833333,88.68928895833334,12.821473958333334,1660.56,258456.03,4202.78,0,0,0,0,1,1660.56,1294,2931620.9399999958,155.64389723948548,2.5309413691766633,204.03962375,1626.86,1611.9423212834724,1601.8100836748306
2011-08-30,24.0,246.19071270833334,103.28311166666667,203.959091875,0.0,58.20419291666666,42.23162083333333,89.48883604166667,11.697207291666667,1708.86,264699.75,4302.93,0,0,0,0,1,1708.86,1295,2933329.7999999956,154.89844106597383,2.5180120080053374,203.959091875,1660.56,1616.3580355691868,1658.7720836748306
2011-08-31,24.0,246.30183583333334,103.27795145833333,203.95831854166667,0.0,58.193995208333334,42.343517291666664,89.55713,11.819207708333334,1701.47,263621.76,4291.32,0,0,0,0,1,1701.47,1296,2935031.269999996,154.93764803375905,2.5221249860414816,203.95831854166667,1708.86,1622.6751784263295,1715.487750341497
2011-09-01,24.0,246.08707270833332,103.274975625,203.95985166666668,0.0,58.541306666666664,42.127221041666665,89.72935479166667,11.604719791666666,1698.77,263925.37,4305.67,0,0,0,0,1,1698.77,1297,2936730.039999996,155.36262707723824,2.5345809026530963,203.95985166666665,1701.47,1632.416050156471,1772.1134170081639
2011-09-02,24.0,245.58434791666667,103.27865520833333,204.070011875,0.0,60.335241458333336,41.51433604166667,87.59262729166667,10.990948541666667,1715.43,267729.59,4361.99,0,0,0,0,1,1715.43,1298,2938445.469999996,156.07141649615548,2.5427968497694455,204.070011875,1698.77,1675.9371428571428,1829.294417008164
2011-09-03,24.0,245.65888375,103.27894604166667,204.10655958333334,0.0,60.313339791666664,41.552324166666665,88.37044895833333,11.027450208333333,1712.95,267232.45,4363.97,0,0,0,0,1,1712.95,1299,2940158.419999996,156.0071514054701,2.5476341983128523,204.10655958333334,1715.43,1689.2714285714287,1814.011408488462
2011-09-04,24.0,245.71553104166668,103.28065166666667,204.07340708333334,0.0,60.23968229166667,41.642123958333336,89.35606520833333,11.105235208333333,1710.99,265997.32,4360.84,0,0,0,0,1,1710.99,1300,2941869.4099999964,155.4639828403439,2.5487232537887423,204.07340708333334,1712.95,1701.2900000000002,1791.3650751551288
2011-09-05,24.0,245.41760333333335,103.28549354166667,204.14451583333334,0.0,61.667269375,41.2730875,88.91471270833334,10.725797708333333,1714.87,268194.34,4384.14,0,0,0,0,1,1714.87,1301,2943584.2799999965,156.3933942514593,2.5565436447077623,204.14451583333334,1710.99,1709.0485714285714,1773.9278749661435
2011-09-06,24.0,245.430491875,103.28546479166667,204.26376604166666,0.0,62.312304583333336,41.16672583333333,87.66834458333334,10.619289583333334,1712.36,271403.05,4392.31,0,0,0,0,1,1712.36,1302,2945296.6399999964,158.49649022401832,2.5650622532645007,204.26376604166666,1714.87,1709.5485714285714,1756.3048749661436
2011-09-07,24.0,245.105075625,103.28765604166666,204.254589375,0.0,63.36221770833333,40.85048625,89.12690291666667,10.281198125,1708.36,270532.04,4272.1,0,0,0,0,1,1708.36,1303,2947004.9999999963,158.3577466107846,2.5007024280596597,204.25458937500002,1712.36,1710.532857142857,1741.2718749661435
2011-09-08,24.0,244.78780520833334,103.29015270833334,204.31208354166668,0.0,64.95809583333333,40.475721666666665,89.458185625,9.895847916666666,1714.58,272010.09,4318.7,0,0,0,0,1,1714.58,1304,2948719.5799999963,158.64531838701026,2.518809271075132,204.31208354166668,1708.36,1712.7914285714287,1728.0825416328105
2011-09-09,24.0,244.877839375,103.28782625,204.42472791666665,0.0,66.10775520833333,40.45311145833333,89.72363625,9.886177083333333,1718.27,271462.0,4321.94,0,0,0,0,1,1718.27,1305,2950437.8499999964,157.9856483556135,2.515285723431125,204.42472791666668,1714.58,1713.1971428571428,1718.8922082994768
2011-09-10,24.0,244.94692875,103.28372083333333,204.59202666666667,0.0,66.11365458333333,40.354902083333336,88.479268125,9.803017291666666,1706.64,268694.85,4333.7,0,0,0,0,1,1706.64,1306,2952144.4899999965,157.44084868513568,2.539317020578446,204.59202666666667,1718.27,1712.2957142857142,1711.310208299477
2011-09-11,24.0,244.99541833333333,103.27959666666666,204.72088479166666,0.0,66.12885104166666,40.27453354166666,88.22232708333334,9.717551041666667,1700.34,266849.89,4336.75,0,0,0,0,1,1700.34,1307,2953844.8299999963,156.93913570227133,2.550519307903125,204.72088479166666,1706.64,1710.7742857142855,1704.4298749661436
2011-09-12,24.0,244.7667425,103.27923041666666,204.78885083333333,0.0,67.64258958333333,39.977891666666665,87.62030041666667,9.397265,1709.93,267697.86,4360.64,0,0,0,0,1,1709.93,1308,2955554.7599999965,156.55486481902767,2.550186264934822,204.78885083333333,1700.34,1710.0685714285714,1698.8618749661437
2011-09-13,12.0,252.2744278154804,103.11912553845293,206.4967464592509,0.0,54.202843225806454,45.77768135622952,82.47903706946451,13.63929852174124,944.17,145355.28,5691.77,0,0,0,0,1,1888.34,1309,2956498.9299999964,153.9503267420062,6.0283317622885715,206.4967464592509,1709.93,1735.2085714285713,1700.1388749661435
2011-09-14,24.0,244.75147791666666,103.27537416666667,205.39150395833335,0.0,70.15889208333333,39.359973958333335,89.92043020833333,8.805566458333333,1567.69,246952.99,5267.37,0,0,0,0,1,1567.69,1310,2958066.6199999964,157.52667300295337,3.3599563689249785,205.39150395833332,1888.34,1715.112857142857,1691.6428749661436
2011-09-15,24.0,243.69323229166667,103.25712583333333,204.40777666666668,0.0,71.73619875,39.285455625,89.510331875,8.735275416666667,1611.04,253206.06,4727.77,0,0,0,0,1,1611.04,1311,2959677.6599999964,157.169319197537,2.9346074585361013,204.40777666666668,1567.69,1700.3214285714287,1686.0435416328103
2011-09-16,24.0,243.390124375,103.25398145833333,204.34360625,0.0,74.13533625,39.046518125,89.42659479166667,8.512158125,1731.83,272150.89,4400.19,0,0,0,0,1,1731.83,1312,2961409.4899999965,157.14642314776856,2.5407747873636555,204.34360625,1611.04,1702.2585714285717,1685.4598749661434
2011-09-17,24.0,242.737544375,103.24380875,204.05508333333333,0.0,76.15490541666667,38.68246104166667,87.663123125,8.161876041666666,1748.28,275021.08,4346.26,0,0,0,0,1,1748.28,1313,2963157.7699999963,157.3095156382273,2.4860205459079783,204.05508333333333,1731.83,1708.2071428571428,1685.8428749661437
2011-09-18,24.0,242.70645,103.2426,204.03912,0.0,76.30241,38.66733,88.14867,8.1466,1754.97,278475.37,4528.11,0,0,0,0,1,1754.97,1314,2964912.7399999965,158.67813694820993,2.580163763483136,204.03912,1748.28,1716.0114285714287,1686.8148749661439
2011-09-19,24.0,242.70645,103.2426,204.03912,0.0,76.30241,38.66733,88.14867,8.1466,1765.28,278686.81,4268.94,0,0,0,0,1,1765.28,1315,2966678.0199999963,157.87116491434787,2.4182792531496418,204.03912,1754.97,1723.9185714285716,1688.6605416328102
2011-09-20,24.0,243.3009799999999,103.23950000000013,204.50550499999963,0.0,77.80532500000014,38.79547500000028,88.25907999999991,8.237790000000482,1776.07,280185.97,4339.97,0,0,0,0,1,1776.07,1316,2968454.089999996,157.75615262911933,2.4435804895077338,204.50550499999963,1765.28,1707.8799999999999,1691.3995416328103
2011-09-21,24.0,244.66166,103.24363541666666,206.52051208333333,0.0,79.13945125,38.14114791666667,88.94360145833333,8.310393333333334,1758.96,278027.99,4359.76,0,0,0,0,1,1758.96,1317,2970213.049999996,158.06385022968118,2.4786009914949743,206.52051208333336,1776.07,1735.2042857142858,1693.9958749661434
2011-09-22,24.0,244.420816875,103.24566520833334,207.06415145833333,0.0,92.633111875,37.356665416666665,89.87170895833333,7.764326666666666,1789.52,281530.18,4478.37,0,0,0,0,1,1789.52,1318,2972002.569999996,157.32161696991372,2.5025537574321604,207.06415145833336,1758.96,1760.7014285714286,1697.7148749661435
2011-09-23,24.0,244.17157020833332,103.245114375,207.15671520833334,0.0,99.999659375,37.014855,90.47515708333333,7.436960208333334,1808.7,283237.91,4530.02,0,0,0,0,1,1808.7,1319,2973811.2699999963,156.5975064963786,2.5045723447780177,207.1567152083333,1789.52,1771.6828571428573,1702.7632082994771
2011-09-24,24.0,244.18906604166668,103.23986479166666,207.258096875,0.0,100.0,36.930969166666664,89.98986666666667,7.375910208333333,1804.22,283201.7,4525.49,0,0,0,0,1,1804.22,1320,2975615.4899999965,156.96627905687777,2.5082805866246907,207.258096875,1808.7,1779.6742857142858,1708.5510783698435
2011-09-25,24.0,244.256835,103.234479375,207.36152104166666,0.0,100.0,36.89531395833333,89.90907875,7.388030416666667,1804.12,283162.87,4535.28,0,0,0,0,1,1804.12,1321,2977419.6099999966,156.95345653282487,2.5138460856262332,207.36152104166666,1804.22,1786.695714285714,1721.6623333333332
2011-09-26,24.0,244.23727875,103.23031895833333,207.38338083333332,0.0,100.0,36.85389791666667,89.98205375,7.407539375,1803.45,282765.6,4545.82,0,0,0,0,1,1803.45,1322,2979223.059999997,156.791482990934,2.5206243588677255,207.38338083333332,1804.12,1792.1485714285716,1727.7903333333334
2011-09-27,24.0,244.28513833333332,103.22499729166667,207.48900916666668,0.0,100.0,36.79612916666667,90.094203125,7.366832083333334,1797.79,281959.39,4550.59,0,0,0,0,1,1797.79,1323,2981020.849999997,156.83666612896945,2.53121332302438,207.48900916666665,1803.45,1795.2514285714285,1733.488
2011-09-28,24.0,244.35276875,103.21940604166667,207.573409375,0.0,100.0,36.779359375,89.77271458333334,7.35208125,1685.26,264623.98,4197.74,0,0,0,0,1,1685.26,1324,2982706.1099999966,157.02264339033738,2.4908560103485513,207.57340937499998,1797.79,1784.722857142857,1734.3113333333333
2011-09-29,24.0,244.41965957446808,103.21320914893617,208.4996339494681,0.0,98.090223125,35.920025625,87.97772510638298,6.4999792420212765,1700.15,267135.22,4298.01,0,0,0,0,1,1700.15,1325,2984406.2599999965,157.12450077934298,2.528018116048584,208.4996339494681,1685.26,1771.9557142857143,1734.021
2011-09-30,24.0,244.38231,103.20439291666666,207.70289270833334,0.0,100.0,36.67941729166667,89.92664958333333,7.2660302083333335,1678.14,263976.04,4253.4,0,0,0,0,1,1678.14,1326,2986084.3999999966,157.30275185622176,2.5345918695698804,207.7028927083333,1700.15,1753.304285714286,1733.2433333333333
2011-10-01,24.0,244.22668666666667,103.19242104166666,207.56035333333332,0.0,100.0,36.666333333333334,90.8468,7.258778125,1672.21,262906.82,4229.11,0,0,0,0,1,1672.21,1327,2987756.6099999966,157.22117437403196,2.5290543651814064,207.56035333333332,1678.14,1734.445714285714,1732.358
2011-10-02,24.0,244.37722479166666,103.18499833333334,207.65924145833333,0.0,100.0,36.717983333333336,91.21041520833333,7.293136666666666,1661.5,262094.16,4211.79,0,0,0,0,1,1661.5,1328,2989418.1099999966,157.74550707192296,2.5349322900993077,207.65924145833333,1672.21,1714.0714285714287,1730.5603333333333
2011-10-03,24.0,244.52168145833335,103.17836166666666,207.86893666666666,0.0,100.0,36.65274479166667,90.03613854166667,7.222812916666666,1656.96,261354.4,4223.13,0,0,0,0,1,1656.96,1329,2991075.0699999966,157.73126689841638,2.5487217555040558,207.86893666666668,1661.5,1693.1442857142858,1728.694
2011-10-04,24.0,244.64292166666667,103.17115666666666,208.00813458333334,0.0,100.0,36.634787083333336,89.115526875,7.198185416666667,1650.25,260480.93,4229.6,0,0,0,0,1,1650.25,1330,2992725.3199999966,157.84331464929556,2.5630056052113317,208.00813458333334,1656.96,1672.067142857143,1726.669333333333
2011-10-05,24.0,244.70931604166665,103.16198729166666,208.092581875,0.0,100.0,36.61673416666667,89.67884541666666,7.19436625,1646.68,260039.67,4237.76,0,0,0,0,1,1646.68,1331,2994371.9999999967,157.91754925061335,2.5735176233390824,208.09258187499998,1650.25,1666.5557142857142,1724.3963333333334
2011-10-06,24.0,244.76898291666666,103.153155,208.145965625,0.0,100.0,36.62301729166666,90.540768125,7.227078333333333,1644.21,259681.28,4235.14,0,0,0,0,1,1644.21,1332,2996016.2099999967,157.93680855851747,2.5757901971159405,208.145965625,1646.68,1658.564285714286,1722.1246666666666
2011-10-07,12.99166,246.75595341781573,103.14345939797532,208.25761611209037,0.0,50.679230833333335,38.498337305725364,90.30099005575885,9.276788725089789,1127.72,152242.35,2464.9,0,0,0,0,1,2083.2811203495166,1333,2997143.929999997,135.0001330117405,2.185737594438336,208.25761611209037,1644.21,1716.4415886213594,1734.622037344984
2011-10-08,13.50834,252.825307518037,102.94622284778144,209.70028478391868,0.0,42.918163541666665,43.12502273411833,82.1947404918813,10.59731080286697,680.02,111801.93,2340.56,0,0,0,0,1,1208.1780588880645,1334,2997823.949999997,164.40976735978353,3.4418987676833033,209.70028478391868,2083.2811203495166,1650.1513113196545,1717.7419726412527
2011-10-09,24.0,246.206653125,103.09504583333333,207.92366333333334,0.0,91.93674041666667,38.282989791666665,89.86792229166667,6.642709375,1500.57,238555.04,4159.24,0,0,0,0,1,1500.57,1335,2999324.5199999968,158.97628234604184,2.771773392777411,207.92366333333334,1208.1780588880645,1627.1613113196545,1710.4853059745863
2011-10-10,24.0,246.92368979166667,103.08211541666667,208.09264854166668,0.0,87.723018125,38.83104125,90.71503854166667,6.593129375,1480.37,235543.06,3943.73,0,0,0,0,1,1480.37,1336,3000804.889999997,159.11093848159584,2.6640164283253513,208.09264854166668,1500.57,1601.9341684625117,1702.9429726412527
2011-10-11,24.0,244.786209375,103.101565625,208.264554375,0.0,99.96815083333334,36.521655,90.84950583333334,7.169101875,1538.0,243720.87,4044.32,0,0,0,0,1,1538.0,1337,3002342.889999997,158.46610533159946,2.6295968790637194,208.264554375,1480.37,1585.8984541767973,1697.5316393079192
2011-10-12,24.0,244.869318125,103.093726875,208.34341041666667,0.0,100.0,36.525907708333335,90.95665729166667,7.188085833333333,1551.83,244870.31,4048.74,0,0,0,0,1,1551.83,1338,3003894.719999997,157.79454579432027,2.6090100075394855,208.34341041666667,1538.0,1572.348454176797,1692.2616393079193
2011-10-13,24.0,244.89045041666665,103.08152083333333,208.33561833333334,0.0,100.0,36.55483208333333,90.944008125,7.231333958333333,1566.75,244864.12,4049.79,0,0,0,0,1,1566.75,1339,3005461.469999997,156.28793362055208,2.5848348492101483,208.33561833333331,1551.83,1561.2827398910829,1681.5419726412526
2011-10-14,20.41666,249.93986730314361,103.01976394396537,209.79825037939113,0.0,73.76722625,40.141616923752466,85.0572336004224,11.37269528313152,1218.73,194540.89,3260.74,0,0,0,0,1,1432.6300188179655,1340,3006680.199999997,159.62591386115056,2.6755228803754725,209.79825037939116,1566.75,1468.3325825294328,1677.0399732685182
2011-10-15,16.15833,246.26586913962643,103.03265981756778,208.78293753056164,0.0,60.20825333333333,37.4829316090648,88.73057178178067,7.872513528607226,1211.43,173642.57,2809.32,0,0,0,0,1,1799.3394119318027,1341,3007891.629999997,143.33685809332772,2.3190114162601225,208.78293753056164,1432.6300188179655,1552.7842043928238,1683.3166203329117
2011-10-19,0.0,291.88367,99.70565,182.3231,0.0,1.1739120833333334,109.56057,8.33074,109.56057,0.0,0.0,0.0,1,0,0,0,4,0.0,1345,3007891.629999997,,,182.3231,1799.3394119318027,1338.4170615356811,1625.5889536662448
2011-10-20,0.0,293.92587,99.6494,177.16309,0.0,1.1954083333333334,116.76278,7.37165,116.76278,0.0,0.0,0.0,1,0,0,0,1,0.0,1346,3007891.629999997,,,177.16308999999995,0.0,1126.9356329642526,1567.312953666245
2011-10-21,0.0,300.01414,99.69999,177.11232,0.0,0.98662875,122.90182,10.22014,122.90182,0.0,0.0,0.0,1,0,0,0,1,0.0,1347,3007891.629999997,,,177.11232,0.0,907.2213472499669,1508.813953666245
2011-10-22,0.0,300.65172,99.62906,176.82655,0.0,0.9924741666666667,123.82517,11.6693,123.82517,0.0,0.0,0.0,1,0,0,0,1,0.0,1348,3007891.629999997,,,176.82655,0.0,685.5313472499669,1449.9712869995783
2011-10-23,0.0,300.62919,99.56172,177.53886,0.0,0.9918652083333334,123.09033,11.38743,123.09033,0.0,0.0,0.0,1,0,0,0,1,0.0,1349,3007891.629999997,,,177.53886,0.0,461.7099186785384,1390.768953666245
2011-10-24,0.0,292.01783,96.67039,172.78509,0.0,0.982755,119.23274,10.9017,119.23274,0.0,0.0,0.0,1,0,0,0,1,0.0,1350,3007891.629999997,,,172.78509,0.0,257.048487418829,1332.136953666245
2011-10-26,0.0,300.56811,99.38136,178.41253,0.0,1.0657689583333334,122.15558,10.33961,122.15558,0.0,0.0,0.0,1,0,0,0,2,0.0,1352,3007891.629999997,,,178.41253,0.0,0.0,1272.4862869995784
2011-10-27,0.0,300.5722,99.37286,178.34744,0.0,1.07424,122.22476,10.14191,122.22476,0.0,0.0,0.0,1,0,0,0,1,0.0,1353,3007891.629999997,,,178.34744,0.0,0.0,1212.1962869995782
2011-10-28,0.0,300.5722,99.37286,178.34744,0.0,1.07424,122.22476,10.14191,122.22476,0.0,0.0,0.0,1,0,0,0,1,0.0,1354,3007891.629999997,,,178.34744,0.0,0.0,1152.0556203329115
2011-10-29,0.0,300.5722,99.37286,178.34744,0.0,1.07424,122.22476,10.14191,122.22476,0.0,0.0,0.0,1,0,0,0,1,0.0,1355,3007891.629999997,,,178.34744,0.0,0.0,1091.9182869995782
2011-10-30,0.0,300.55467,99.32516,178.40613,0.0,1.0492612,122.14854,10.59144,122.14854,0.0,0.0,0.0,1,0,0,0,1,0.0,1356,3007891.629999997,,,178.40613,0.0,0.0,1031.8032869995782
2011-10-31,0.0,300.49836,99.15324,178.8591,0.0,1.997766875,121.63926,11.57387,121.5879,0.0,0.0,0.0,1,0,0,0,1,0.0,1357,3007891.629999997,,,178.8591,0.0,0.0,971.876953666245
2011-11-01,0.0,300.50279,99.11916,251.92786,0.0,1.657356875,48.57493,10.98872,34.28594,0.0,0.0,0.0,1,0,0,0,1,0.0,1358,3007891.629999997,,,251.92786,0.0,0.0,915.7016203329116
2011-11-02,0.0,300.42826,99.13849,190.29605,0.0,1.15656125,110.13221,10.89154,101.99556,0.0,0.0,0.0,1,0,0,0,1,0.0,1359,3007891.629999997,,,190.29605000000004,0.0,0.0,859.0299536662449
2011-11-03,0.0,300.50717,99.08692,192.90255,0.0,1.1565775,107.60462,10.74744,107.02507,0.0,0.0,0.0,1,0,0,0,1,0.0,1360,3007891.629999997,,,192.90254999999996,0.0,0.0,803.0919536662449
2011-11-04,0.0,300.48865,99.04545,192.87549,0.0,1.0346552083333334,107.61316,11.00123,106.82179,0.0,0.0,0.0,1,0,0,0,1,0.0,1361,3007891.629999997,,,192.87549,0.0,0.0,747.3516203329116
2011-11-05,6.5,268.1433963991686,101.81710986321154,193.92162210699988,0.0,13.818426041666667,74.22177429216872,51.043928766895824,28.94801760002819,502.21,74294.29,955.75,0,0,0,0,1,1854.3138461538463,1362,3008393.839999997,147.93470858804085,1.903088349495231,193.92162210699985,0.0,264.90197802197804,753.7787485380398
2011-11-06,24.0,242.16436666666667,102.8102625,198.80368583333333,0.0,65.830968125,43.36068083333333,87.327066875,10.906000416666666,1734.07,262627.1,3637.71,0,0,0,0,1,1734.07,1363,3010127.909999997,151.4512678265583,2.0977872865570597,198.80368583333333,1854.3138461538463,512.6262637362637,756.3490818713731
2011-11-07,24.0,241.708828125,102.91750083333334,199.98362729166666,0.0,67.64436083333334,41.72520083333333,87.69406666666667,10.212107708333333,1806.74,277814.2,3727.31,0,0,0,0,1,1806.74,1364,3011934.649999997,153.7654560147005,2.0630029777389107,199.98362729166666,1734.07,770.731978021978,761.5654152047065
2011-11-08,24.0,241.262261875,103.03836145833333,200.13096416666667,0.0,70.331985,41.131297708333335,85.58492604166666,9.895749791666667,1864.94,287161.14,3793.42,0,0,0,0,1,1864.94,1365,3013799.589999997,153.97875534869755,2.0340708012054005,200.13096416666667,1806.74,1037.151978021978,768.8407485380399
2011-11-09,24.0,240.47531729166667,103.04115583333333,200.07476104166668,0.0,71.06082979166666,40.40055625,84.88461541666666,10.318767291666667,1893.19,291761.54,3817.42,0,0,0,0,1,1893.19,1366,3015692.779999997,154.1110717888854,2.0163956074139415,200.07476104166668,1864.94,1307.6076923076923,777.1400818713732
2011-11-10,24.0,239.90113958333333,103.04053145833333,199.569839375,0.0,71.21203083333333,40.33130020833333,86.10950916666667,10.70610625,1931.64,297132.72,3805.19,0,0,0,0,1,1931.64,1367,3017624.419999997,153.82406659626014,1.969927108570955,199.56983937500002,1893.19,1583.5562637362636,772.0853778597227
2011-11-11,11.80833,240.86300734227447,103.0393232320489,199.80347972296676,0.0,34.86067875,41.05952761930772,84.42396112313088,11.520467194709159,1093.95,151082.66,1821.2,0,0,0,0,1,2223.4134716763506,1368,3018718.3699999973,138.10746377805202,1.664792723616253,199.80347972296676,1931.64,1901.186759690028,805.9265582859989
2011-11-12,15.35833,249.86352302019816,102.85617463373296,202.9992449906598,0.0,35.68102770833333,46.86427802953837,77.34956738085457,17.11427379244358,960.37,153287.54,2179.84,0,0,0,0,1,1500.7412915336497,1369,3019678.7399999974,159.61300332163646,2.269791851057405,202.9992449906598,2223.4134716763506,1850.6763947442857,805.9322680037872
2011-11-13,24.0,240.22027708333334,102.9974775,199.695615,0.0,71.05306958333334,40.52466208333333,88.03865375,10.74709875,1895.6,288083.42,3758.98,0,0,0,0,1,1895.6,1370,3021574.3399999975,151.97479426039249,1.983002743194767,199.695615,1500.7412915336497,1873.75210903,819.7732680037872
2011-11-14,24.0,240.42247395833334,103.01592958333333,200.04289458333332,0.0,70.97585875,40.379579375,88.46725958333333,10.739070416666667,1893.6,289159.73,3780.24,0,0,0,0,1,1893.6,1371,3023467.9399999976,152.70370194338824,1.9963244613434727,200.04289458333335,1895.6,1886.1606804585715,831.6266013371205
2011-11-15,24.0,240.58912979166666,103.003435,200.540065625,0.0,72.59628875,40.04906416666667,87.766175,10.413894166666667,1880.97,288997.0,3800.54,0,0,0,0,1,1880.97,1372,3025348.909999998,153.64253550030037,2.0205213267622555,200.540065625,1893.6,1888.4506804585715,842.5979346704538
2011-11-16,24.0,240.88622333333333,102.97876729166667,201.04468541666665,0.0,73.14742333333334,39.84153791666667,87.28928770833333,10.221450208333334,1873.21,288459.13,3840.08,0,0,0,0,1,1873.21,1373,3027222.119999998,153.99188024834376,2.0499997330785122,201.04468541666665,1880.97,1885.5963947442858,852.8132680037871
2011-11-17,24.0,241.10479291666667,102.96498354166667,201.33198770833334,0.0,73.285385,39.77280520833333,87.27808145833333,10.14983625,1861.88,287046.55,3851.64,0,0,0,0,1,1861.88,1374,3029083.9999999977,154.17027413152297,2.068683266375921,201.33198770833334,1873.21,1875.6306804585715,867.121600709855
2011-11-18,24.0,241.27978354166666,102.959418125,201.664206875,0.0,73.86856104166667,39.61557666666667,86.68346166666667,9.978514375,1847.31,285690.62,3874.2,0,0,0,0,1,1847.31,1375,3030931.3099999977,154.6522348712452,2.0972116212222094,201.664206875,1861.88,1821.9016130762357,868.7206203121282
2011-11-19,24.0,241.519214375,102.95387291666667,202.015890625,0.0,74.12990166666667,39.50332375,87.73029916666667,9.869517291666666,1829.94,283047.93,3887.07,0,0,0,0,1,1829.94,1376,3032761.2499999977,154.67607134660153,2.124151611528247,202.015890625,1847.31,1868.93,929.7186203121283
2011-11-20,24.0,241.75335145833333,102.94866041666667,202.39316104166667,0.0,74.18327645833334,39.36019041666667,87.58886958333333,9.7567775,1810.86,279575.62,3896.25,0,0,0,0,1,1810.86,1377,3034572.1099999975,154.3883127353854,2.15160200125907,202.39316104166664,1829.94,1856.8242857142857,990.0806203121283
2011-11-21,24.0,241.978645625,102.94285208333334,202.74692916666666,0.0,74.267216875,39.23171645833333,87.01296145833334,9.638652083333334,1792.95,277465.68,3900.77,0,0,0,0,1,1792.95,1378,3036365.0599999977,154.75371873169914,2.1756156055662457,202.7469291666667,1810.86,1842.445714285714,1049.8456203121282
2011-11-22,24.0,242.25635104166668,102.93273166666667,203.11224541666667,0.0,74.23822645833333,39.144105625,86.975505,9.561253125,1774.76,275091.68,3916.08,0,0,0,0,1,1774.76,1379,3038139.8199999975,155.00218621109332,2.2065406026730376,203.11224541666667,1792.95,1827.2728571428572,1109.0042869787949
2011-11-23,24.0,242.33695354166667,102.81861770833333,203.29566145833334,0.0,74.18595,39.04129208333333,86.63330625,9.449494375,1754.19,272090.19,3926.09,0,0,0,0,1,1754.19,1380,3039894.0099999974,155.10873394558172,2.2381212981490033,203.29566145833334,1774.76,1810.2700000000002,1167.477286978795
2011-11-24,23.475,242.95687582389778,102.91749766969116,203.85378978287113,0.0,75.18279916666667,39.10308604102662,87.43798633562939,9.544869277090521,1690.63,262323.68,3868.31,0,0,0,0,1,1728.4396166134186,1381,3041584.6399999973,155.16327049679703,2.288087872568214,203.85378978287116,1754.19,1791.2070880876313,1225.091940865909
2011-11-28,23.16667,249.64379698043354,102.74010498542518,205.46212836203478,0.0,59.95091083333333,44.18166861839876,79.01528973778277,12.432591188992635,1350.88,209045.16,3548.3,0,0,0,0,4,1399.472604392431,1385,3042935.519999997,154.74739429112873,2.626658178372616,205.46212836203478,1728.4396166134186,1727.23031728655,1271.74102767899
2011-12-02,20.525,245.09984341422168,102.72731822993423,203.22114739612667,0.0,60.469380625,41.878696018095006,81.74179581756881,11.996535018002437,1348.69,208439.77,3221.06,0,0,0,0,4,1577.0309378806337,1389,3044284.209999997,154.54980017646753,2.3882878941787955,203.22114739612667,1399.472604392431,1691.1004512694976,1324.3087256083445
2011-12-05,18.03334,247.31331104731015,102.71909745999355,203.16243753279204,0.0,50.11050791666667,44.15087351451811,82.62373819401176,13.960555039377065,1358.54,207924.18,3187.57,0,0,0,0,3,1808.037778913945,1392,3045642.749999997,153.04972985705243,2.346320314455224,203.16243753279204,1577.0309378806337,1690.6972768286325,1384.5766515721427
2011-12-06,4.80833,245.13710404144473,102.83747640205642,202.89539589077705,0.0,15.159327083333332,42.2417081506677,85.72938516299838,12.479946845516011,568.33,72624.45,1225.23,0,0,0,0,1,2836.727096517918,1393,3046211.0799999973,127.78570548800872,2.155842556261327,202.89539589077702,1808.037778913945,1839.8082906169068,1479.1342214560732
2011-12-07,19.0,244.09173394736843,102.715985,203.28445736842104,0.0,57.37729208333333,40.807276578947366,83.6440947368421,10.885329210526315,1374.58,213538.76,3120.71,0,0,0,0,1,1736.3115789473684,1394,3047585.6599999974,155.34836822884083,2.2703007464098124,203.28445736842104,2836.727096517918,1834.3156590379592,1537.0112740876523
2011-12-08,14.64167,242.32688703645826,102.81741889506456,202.613653867776,0.0,46.77321375,39.71323316868226,86.76629786398682,10.062597636861096,1270.0,183147.17,2587.9,0,0,0,0,1,2081.7297480410366,1395,3048855.6599999974,144.21037007874017,2.037716535433071,202.613653867776,1736.3115789473684,1881.1070516152502,1606.40226568902
2011-12-10,6.19167,248.87169195491686,102.54513442728698,204.2672895591012,0.0,16.386312916666668,44.60440239581567,74.80393605229284,13.498726106640051,566.61,87868.17,1766.0,0,0,0,0,2,2196.279840495375,1397,3049422.269999997,155.07698416900513,3.1167822664619402,204.2672895591012,2081.7297480410366,1947.9413693126724,1679.6115937055324
2011-12-11,24.0,240.888211875,102.77950958333334,201.511095625,0.0,77.85393166666667,39.37711625,86.46756729166667,9.586380208333333,1859.52,278392.77,3944.16,0,0,0,0,1,1859.52,1398,3051281.7899999972,149.71216765616936,2.1210635002581313,201.511095625,2196.279840495375,2013.6624258280394,1741.5955937055326
2011-12-12,24.0,240.58480916666667,102.8007,201.442473125,0.0,79.78843729166667,39.14233604166667,86.83054645833333,9.473722708333334,1939.64,294987.94,4059.46,0,0,0,0,1,1939.64,1399,3053221.4299999974,152.08386092264544,2.0928935266338082,201.442473125,1859.52,2065.4637204165206,1806.2502603721991
2011-12-13,4.30833,243.76579476866905,102.8154705322712,201.9262528855032,0.0,14.023716666666667,41.839541883165865,84.69548011487049,11.765127808454784,571.4,74695.82,1221.23,0,0,0,0,1,3183.04308165809,1400,3053792.8299999973,130.72422121106058,2.1372593629681487,201.92625288550317,1939.64,2261.89304937997,1912.3516964274688
2011-12-15,24.0,241.04683166666666,102.77038083333333,201.23883604166667,0.0,75.08592645833333,39.807995625,86.30239875,10.055133958333334,1814.39,276549.74,3862.12,0,0,0,0,2,1814.39,1402,3055607.2199999974,152.4202293883895,2.128605206157441,201.23883604166667,3183.04308165809,2115.844892734553,1911.020901555674
2011-12-16,24.0,240.51493958333333,102.79154270833334,200.94280041666667,0.0,76.52019729166666,39.572139166666666,88.14705979166666,9.888581458333332,1944.21,295511.87,3982.97,0,0,0,0,1,1944.21,1403,3057551.4299999974,151.9958595007741,2.0486315778645308,200.94280041666667,1814.39,2145.544667170643,1918.0255682223406
2011-12-17,21.14167,241.07598906126148,102.82388926142069,201.35226348389696,0.0,67.40822854166667,39.72372557736451,87.59756769391916,10.077675057992108,1826.72,262323.11,3468.38,0,0,0,0,1,2073.6904889727252,1404,3059378.1499999976,143.60334917228693,1.8986927388981345,201.35226348389696,1944.21,2144.396201589456,1926.9239178547648
2011-12-18,15.19167,244.16187028531425,102.73220017872953,202.60334582292796,0.0,45.048469375,41.558524462386295,84.06334660733152,11.312569069964,1157.44,180738.37,2662.65,0,0,0,0,1,1828.5389295581067,1405,3060535.5899999975,156.1535543959082,2.3004648189106995,202.60334582292796,2073.6904889727252,2091.8617857412746,1925.710548840035
2011-12-19,24.0,240.83000479166665,102.80833791666667,201.56005708333333,0.0,77.38827458333333,39.26994770833333,87.92808833333333,9.622801875,1904.27,290172.4,3998.82,0,0,0,0,1,1904.27,1406,3062439.8599999975,152.37986209938717,2.099922805064408,201.56005708333333,1828.5389295581067,2098.2546428841315,1926.0798821733683
2011-12-20,24.0,241.01926104166665,102.81802354166666,201.820536875,0.0,77.23952791666666,39.198724166666665,87.57172145833333,9.558322708333334,1898.2,290035.84,4017.8,0,0,0,0,1,1898.2,1407,3064338.0599999977,152.79519544831948,2.1166368138236225,201.820536875,1904.27,2092.334642884132,1924.9652155067015
2011-12-21,24.0,241.23604893617022,102.82611170212766,202.14494063829787,0.0,77.37704854166667,39.09110829787234,87.72408,9.465562256205674,1893.13,289912.23,4072.33,0,0,0,0,1,1893.13,1408,3066231.1899999976,153.13910296704398,2.151109538172233,202.1449406382979,1898.2,1908.0613455044045,1913.9557664508234
2011-12-22,24.0,241.481384375,102.82789875,202.45683333333332,0.0,77.39519645833333,39.02455104166667,87.67975916666667,9.396631458333333,1866.93,285753.51,4053.57,0,0,0,0,1,1866.93,1409,3068098.119999998,153.0606450161495,2.1712490559367517,202.45683333333335,1893.13,1915.567059790119,1926.1620567330351
2011-12-23,24.0,241.74591145833332,102.82515479166666,202.77433854166668,0.0,77.43297375,38.971572916666666,87.527405625,9.343621666666667,1854.96,283645.58,4051.35,0,0,0,0,1,1854.96,1410,3069953.0799999977,152.911965756674,2.184063268210635,202.77433854166665,1866.93,1902.817059790119,1924.8073900663685
2011-12-24,17.975,242.276690431516,102.82023747004729,203.0063043344701,0.0,58.22598708333334,39.2703860970459,87.24487410806675,9.69739505966064,1550.39,219806.06,3144.9,0,0,0,0,1,2070.061752433936,1411,3071503.469999998,141.77468894923211,2.0284573558910983,203.0063043344701,1854.96,1902.298668856006,1930.6894484808327
2011-12-26,0.0,291.46012746198033,100.09834012895475,199.06460303859882,0.0,0.7274310416666666,92.3955244233815,11.40545719596422,77.34660247769989,0.0,56.38,45.12,1,0,0,0,2,0.0,1413,3071503.469999998,,,199.06460303859882,2070.061752433936,1641.0788217762768,1867.9904484808328
2011-12-27,17.5,249.355868,102.67082857142857,204.4408877142857,0.0,43.740174375,44.914980285714286,79.07054028571429,14.437804857142858,1035.84,162228.58,2634.7,0,0,0,0,1,1420.5805714285714,1414,3072539.3099999977,156.6154811553908,2.543539542786531,204.4408877142857,0.0,1571.9803319803582,1852.9028008617852
2011-12-28,10.475,244.03888408077327,102.79886958691169,202.97252333665872,0.0,31.121954166666665,41.06636074411456,85.36007495967542,10.560772673317423,897.82,117223.52,1675.5,0,0,0,0,1,2057.057756563246,1415,3073437.1299999976,130.5646120603239,1.8661869862555969,202.9725233366587,1420.5805714285714,1594.6742972036789,1859.4087260805602
2011-12-29,2.85833,265.3175427030469,102.29343196786235,209.23806199287696,0.0,4.824328125,56.079480710169925,61.42783071380841,24.25056339939755,159.07,24066.31,549.13,0,0,0,0,1,1335.6330444700225,1416,3073596.1999999974,151.29383290375307,3.4521279939649214,209.238061992877,2057.057756563246,1515.0318749851108,1842.3528275628944
2011-12-30,24.0,242.34168166666666,102.75208145833334,202.60105395833332,0.0,77.69660708333333,39.740627708333335,87.13538354166667,9.352777291666667,1727.34,269703.08,3932.46,0,0,0,0,1,1727.34,1417,3075323.5399999972,156.13780726434868,2.276598700892702,202.60105395833332,1335.6330444700225,1495.0904464136822,1838.932827562894
2011-12-31,24.0,241.91590604166666,102.77818125,202.96016458333332,0.0,80.18969166666666,38.955741458333335,86.41668395833334,8.872511458333333,1778.38,273624.11,3957.78,0,0,0,0,1,1778.38,1418,3077101.919999997,153.8614413117556,2.2254973627683623,202.96016458333332,1727.34,1484.1504464136822,1837.8501608962276
2012-01-01,24.0,242.18364895833332,102.77934770833333,203.357961875,0.0,81.16999041666666,38.825687083333335,86.44532770833334,8.73492375,1771.69,272014.82,3983.87,0,0,0,0,1,1771.69,1419,3078873.609999997,153.5340945650763,2.248627017141825,203.357961875,1778.38,1441.5259103516912,1837.1414942295607
2012-01-02,23.80833,242.730415436845,102.77180063313975,203.3889965991819,0.0,81.06059770833333,39.34141883766312,86.00761964757713,9.231513363709256,1777.21,271077.82,3954.25,0,0,0,0,1,1791.5175066877853,1420,3080650.819999997,152.52998801492225,2.2249762267824287,203.38899659918187,1771.69,1697.4569827356609,1837.7000777858202
2012-01-14,2.5,287.8045599414528,100.32845354261433,191.29338899203128,0.0,3.972590625,96.51117094942148,24.46706199945826,42.8913640003087,108.08,16656.11,223.52,0,0,0,0,12,1037.568,1432,3080758.899999997,154.1090858623242,2.068097705403405,191.2933889920313,1791.5175066877853,1642.7409011030074,1813.8126777858201
2012-01-15,24.0,238.78951541666666,102.67346895833333,198.53219854166667,0.0,78.93041916666667,40.257316875,85.206509375,10.534374583333333,1931.14,291203.46,3794.98,0,0,0,0,1,1931.14,1433,3082690.0399999972,150.79355199519455,1.965150118582806,198.53219854166667,1037.568,1624.752650165401,1820.5693572320395
2012-01-16,24.0,238.7634875,102.73566729166667,199.29122833333332,0.0,79.51621083333333,39.47225916666667,86.57977875,9.829690416666667,1983.54,300765.05,3898.98,0,0,0,0,1,1983.54,1434,3084673.5799999973,151.63044355041995,1.9656674430563539,199.29122833333332,1931.14,1717.3107866696835,1840.0382704189585
2012-01-17,24.0,239.45400291666667,102.77860083333333,200.46815208333334,0.0,83.05313291666667,38.98585083333333,87.01536729166666,9.365662916666667,1984.97,301995.35,4060.36,0,0,0,0,1,1984.97,1435,3086658.5499999975,152.14101472566335,2.045552325727845,200.46815208333334,1983.54,1754.1150723839694,1853.636239156271
2012-01-18,24.0,239.27769270833332,102.78919791666667,200.29564145833334,0.0,85.40607333333334,38.98205125,86.11306666666667,9.332070416666667,2004.73,304736.39,4339.41,0,0,0,0,1,2004.73,1436,3088663.2799999975,152.00869443765495,2.1645857546901577,200.2956414583333,1984.97,1786.4507866696838,1860.1926465258061
2012-01-19,24.0,238.96410291666666,102.798446875,199.765603125,0.0,84.41719375,39.19849979166667,86.45032916666666,9.520952291666667,2024.63,307154.83,4205.6,0,0,0,0,1,2024.63,1437,3090687.9099999974,151.70911722141824,2.0772190474308885,199.76560312499998,2004.73,1822.5850723839692,1833.1227433085419
2012-01-20,24.0,239.156548125,102.80218791666667,199.83379083333332,0.0,79.359375,39.32275729166667,87.35868229166667,9.663046041666666,1999.83,305096.97,3981.25,0,0,0,0,1,1999.83,1438,3092687.7399999974,152.5614527234815,1.9907942175084883,199.83379083333332,2024.63,1852.3439999999998,1841.906690676963
2012-01-21,13.175,240.26988537001898,102.79988218216319,200.32611595825426,0.0,42.44166791666667,39.943769411764706,86.73430988614801,10.389485351043643,1246.64,180904.21,2565.18,0,0,0,0,1,2270.919165085389,1439,3093934.3799999976,145.11343290765575,2.0576750304819353,200.32611595825426,1999.83,2028.5370235836272,1848.2130045784418
2012-01-22,19.49167,246.62307773771565,102.68018170828358,202.67612284201405,0.0,56.32311416666667,43.9469548957016,81.42895930214291,13.74590817105974,1478.51,231355.4,3523.55,0,0,0,0,1,1820.4822880748545,1440,3095412.8899999973,156.47875225734015,2.38317630587551,202.67612284201405,2270.919165085389,2012.7287790228918,1835.6864194977577
2012-01-23,24.0,239.85333229166667,102.781945,200.87067291666668,0.0,81.91284,38.982659375,88.086211875,9.352816458333333,1865.29,285954.06,3954.26,0,0,0,0,1,1865.29,1441,3097278.1799999974,153.30273576762863,2.1199170102236113,200.87067291666668,1820.4822880748545,1995.835921880035,1835.8787528310909
2012-01-24,24.0,240.262708125,102.78503583333334,201.53162791666668,0.0,83.55137875,38.73108020833333,87.74532145833334,9.1271625,1851.56,286235.84,3941.27,0,0,0,0,1,1851.56,1442,3099129.7399999974,154.59171725463935,2.1286212707122645,201.53162791666665,1865.29,1976.7773504514632,1832.942752831091
2012-01-25,16.34167,240.99501657479928,102.78252729625552,202.47925507650686,0.0,62.27923895833333,38.5157614982924,85.29576381749234,9.011841462555541,1456.87,208452.39,2887.31,0,0,0,0,1,2139.6148618837606,1443,3100586.6099999975,143.08235463699577,1.9818583675962853,202.4792550765069,1851.56,1996.0466164348577,1798.1618121719466
2012-01-27,14.0,264.58550583333334,101.81732229166667,215.43193958333333,0.0,48.654611458333335,49.15356625,51.05676270833333,7.059138125,996.09,155500.95,2532.5,0,0,0,0,2,1707.5828571428572,1445,3101582.6999999974,156.11134536035902,2.542440944091397,215.43193958333336,2139.6148618837606,1950.754167455266,1794.6015740767084
2012-01-28,24.0,244.86448291666667,102.70969791666667,202.672386875,0.0,74.74411333333333,42.192096041666666,84.29781854166667,11.527530416666666,1721.18,262935.42,3806.83,0,0,0,0,1,1721.18,1446,3103303.8799999976,152.76462659338358,2.2117558884021427,202.672386875,1707.5828571428572,1910.947024598123,1787.1672407433753
2012-01-29,5.50834,257.01228560096143,102.62526367629812,203.99531649190138,0.0,9.947640416666667,53.01696910906008,80.66886313245007,18.304632813606275,94.96,15813.52,230.31,0,0,0,0,1,413.74352345715766,1447,3103398.8399999975,166.52822240943556,2.4253369839932604,203.99531649190135,1721.18,1645.6362186512329,1731.8356752261896
2012-01-30,4.99166,271.5843356637271,104.2778670727173,190.5187397956191,0.0,2.4858416666666665,81.065595868108,45.980621971388274,52.063706601591456,20.0,3330.06,47.28,0,0,0,0,1,96.16039553976032,1448,3103418.8399999975,166.503,2.364,190.51873979561907,413.74352345715766,1399.3045197176482,1674.0897240922448
2012-01-31,24.0,239.261748125,105.95397979166667,171.831765625,0.0,21.6176025,67.4299825,73.69276104166667,36.51361708333334,992.31,154976.07,1587.67,0,0,0,0,1,992.31,1449,3104411.1499999976,156.17707168122865,1.5999737985105462,171.831765625,96.16039553976032,1274.5930911462196,1643.691057425578
2012-02-01,24.0,221.25050083333332,106.11035354166667,173.052458125,0.0,32.700935,48.19804270833333,83.44682583333334,17.134872083333335,1298.84,202811.82,2540.5,0,0,0,0,1,1298.84,1450,3105709.9899999974,156.1484247482369,1.955976101752333,173.052458125,992.31,1195.6330911462194,1623.7123907589114
2012-02-02,24.0,222.70095520833334,105.86106833333334,175.335525625,0.0,32.60709875,47.36542958333333,84.40806270833333,16.313402083333333,1360.83,207543.81,1530.36,0,0,0,0,1,1360.83,1451,3107070.8199999975,152.51266506470316,1.1245783823107955,175.335525625,1298.84,1084.3781108771107,1605.9690574255778
2012-02-03,24.0,223.38091833333334,105.72209208333334,176.24217520833332,0.0,32.58043270833333,47.138743125,83.88839791666666,16.07707,1342.41,205900.56,1539.83,0,0,0,0,1,1342.41,1452,3108413.2299999977,153.38127695711444,1.1470638627543,176.24217520833335,1360.83,1032.2105598567025,1588.4850574255781
2012-02-04,24.0,224.641725,105.59411083333333,177.61986416666667,0.0,32.556922916666664,47.021860833333335,81.07345583333333,15.883335416666666,1311.87,201907.22,1553.22,0,0,0,0,1,1311.87,1453,3109725.0999999978,153.90794819608652,1.1839740218161863,177.61986416666667,1342.41,973.7377027138455,1570.3820574255778
2012-02-05,24.0,225.06261375,105.48434833333333,178.346630625,0.0,32.487506875,46.715983125,83.25600041666667,15.55462125,1283.47,197268.27,1561.57,0,0,0,0,1,1283.47,1454,3111008.569999998,153.69916710168528,1.2166782238774572,178.346630625,1311.87,1097.9843422199658,1544.162332344447
2012-02-06,24.0,222.80751875,105.41499666666667,177.84290229166666,0.0,34.12337375,44.96461645833333,85.595925625,13.85354125,1301.74,198119.17,1583.76,0,0,0,0,1,1301.74,1455,3112310.309999998,152.1956535099175,1.2166484858727549,177.8429022916667,1283.47,1270.2100000000003,1587.5536656777801
2012-02-07,24.0,220.12886083333333,105.36406354166667,177.24294541666666,0.0,36.7229175,42.88591541666667,84.257284375,11.756566666666666,1269.47,193285.86,1645.3,0,0,0,0,1,1269.47,1456,3113579.7799999984,152.25713092865524,1.29605268340331,177.24294541666666,1301.74,1309.8042857142857,1582.516646630161
2012-02-08,24.0,220.21800770833335,105.28929854166667,177.52058979166668,0.0,36.905363333333334,42.697417916666666,82.9146425,11.621340625,1271.31,194159.72,1669.16,0,0,0,0,1,1271.31,1457,3114851.0899999985,152.72413494741645,1.312944915087587,177.52058979166668,1269.47,1305.8714285714286,1556.3250547447196
2012-02-09,20.66666,226.54654862518183,105.12005213047004,180.8408662200278,0.0,29.47946125,45.705682405154,79.95929299658968,14.18418484092253,1053.2,160477.1,1504.72,0,0,0,0,1,1223.0713622810847,1458,3115904.2899999986,152.3709646790733,1.4287124952525636,180.84086622002783,1271.31,1286.191623183012,1552.572998671755
2012-02-10,24.0,218.85552895833334,105.22167833333333,177.60412916666667,0.0,37.44116666666667,41.251399791666664,82.68011729166666,12.279286458333333,1247.14,196069.53,2790.23,0,0,0,0,1,1247.14,1459,3117151.429999999,157.21533268117452,2.2373029491476495,177.60412916666667,1223.0713622810847,1272.5816231830122,1536.5663320050883
2012-02-11,24.0,219.71477979166667,105.15299958333334,178.249036875,0.0,37.313834375,41.46574291666666,84.39858166666667,11.5927775,1276.12,159326.23,2292.73,0,0,0,0,1,1276.12,1460,3118427.549999999,124.85207503996492,1.7966413816882427,178.249036875,1247.14,1267.4744803258693,1519.8243320050883
2012-02-12,24.0,219.59634916666667,105.10589729166666,178.35521666666668,0.0,39.04560083333333,41.2411325,86.16941354166667,10.000784791666666,1301.47,197783.15,1768.24,0,0,0,0,1,1301.47,1461,3119729.019999999,151.9690426978724,1.3586482976941459,178.35521666666668,1276.12,1270.0459088972977,1504.1503320050883
2012-02-13,24.0,219.19117208333333,105.07427583333333,178.59611583333333,0.0,40.090036041666664,40.59505625,85.46558583333334,9.405428958333333,1283.33,195938.29,1955.34,0,0,0,0,1,1283.33,1462,3121012.349999999,152.679583583334,1.5236455159623792,178.59611583333333,1301.47,1267.4159088972976,1487.210748448829
2012-02-14,24.0,219.09267020833335,105.03144666666667,178.85478083333334,0.0,40.71410354166667,40.237889375,85.74837416666666,9.041988541666667,1299.87,199084.08,1863.68,0,0,0,0,1,1299.87,1463,3122312.2199999993,153.15691569156917,1.433743374337434,178.85478083333334,1283.33,1271.758766040155,1495.9541484488288
2012-02-15,24.0,219.16030666666666,104.987363125,179.209390625,0.0,41.23933,39.950916041666666,85.57701145833333,8.771643125,1294.81,198512.88,1871.52,0,0,0,0,1,1294.81,1464,3123607.0299999993,153.3142932167654,1.4454012557827018,179.209390625,1299.87,1275.115908897298,1474.743148448829
2012-02-16,24.0,219.16698770833332,104.94815020833333,179.505291875,0.0,41.72656645833333,39.66169583333333,85.733596875,8.488655416666667,1295.53,197998.62,1877.07,0,0,0,0,1,1295.53,1465,3124902.559999999,152.83213819826634,1.448881924772101,179.50529187499998,1294.81,1285.4671428571426,1451.8094817821623
2012-02-17,24.0,219.38660645833335,104.91002958333333,179.844685625,0.0,41.855844166666664,39.541920833333336,85.54399291666667,8.351718125,1285.7,197060.34,1884.1,0,0,0,0,1,1285.7,1466,3126188.2599999993,153.27085634284825,1.465427393637707,179.844685625,1295.53,1290.9757142857143,1428.500481782162
2012-02-18,24.0,219.285769375,104.87803208333334,179.99632583333334,0.0,42.322405625,39.289443541666664,84.67256020833334,8.092140416666666,1275.18,195169.81,1885.61,0,0,0,0,1,1275.18,1467,3127463.4399999995,153.0527533367838,1.478701046126821,179.99632583333334,1285.7,1290.8414285714284,1404.1821484488287
2012-02-19,24.0,219.12956666666668,104.84881458333334,180.02628270833333,0.0,42.80546270833333,39.103283958333336,85.05579479166667,7.904828125,1263.41,194966.98,1886.41,0,0,0,0,1,1263.41,1468,3128726.8499999996,154.3180598538875,1.4931099168124362,180.02628270833333,1275.18,1285.4042857142856,1378.808148448829
2012-02-20,24.0,218.94967354166667,104.82014479166666,180.04836354166667,0.0,43.09684375,38.90131,83.89700541666667,7.689835416666667,1252.54,192011.23,1986.95,0,0,0,0,1,1252.54,1469,3129979.3899999997,153.29748351350057,1.5863365641017453,180.04836354166667,1263.41,1281.0057142857145,1353.898481782162
2012-02-21,24.0,219.02236666666667,104.78784770833333,180.17525,0.0,43.210822916666665,38.847116666666665,85.70616541666666,7.6539616666666666,1247.26,191105.76,1990.65,0,0,0,0,1,1247.26,1470,3131226.6499999994,153.22046726424324,1.596018472491702,180.17525,1252.54,1273.49,1319.776509612649
2012-02-22,24.0,219.228754893617,104.75414808510638,180.38524638297872,0.0,42.26623,38.8435085106383,84.3838910638298,7.639208723404256,1246.47,190019.29,1983.52,0,0,0,0,1,1246.47,1471,3132473.1199999996,152.44593933267547,1.5913098590419343,180.38524638297872,1247.26,1266.5842857142857,1300.6427666768207
2012-02-23,24.0,219.08694104166668,104.72290854166667,180.48585,0.0,43.739473333333336,38.60109104166666,85.354121875,7.427922083333334,1249.37,190518.23,2001.82,0,0,0,0,1,1249.37,1472,3133722.4899999998,152.49143968560156,1.6022635408245758,180.48585000000003,1246.47,1259.99,1280.112100010154
2012-02-24,24.0,219.14407666666668,104.689673125,180.59597333333335,0.0,44.04675145833333,38.54810333333333,85.58075,7.352305208333333,1248.61,190288.07,2005.38,0,0,0,0,1,1248.61,1473,3134971.0999999996,152.39992471628452,1.6060899720489186,180.59597333333335,1249.37,1254.6914285714286,1260.0137666768208
2012-02-25,24.0,219.17846291666666,104.656885,180.718955,0.0,44.536745,38.45950791666667,86.21041375,7.268017291666666,1250.39,190598.61,2019.02,0,0,0,0,1,1250.39,1474,3136221.4899999998,152.4313294252193,1.6147122097905453,180.718955,1248.61,1251.1499999999999,1230.372937947362
2012-02-26,24.0,219.28539083333334,104.62338166666666,180.91953666666666,0.0,44.720204375,38.365854166666665,85.80921458333333,7.1859633333333335,1248.86,190356.43,1991.16,0,0,0,0,1,1248.86,1475,3137470.3499999996,152.42415482920424,1.594382076453726,180.91953666666666,1250.39,1249.0714285714287,1215.0821760426002
2012-02-27,24.0,219.32126791666667,104.59156625,181.01629708333334,0.0,44.98081729166667,38.304970833333336,84.999375625,7.09635,1247.61,190389.68,2028.99,0,0,0,0,1,1247.61,1476,3138717.9599999995,152.60352193393769,1.6263014884459086,181.01629708333334,1248.86,1248.3671428571429,1199.2965093759335
2012-02-28,24.0,219.28021666666666,104.561311875,181.11827145833334,0.0,45.2254525,38.161945208333336,85.36956333333333,6.948964791666667,1247.75,190194.05,2031.9,0,0,0,0,1,1247.75,1477,3139965.7099999995,152.4296133039471,1.6284512121819275,181.1182714583333,1247.61,1248.4371428571428,1227.0967252606947
2012-02-29,24.0,219.487203125,104.528983125,181.32409625,0.0,45.19274,38.163106875,86.33837979166667,6.957768541666667,1243.1,189694.14,2033.1,0,0,0,0,1,1243.1,1478,3141208.8099999996,152.5976510337061,1.6355080041830907,181.32409625000003,1247.75,1247.9557142857143,1265.3280454093695
2012-03-01,24.0,219.46939020833332,104.49785583333333,181.433905,0.0,45.566915,38.035485208333334,85.878293125,6.8034825,1237.67,188912.96,2031.39,0,0,0,0,1,1237.67,1479,3142446.4799999995,152.63596920019066,1.641301800964716,181.43390499999998,1243.1,1246.2842857142857,1273.5067120760361
2012-03-02,24.0,219.12580833333334,104.47425333333334,181.43338416666666,0.0,46.44390166666667,37.69242416666667,86.24094875,6.476067708333333,1244.07,190954.06,2051.97,0,0,0,0,1,1244.07,1480,3143690.5499999993,153.4914112549937,1.6494007571921194,181.43338416666666,1237.67,1245.6357142857141,1271.6810454093695
2012-03-03,24.0,219.359759375,104.44252020833333,181.77454270833334,0.0,46.283098333333335,37.58521666666667,82.11381729166666,6.382586875,1237.0,191193.28,2050.51,0,0,0,0,1,1237.0,1481,3144927.5499999993,154.5620695230396,1.6576475343573163,181.77454270833334,1244.07,1243.722857142857,1267.5533787427028
2012-03-04,24.0,219.191179375,104.41719104166667,181.84572541666665,0.0,48.009320833333334,37.34545395833333,84.21188604166667,6.150652083333333,1246.93,192474.97,2078.8,0,0,0,0,1,1246.93,1482,3146174.4799999995,154.35908190515906,1.6671344822885006,181.84572541666665,1237.0,1243.4471428571428,1264.3707120760362
2012-03-05,24.0,219.32292770833334,104.3868325,182.016945,0.0,48.96177145833333,37.30598270833333,85.874609375,6.075564375,1248.95,192592.54,2094.19,0,0,0,0,1,1248.95,1483,3147423.4299999997,154.20356299291404,1.676760478802194,182.01694500000002,1246.93,1243.6385714285714,1262.2733787427028
2012-03-06,24.0,219.31271770833334,104.359106875,182.30980208333332,0.0,49.70982125,37.002915625,84.41566270833333,5.78842,1249.25,193223.91,2106.58,0,0,0,0,1,1249.25,1484,3148672.6799999997,154.67193115869523,1.6862757654592755,182.30980208333335,1248.95,1243.8528571428571,1261.1327120760361
2012-03-07,24.0,219.29984125,104.33186833333333,182.448489375,0.0,50.457676041666666,36.851351875,83.99438020833334,5.6322954166666666,1251.91,193143.56,2119.1,0,0,0,0,1,1251.91,1485,3149924.59,154.27910952065244,1.6926935642338505,182.44848937499998,1249.25,1245.1114285714284,1259.4717120760363
2012-03-08,24.0,219.452558125,104.30409791666666,182.59010416666666,0.0,50.46523083333334,36.86245395833333,84.67733875,5.629918333333333,1246.71,192369.2,2123.5,0,0,0,0,1,1246.71,1486,3151171.3,154.3014814993062,1.7032830409638167,182.59010416666666,1251.91,1246.402857142857,1258.7130454093697
2012-03-09,24.0,219.57706697479483,104.27398637649354,182.73161733012338,0.0,50.4561725,36.84544964467145,84.39367977854232,5.627159879001435,1244.24,191982.6,2121.62,0,0,0,0,1,1244.24,1487,3152415.54,154.29708094901306,1.7051533466212305,182.73161733012338,1246.71,1246.4271428571428,1257.810712076036
2012-03-10,24.0,218.97486319965583,104.1059917199541,182.41879667521988,0.0,51.39925052083331,36.55606652443595,85.745425570761,5.3883399703174,1244.19,191913.92,2125.23,0,0,0,0,1,1244.19,1488,3153659.73,154.24808108086387,1.7081233573650325,182.41879667521988,1244.24,1247.4542857142858,1258.5146666666667
2012-03-11,24.0,219.32533854166667,104.23003416666667,182.85243604166666,0.0,52.237246875,36.4729025,86.31488770833333,5.2595616666666665,1236.49,191588.37,2129.62,0,0,0,0,1,1236.49,1489,3154896.22,154.945345291915,1.7223107344175852,182.85243604166666,1244.19,1245.962857142857,1258.1596666666667
2012-03-12,24.0,219.49505270833333,104.20335708333333,183.024999375,0.0,52.629502708333334,36.47005333333333,86.298935,5.257038333333333,1237.53,191156.65,2131.52,0,0,0,0,1,1237.53,1490,3156133.75,154.4662755650368,1.7223986489216423,183.024999375,1236.49,1244.3314285714284,1256.8733333333332
2012-03-13,22.58334,222.22101265434608,104.1410319160939,184.94918581628758,0.0,47.900522083333335,37.271826838058495,85.60163856633696,6.252238291218217,1081.88,175172.99,1963.92,0,0,0,0,1,1149.7466716614992,1491,3157215.63,161.91536029873922,1.815284504750989,184.94918581628758,1237.53,1230.1166673802143,1251.8158890553832
2012-03-14,24.0,219.44462041666668,104.165114375,183.325005625,0.0,51.6651975,36.11961479166666,86.27309375,5.4173277083333335,1221.75,184731.07,2145.77,0,0,0,0,1,1221.75,1492,3158437.38,151.20202169019848,1.7563085737671373,183.32500562500002,1149.7466716614992,1225.8080959516428,1249.7632223887165
2012-03-15,23.25,222.64367274185378,104.09589628098925,184.90111997654623,0.0,47.934423333333335,37.74255276530753,84.9373103815957,6.923264164055914,1076.12,168689.92,1964.58,0,0,0,0,1,1110.8335483870967,1493,3159513.5,156.75753633423784,1.825614243764636,184.90111997654625,1221.75,1206.3971742926567,1243.4620073349533
2012-03-16,24.0,219.762759375,104.11115541666666,183.5924975,0.0,52.74601833333333,36.170261875,85.303636875,5.068982291666667,1202.91,184793.57,2096.17,0,0,0,0,1,1202.91,1494,3160716.41,153.62210805463417,1.7425825705996292,183.5924975,1110.8335483870967,1200.4928885783709,1240.3986740016196
2012-03-17,24.0,219.52437916666668,104.08575270833333,183.51030583333332,0.0,54.728314375,36.014073333333336,85.951745625,4.765740625,1215.32,187128.34,2111.5,0,0,0,0,1,1215.32,1495,3161931.73,153.97454168449462,1.7374024948161801,183.51030583333335,1202.91,1196.3686028640852,1237.725007334953
2012-03-18,24.0,219.5595134042553,104.06027106382979,183.5997225531915,0.0,54.281170625,35.95979085106383,86.14719936170212,4.71734085106383,1220.05,188434.49,2118.55,0,0,0,0,1,1220.05,1496,3163151.78,154.44817015696077,1.7364452276546045,183.5997225531915,1215.32,1194.0200314355136,1235.53667400162
2012-03-19,24.0,219.58471958333334,104.02762354166667,183.76896729166666,0.0,57.5770775,35.81575229166667,85.10707395833333,4.577120416666666,1224.73,189710.59,2123.16,0,0,0,0,1,1224.73,1497,3164376.51,154.8999289639349,1.7335739305806177,183.76896729166668,1220.05,1192.1914600069424,1233.8550073349534
2012-03-20,24.0,219.47895,103.99701520833334,183.81524854166668,0.0,59.06967229166667,35.663701458333335,84.941235625,4.411995416666667,1234.65,190598.94,2211.1,0,0,0,0,1,1234.65,1498,3165611.1599999997,154.37487547078118,1.790871907018183,183.81524854166668,1224.73,1204.3205069124422,1232.8963406682863
2012-03-21,24.0,219.708318125,103.96779354166667,184.03094354166666,0.0,59.782162291666666,35.67737458333333,85.92498458333333,4.443047291666667,1241.7,191392.48,2229.63,0,0,0,0,1,1241.7,1499,3166852.86,154.13745671257146,1.7956269630345494,184.03094354166666,1234.65,1207.1705069124423,1232.5350073349534
2012-03-22,24.0,219.74838416666665,103.94119895833333,184.16379854166667,0.0,61.205689166666666,35.584585625,86.929721875,4.346846458333333,1246.38,192055.56,2241.79,0,0,0,0,1,1246.38,1500,3168099.2399999998,154.09069465171135,1.7986408639419758,184.16379854166667,1241.7,1226.5342857142857,1232.5056740016198
2012-03-23,24.0,233.43053104166665,103.71847958333333,190.612825,0.0,46.968935,42.81770604166667,84.75183354166667,11.477437083333333,1031.18,161138.88,1933.84,0,0,0,0,1,1031.18,1501,3169130.42,156.2664908163463,1.8753660854554974,190.612825,1246.38,1202.0014285714285,1225.3293406682865
2012-03-24,24.0,272.540993125,103.03804479166666,204.46269333333333,0.0,8.20783125,68.07829979166667,76.04021416666667,36.350044375,239.26,38069.48,406.03,0,0,0,0,1,239.26,1502,3169369.6799999997,159.11343308534651,1.6970241578199448,204.46269333333333,1031.18,1062.5642857142857,1191.6590073349532
2012-03-25,23.0,273.42994886363635,103.05031795454545,202.96858727272726,0.0,7.974704565217391,70.46136159090909,74.8398309090909,38.85318431818182,370.83,59035.62,681.41,0,0,0,0,1,386.95304347826084,1503,3169740.51,159.19860852681822,1.837526629452849,202.96858727272726,239.26,943.5504347826087,1162.9371087842285
2012-03-26,24.0,272.82933395833334,103.0755,202.23312145833333,0.0,7.957581041666667,70.5962125,75.97786104166667,39.02280979166667,391.64,62379.5,711.88,0,0,0,0,1,391.64,1504,3170132.15,159.2776529465836,1.8176897150444287,202.23312145833336,386.95304347826084,824.5375776397516,1134.3121087842285
2012-03-27,24.0,253.87761645833334,103.371543125,195.00558354166665,0.0,24.545470833333333,58.87203291666667,80.022789375,27.268215625,690.78,107296.98,1102.25,0,0,0,0,1,690.78,1505,3170822.9299999997,155.32728220272736,1.5956599785749443,195.00558354166668,391.64,746.8418633540372,1115.7094421175618
2012-03-28,24.0,220.63927770833334,103.902685,184.51185958333335,0.0,58.87948291666667,36.127418125,86.75567520833333,4.823714791666666,1268.24,195976.77,2201.4,0,0,0,0,1,1268.24,1506,3172091.17,154.52656437267393,1.7357913328707502,184.51185958333335,690.78,750.6332919254658,1116.3971087842285
2012-03-29,24.0,219.53035395833334,103.843208125,183.92721270833334,0.0,64.159964375,35.60314125,86.4106775,4.286665,1272.0,197476.54,2202.21,0,0,0,0,1,1272.0,1507,3173363.17,155.24885220125788,1.7312971698113209,183.92721270833334,1268.24,754.2932919254657,1117.205442117562
2012-03-30,24.0,219.234685625,103.80320354166666,184.10040979166666,0.0,73.16026729166667,35.134275833333334,86.43139708333334,3.8271410416666667,1293.04,200875.32,2295.58,0,0,0,0,1,1293.04,1508,3174656.21,155.35120336571183,1.7753356431355565,184.10040979166666,1272.0,791.7018633540373,1118.8701087842285
2012-03-31,24.0,219.04691354166667,103.783164375,184.23374958333332,0.0,88.128835625,34.813163958333334,86.22154041666667,3.4872454166666667,1298.19,201725.61,2321.11,0,0,0,0,1,1298.19,1509,3175954.4,155.3898967023317,1.7879586193084218,184.23374958333335,1293.04,942.9775776397516,1120.8874421175617
2012-04-01,24.0,218.9515575,103.765758125,184.3176025,0.0,100.0,34.633955,86.316504375,3.304453125,1301.05,202263.39,2337.51,0,0,0,0,1,1301.05,1510,3177255.4499999997,155.46165789170288,1.796633488336344,184.31760250000002,1298.19,1073.5628571428572,1122.7867754508952
2012-04-02,24.0,218.989406875,103.748205625,184.35708916666667,0.0,100.0,34.63231770833333,86.42508854166667,3.3056266666666665,1309.04,202883.54,2352.09,0,0,0,0,1,1309.04,1511,3178564.4899999998,154.98650919757992,1.796805292428039,184.35708916666664,1301.05,1204.6200000000001,1125.1881087842287
2012-04-03,24.0,219.05178875,103.73972375,184.45504458333335,0.0,100.0,34.59674416666667,86.02034958333333,3.289920208333333,1305.86,201340.85,2336.55,0,0,0,0,1,1305.86,1512,3179870.3499999996,154.18256934127703,1.7892806273260535,184.45504458333332,1309.04,1292.4885714285715,1127.152442117562
2012-04-04,24.0,219.2088375,103.72966416666667,184.58740229166668,0.0,100.0,34.62143520833333,86.56297895833333,3.3136895833333333,1301.89,199037.63,2355.08,0,0,0,0,1,1301.89,1513,3181172.2399999998,152.88359999692753,1.808970035870926,184.58740229166665,1305.86,1297.2957142857142,1128.9171087842285
2012-04-05,24.0,219.46585083333332,103.71560145833334,184.88320979166667,0.0,100.0,34.58264104166667,85.66130208333334,3.286170625,1299.73,199347.18,2378.33,0,0,0,0,1,1299.73,1514,3182471.9699999997,153.37583959745484,1.8298646641994876,184.88320979166664,1301.89,1301.2571428571428,1130.599775450895
2012-04-06,24.0,219.72283875,103.69645354166667,185.11703083333333,0.0,100.0,34.60580791666667,86.60244770833333,3.2918972916666664,1294.63,198638.55,2380.01,0,0,0,0,1,1294.63,1515,3183766.5999999996,153.4326796073009,1.8383708086480308,185.11703083333333,1299.73,1301.4842857142855,1132.0237754508953
2012-04-07,24.0,220.04143458333334,103.67326479166667,185.48626604166665,0.0,100.0,34.55516854166667,86.6471825,3.2130841666666665,1289.54,197622.39,2384.49,0,0,0,0,1,1289.54,1516,3185056.1399999997,153.25029855607428,1.8491012298959317,185.48626604166668,1294.63,1300.2485714285715,1133.451442117562
2012-04-08,24.0,220.40682333333334,103.64425083333333,185.94211083333334,0.0,100.0,34.4647125,85.69758708333333,3.1572935416666668,1279.75,196898.62,2391.24,0,0,0,0,1,1279.75,1517,3186335.8899999997,153.85709708927524,1.8685211955460048,185.94211083333334,1289.54,1297.2057142857143,1134.6351087842284
2012-04-09,24.0,220.7332875,103.61440625,186.24388645833332,0.0,100.0,34.48940104166667,86.16177479166667,3.186428333333333,1276.84,196019.07,2390.96,0,0,0,0,1,1276.84,1518,3187612.7299999995,153.5188982174744,1.872560383446634,186.24388645833332,1279.75,1292.6057142857142,1135.7234421175622
2012-04-10,24.0,220.97950354166667,103.58432583333334,186.48299916666667,0.0,100.0,34.496504375,86.227489375,3.16621375,1251.35,192483.76,2403.91,0,0,0,0,1,1251.35,1519,3188864.0799999996,153.82088144803615,1.9210532624765253,186.48299916666667,1276.84,1284.8185714285714,1136.2187754508952
2012-04-11,24.0,221.350620625,103.55176041666667,186.84459166666667,0.0,100.0,34.50602895833333,86.96493479166666,3.1683895833333335,1241.47,190706.81,2395.7,0,0,0,0,1,1241.47,1520,3190105.55,153.61370794300305,1.9297284670592119,186.84459166666667,1251.35,1276.187142857143,1136.3501087842285
2012-04-12,24.0,221.56133916666667,103.52057625,187.08961833333333,0.0,100.0,34.471720833333336,86.90616375,3.1340425,1234.71,189845.28,2393.94,0,0,0,0,1,1234.71,1521,3191340.26,153.7569793716743,1.9388682362660057,187.08961833333333,1241.47,1266.8985714285716,1139.1822197288452
2012-04-13,24.0,221.681585,103.49406770833333,187.24593,0.0,100.0,34.435655,86.66009145833333,3.133594791666667,1214.18,186862.52,2420.62,0,0,0,0,1,1214.18,1522,3192554.44,153.90017954504273,1.9936253273814424,187.24593000000002,1234.71,1255.4057142857143,1138.9298863955119
2012-04-14,24.0,221.823495,103.47019666666667,187.38955270833333,0.0,100.0,34.43394229166667,86.662828125,3.133149375,1208.85,186045.53,2419.68,0,0,0,0,1,1208.85,1523,3193763.29,153.90290772221533,2.0016379203375108,187.38955270833333,1214.18,1243.8785714285714,1142.1971014492754
2012-04-15,24.0,222.10798708333334,103.44277229166667,187.71032708333334,0.0,100.0,34.39766,86.41182229166667,3.104656041666667,1200.95,185252.41,2421.24,0,0,0,0,1,1200.95,1524,3194964.24,154.25488987884592,2.016103917731795,187.71032708333334,1208.85,1232.6214285714286,1142.131768115942
2012-04-16,24.0,222.42302375,103.415265,188.02456958333335,0.0,100.0,34.39845416666667,86.435678125,3.0970814583333333,1198.34,184550.39,2425.89,0,0,0,0,1,1198.34,1525,3196162.58,154.00503196087925,2.024375385950565,188.02456958333335,1200.95,1221.4071428571428,1141.565768115942
2012-04-17,24.0,222.64113041666667,103.39093395833333,188.36131041666667,0.0,100.0,34.27982,83.59025291666667,2.9748614583333333,1193.74,183868.89,2423.97,0,0,0,0,1,1193.74,1526,3197356.3200000003,154.02758557139748,2.030567795332317,188.36131041666667,1198.34,1213.1771428571428,1140.688768115942
2012-04-18,24.0,222.857780625,103.367619375,188.542813125,0.0,100.0,34.3149675,85.36044729166667,2.9890252083333335,1179.1,185333.38,2431.06,0,0,0,0,1,1179.1,1527,3198535.4200000004,157.18207107115597,2.0617928928844034,188.542813125,1193.74,1204.2671428571427,1139.167768115942
2012-04-19,24.0,222.98990375,103.342725625,188.73777270833332,0.0,100.0,34.252131041666665,85.17055770833333,2.9103166666666667,1177.26,184910.91,2455.1,0,0,0,0,1,1177.26,1528,3199712.68,157.06888028133122,2.0854356726636425,188.73777270833332,1179.1,1196.06,1137.254768115942
2012-04-20,24.0,223.14278520833332,103.316568125,188.90775354166666,0.0,100.0,34.235031666666664,84.532595,2.9344797916666665,1175.13,184934.06,2432.8,0,0,0,0,1,1175.13,1529,3200887.81,157.37327785011018,2.070239037383098,188.90775354166666,1177.26,1190.4814285714285,1135.035768115942
2012-04-21,24.0,221.62276291666666,103.31263916666667,188.35999125,0.0,100.0,33.262771666666666,85.7402225,3.163843125,1191.85,186408.99,2472.62,0,0,0,0,1,1191.85,1530,3202079.66,156.40306246591433,2.0746067038637412,188.35999125,1175.13,1188.0528571428572,1133.2181014492753
2012-04-22,24.0,220.67599291666667,103.29845229166666,187.995411875,0.0,100.0,32.68058104166667,86.59638041666666,3.364099583333333,1192.68,186444.08,2449.19,0,0,0,0,1,1192.68,1531,3203272.3400000003,156.3236408760103,2.0535181272428478,187.995411875,1191.85,1186.8714285714284,1138.6014347826087
2012-04-23,24.0,220.878344375,103.27729958333333,188.20795541666666,0.0,100.0,32.670388958333334,86.59653333333333,3.3156889583333333,1185.21,185384.93,2457.57,0,0,0,0,1,1185.21,1532,3204457.5500000003,156.41525974299913,2.0735312729389728,188.20795541666666,1192.68,1184.9957142857145,1170.1331014492755
2012-04-24,24.0,221.05854104166667,103.25822145833334,188.39737770833332,0.0,100.0,32.661163333333334,86.85074958333334,3.298989375,1182.72,184934.79,2459.37,0,0,0,0,1,1182.72,1533,3205640.2700000005,156.363966112013,2.0794186282467533,188.39737770833335,1185.21,1183.4214285714286,1196.6586666666667
2012-04-25,24.0,221.07487395833334,103.23594958333334,188.43244208333334,0.0,100.0,32.642431875,86.62289104166666,3.27373,1181.92,184670.15,2484.43,0,0,0,0,1,1181.92,1534,3206822.1900000004,156.2458965073778,2.102028902125355,188.43244208333334,1182.72,1183.8242857142857,1223.0013333333334
2012-04-26,24.0,221.07637833333334,103.21014791666667,188.47972020833333,0.0,100.0,32.596658125,86.48582791666666,3.25474125,1178.22,184594.05,2453.49,0,0,0,0,1,1178.22,1535,3208000.4100000006,156.67197127870855,2.082370015786525,188.47972020833333,1181.92,1183.9614285714285,1239.2493333333334
2012-04-27,24.0,221.33352229166667,103.18994895833333,188.68721333333335,0.0,100.0,32.646308958333336,86.753951875,3.309128125,1170.75,183924.06,2461.74,0,0,0,0,1,1170.75,1536,3209171.1600000006,157.0993465727098,2.1027033952594487,188.68721333333332,1178.22,1183.3357142857144,1235.9996666666668
2012-04-28,24.0,221.57031958333334,103.173960625,188.904835,0.0,100.0,32.66548458333333,86.716228125,3.3120533333333335,1187.91,192213.76,2798.15,0,0,0,0,1,1187.91,1537,3210359.0700000008,161.80835248461582,2.355523566600163,188.90483500000002,1170.75,1182.7728571428572,1233.1966666666667
2012-04-29,24.0,221.733669375,103.15207979166667,189.093315,0.0,100.0,32.640354375,86.558041875,3.305978958333333,1030.3,163885.56,2416.39,0,0,0,0,1,1030.3,1538,3211389.3700000006,159.06586431136563,2.345326603901776,189.09331500000002,1187.91,1159.5757142857144,1224.4386666666667
2012-04-30,24.0,221.76980851063828,103.1265759574468,189.13385829787234,0.0,97.91666666666667,32.635950212765955,86.51510914893618,3.288194893617021,1074.82,171924.29,2428.12,0,0,0,0,1,1074.82,1539,3212464.1900000004,159.95635548277852,2.259094546063527,189.13385829787234,1030.3,1143.8057142857144,1216.993
2012-05-01,24.0,222.00626666666668,103.108063125,189.341826875,0.0,100.0,32.664439791666666,86.70316875,3.3375970833333333,1092.16,171038.29,2441.25,0,0,0,0,1,1092.16,1540,3213556.3500000006,156.6055248315265,2.2352494140052737,189.341826875,1074.82,1130.8685714285714,1210.0299999999997
2012-05-02,24.0,222.3623375,103.08696708333333,189.66925729166667,0.0,100.0,32.693080208333335,86.85861583333333,3.3395997916666667,1096.64,172412.12,2468.34,0,0,0,0,1,1096.64,1541,3214652.9900000007,157.2185220309308,2.250820688648964,189.66925729166667,1092.16,1118.6857142857143,1202.95
2012-05-03,24.0,222.476083125,103.06825354166666,189.79229,0.0,100.0,32.683793125,86.98484958333333,3.3264254166666665,1116.23,174939.05,2607.86,0,0,0,0,1,1116.23,1542,3215769.2200000007,156.72312157888607,2.3363106169875385,189.79229,1096.64,1109.83,1196.6290000000001
2012-05-04,24.0,222.4493175,103.03908020833333,189.79391833333332,0.0,100.0,32.65539916666667,86.68927625,3.6987872916666666,1123.24,175857.68,2599.27,0,0,0,0,1,1123.24,1543,3216892.460000001,156.56287169260352,2.31408247569531,189.79391833333335,1116.23,1103.042857142857,1190.674
2012-05-05,24.0,223.89788979166667,102.98440708333334,191.19663520833333,0.0,100.0,32.70125458333333,85.93462041666666,3.326906458333333,1126.07,177869.06,2599.03,0,0,0,0,1,1126.07,1544,3218018.5300000007,157.9555977869937,2.3080536733950825,191.19663520833333,1123.24,1094.2085714285715,1184.8853333333332
2012-05-06,24.0,224.31607645833333,102.95454208333334,191.58838041666667,0.0,100.0,32.72769604166667,85.95422333333333,3.3613864583333335,1129.0,176252.09,2592.81,0,0,0,0,1,1129.0,1545,3219147.5300000007,156.11345438441097,2.2965544729849423,191.58838041666667,1126.07,1108.3085714285714,1179.3643333333334
2012-05-07,24.0,224.83633604166667,102.926994375,192.07932541666668,0.0,100.0,32.757010625,86.013155,3.3763016666666665,1179.46,184287.35,2702.55,0,0,0,0,1,1179.46,1546,3220326.9900000007,156.24722330558052,2.2913451918674648,192.07932541666668,1129.0,1123.257142857143,1175.695
2012-05-08,24.0,226.40185145833334,102.85501020833334,193.574693125,0.0,100.0,32.82715833333334,83.80160708333334,3.43989,1189.93,186150.65,2733.53,0,0,0,0,1,1189.93,1547,3221516.920000001,156.43831990117064,2.297219164152513,193.574693125,1179.46,1137.2242857142858,1172.701
2012-05-09,24.0,226.41900270833332,102.82659520833333,193.55394958333332,0.0,100.0,32.865053125,86.17536270833334,3.4669329166666665,1189.84,185580.61,2752.12,0,0,0,0,1,1189.84,1548,3222706.7600000007,155.97106333624689,2.313016876218651,193.55394958333332,1189.93,1150.5385714285715,1169.801
2012-05-10,24.0,226.662123125,102.80557541666667,193.77534479166667,0.0,100.0,32.88677833333333,85.88847541666667,3.483520208333333,1185.93,185502.85,2739.1,0,0,0,0,1,1185.93,1549,3223892.690000001,156.41972966363952,2.309664145438601,193.77534479166667,1189.84,1160.4957142857143,1167.6203333333333
2012-05-11,24.0,226.65077229166667,102.79076958333333,193.78924291666667,0.0,100.0,32.861529375,85.67929416666666,3.4773575,1184.22,185266.37,2699.35,0,0,0,0,1,1184.22,1550,3225076.910000001,156.4459053216463,2.279432875648106,193.78924291666667,1185.93,1169.2071428571428,1165.712
2012-05-12,24.0,226.92863833333334,102.76870541666666,194.02826708333333,0.0,100.0,32.90037125,85.66349770833334,3.4696177083333333,1166.43,182547.6,2669.79,0,0,0,0,1,1166.43,1551,3226243.3400000012,156.50111879838482,2.2888557393071163,194.02826708333333,1184.22,1174.972857142857,1163.4360000000001
2012-05-13,24.0,226.81365541666668,102.75534708333333,194.03832875,0.0,100.0,32.775326666666665,83.94509895833333,3.3925716666666665,1166.5,182281.75,2665.14,0,0,0,0,1,1166.5,1552,3227409.8400000012,156.26382340334334,2.2847321045863693,194.03832875,1166.43,1180.33,1161.8466666666668
2012-05-14,24.0,226.97257145833333,102.73816708333334,194.169954375,0.0,100.0,32.80261708333333,83.47634958333333,3.3943733333333332,1166.23,182208.62,2655.3,0,0,0,0,1,1166.23,1553,3228576.070000001,156.23729453023844,2.2768236111230205,194.169954375,1166.5,1178.44,1160.426
2012-05-15,24.0,227.01877604166665,102.72616270833333,194.192680625,0.0,100.0,32.82609541666667,85.96753020833333,3.4277616666666666,1163.17,181791.29,2638.67,0,0,0,0,1,1163.17,1554,3229739.240000001,156.28952775604597,2.2685162100122938,194.19268062499998,1166.23,1174.6171428571429,1159.1666666666667
2012-05-16,24.0,227.08168354166668,102.71485666666666,194.27295958333335,0.0,100.0,32.80872395833333,85.51170833333333,3.4061891666666666,1160.68,182065.95,2645.71,0,0,0,0,1,1160.68,1555,3230899.9200000013,156.8614519075025,2.2794482544715167,194.27295958333335,1163.17,1170.4514285714286,1157.9113333333332
2012-05-17,24.0,227.07418354166666,102.70540479166667,194.27197791666666,0.0,100.0,32.802205625,85.72497979166667,3.4098570833333333,1162.85,182065.95,2649.32,0,0,0,0,1,1162.85,1556,3232062.7700000014,156.5687319946683,2.278299006750656,194.27197791666666,1160.68,1167.1542857142856,1156.881666666667
2012-05-18,24.0,227.1380325,102.69505770833334,194.3209825,0.0,100.0,32.81705,86.11519375,3.427335,1162.85,182168.7,2852.11,0,0,0,0,1,1162.85,1557,3233225.6200000015,156.65709248828313,2.4526895128348456,194.3209825,1162.85,1164.1014285714286,1156.3400000000001
2012-05-19,24.0,226.990155,102.68101375,194.21573833333332,0.0,100.0,32.77441666666667,85.90709229166667,3.3936989583333332,1164.67,182519.51,3030.3,0,0,0,0,1,1164.67,1558,3234390.2900000014,156.7134982441378,2.6018528853666703,194.21573833333332,1162.85,1163.8500000000001,1155.9203333333332
2012-05-20,24.0,226.81606854166668,102.66429458333333,194.06786895833332,0.0,100.0,32.74819958333333,86.03723854166667,3.392645625,1141.37,178759.48,2658.85,0,0,0,0,1,1141.37,1559,3235531.6600000015,156.61834462093802,2.329525044464109,194.06786895833335,1164.67,1160.26,1154.7950000000003
2012-05-21,24.0,226.99658583333334,102.64646458333333,194.25284145833334,0.0,100.0,32.743744375,86.33227020833333,3.3844145833333332,1141.93,178180.9,2719.57,0,0,0,0,1,1141.93,1560,3236673.5900000017,156.0348707889275,2.381555787132311,194.25284145833334,1141.37,1156.7885714285715,1153.131
2012-05-22,21.08334,236.50370583141,102.51825324409225,198.54195766957702,0.0,70.91305041666666,37.96174816183299,83.49474381648258,6.916338305002908,868.7,141286.31,2407.19,0,0,0,0,1,988.8755766401339,1561,3237542.290000002,162.64108437895706,2.771025670542189,198.54195766957702,1141.93,1131.8893680914477,1146.3375192213377
2012-05-23,24.0,227.66552,102.61698854166667,194.843163125,0.0,99.814331875,32.822356875,85.05578041666666,3.2932310416666666,1059.44,167945.48,2704.32,0,0,0,0,1,1059.44,1562,3238601.730000002,158.52288001208186,2.5525938231518537,194.843163125,988.8755766401339,1117.4265109485905,1142.1451858880043
2012-05-24,24.0,227.99671541666666,102.60797125,195.10879625,0.0,100.0,32.88791916666667,85.23837041666667,3.2386922916666667,1087.94,172529.89,2668.21,0,0,0,0,1,1087.94,1563,3239689.670000002,158.5840119859551,2.4525341471037003,195.10879624999998,1059.44,1106.7250823771622,1138.985852554671
2012-05-25,24.0,228.63681833333334,102.57141020833333,195.23630958333334,0.0,100.0,33.40050875,86.1145625,3.084509375,1095.56,172033.25,2624.72,0,0,0,0,1,1095.56,1564,3240785.230000002,157.02768447186827,2.395779327467231,195.23630958333334,1087.94,1097.1122252343048,1136.1071858880046
2012-05-26,24.0,228.23017791666666,102.55631541666666,194.98909041666667,0.0,100.0,33.2410875,86.74516041666666,3.2053010416666665,1105.91,173349.88,2706.47,0,0,0,0,1,1105.91,1565,3241891.140000002,156.7486323480211,2.4472787116492296,194.98909041666667,1095.56,1088.717939520019,1133.696852554671
2012-05-27,24.0,227.50154270833335,102.56055229166667,194.79445520833335,0.0,100.0,32.7070875,86.98257895833333,3.3252185416666666,1116.86,174678.26,2729.33,0,0,0,0,1,1116.86,1566,3243008.000000002,156.4012141181527,2.4437530218648713,194.79445520833335,1105.91,1085.2165109485907,1131.9005192213376
2012-05-28,24.0,227.61748729166666,102.55109395833334,194.90112770833332,0.0,100.0,32.716359583333336,86.76863833333333,3.33117375,1126.57,175582.73,2733.19,0,0,0,0,1,1126.57,1567,3244134.5700000017,155.8560320264165,2.4261164419432437,194.90112770833332,1116.86,1083.0222252343049,1129.8558525546712
2012-05-29,24.0,227.59016770833333,102.53647375,194.88051520833332,0.0,100.0,32.7096525,86.390361875,3.3233589583333334,1131.35,176146.54,2724.11,0,0,0,0,1,1131.35,1568,3245265.920000002,155.69588544659038,2.4078401909223497,194.88051520833332,1126.57,1103.3757142857141,1133.2241858880045
2012-05-30,24.0,227.49750958333334,102.51991458333333,194.797915625,0.0,100.0,32.69959395833333,86.39646208333333,3.32824,1124.79,176022.5,2726.49,0,0,0,0,1,1124.79,1569,3246390.710000002,156.49365659367527,2.423999146507348,194.797915625,1131.35,1112.7114285714285,1134.889852554671
2012-05-31,24.0,227.60729333333333,102.51025041666666,194.91264229166666,0.0,100.0,32.69465104166667,86.52457229166667,3.320391875,1125.44,176067.22,2733.31,0,0,0,0,1,1125.44,1570,3247516.150000002,156.443008956497,2.428659013363662,194.91264229166666,1124.79,1118.0685714285714,1135.9991858880046
2012-06-01,24.0,227.66837791666666,102.49919458333333,194.988864375,0.0,100.0,32.679513541666665,86.097376875,3.291987916666667,1124.75,176408.1,2740.54,0,0,0,0,1,1124.75,1571,3248640.900000002,156.84205378973107,2.4365770171149146,194.988864375,1125.44,1122.2385714285715,1136.9361858880045
2012-06-02,24.0,227.50388875,102.481298125,194.85978458333332,0.0,100.0,32.644104166666665,86.13668125,3.2752935416666666,1122.99,176394.28,2723.09,0,0,0,0,1,1122.99,1572,3249763.890000002,157.07555721778465,2.4248568553593532,194.85978458333332,1124.75,1124.6785714285713,1137.1615192213378
2012-06-03,24.0,227.578768125,102.47169958333333,194.94000791666667,0.0,100.0,32.63876020833333,86.18808166666666,3.2689158333333332,1117.51,175581.93,2725.8,0,0,0,0,1,1117.51,1573,3250881.400000002,157.1188893164267,2.439172803822785,194.94000791666667,1122.99,1124.7714285714285,1136.9705192213378
2012-06-04,24.0,227.69415166666667,102.46526354166667,195.061203125,0.0,100.0,32.632948541666664,86.0844625,3.2645358333333334,1115.89,175567.38,2734.25,0,0,0,0,1,1115.89,1574,3251997.290000002,157.3339486866985,2.450286318543942,195.06120312500002,1117.51,1123.2457142857143,1136.6311858880044
2012-06-05,24.0,228.07829770833334,102.45488666666667,195.25005604166665,0.0,100.0,32.82824166666666,86.365664375,3.2427727083333333,1111.91,174756.44,2743.99,0,0,0,0,1,1111.91,1575,3253109.200000002,157.1677923572951,2.4678166398359576,195.25005604166668,1115.89,1120.4685714285715,1136.061519221338
2012-06-06,24.0,227.76137041666667,102.444735625,195.150055,0.0,100.0,32.61131541666666,85.88840729166667,3.244781458333333,1117.1,175553.86,2745.06,0,0,0,0,1,1117.1,1576,3254226.300000002,157.15142780413572,2.4573091039298185,195.150055,1111.91,1119.3700000000001,1133.9828525546714
2012-06-07,24.0,227.677256875,102.42889208333334,195.12615541666668,0.0,100.0,32.551101458333335,85.53820729166667,3.1896479166666665,1101.77,172735.06,2666.07,0,0,0,0,1,1101.77,1577,3255328.070000002,156.77960009802408,2.419806311662144,195.12615541666668,1117.1,1115.9885714285715,1131.0441858880044
2012-06-08,24.0,227.81042333333335,102.42175354166666,195.27945041666666,0.0,100.0,32.53097291666667,84.60216604166666,3.1573520833333335,1097.85,172165.67,2670.29,0,0,0,0,1,1097.85,1578,3256425.9200000023,156.8207587557499,2.4322903857539737,195.2794504166667,1101.77,1112.1457142857143,1127.9778525546712
2012-06-09,24.0,227.96444458333335,102.41501458333333,195.34216291666667,0.0,100.0,32.622281666666666,86.13288395833334,3.2445929166666665,1097.36,172667.68,2678.65,0,0,0,0,1,1097.36,1579,3257523.280000002,157.34825399139754,2.440994751038857,195.34216291666667,1097.85,1108.4842857142858,1125.0255192213376
2012-06-10,24.0,228.05611583333334,102.40683979166667,195.4082775,0.0,100.0,32.64783833333333,86.67647479166666,3.2591647916666666,1102.01,172657.85,2706.74,0,0,0,0,1,1102.01,1580,3258625.290000002,156.67539314525277,2.456184608125153,195.4082775,1097.36,1106.27,1122.2851858880047
2012-06-11,24.0,228.303799375,102.38522604166667,195.462065625,0.0,100.0,32.84173375,86.56214833333334,3.1762964583333333,1086.48,170859.44,2696.1,0,0,0,0,1,1086.48,1581,3259711.770000002,157.25962742066122,2.4814998895515794,195.462065625,1102.01,1102.0685714285714,1119.6201858880045
2012-06-12,24.0,227.99122854166666,102.38016458333334,195.40804020833335,0.0,100.0,32.58318833333333,86.39072291666666,3.2050741666666664,1095.9,172278.01,2707.1,0,0,0,0,1,1095.9,1582,3260807.670000002,157.2023086047997,2.4702071356875623,195.40804020833332,1086.48,1099.7814285714285,1117.2668525546712
2012-06-13,23.16667,231.27930865470955,102.33614317960674,196.87091191052923,0.0,100.0,34.40839674418032,85.58869189012059,4.993425819248084,935.42,149159.79,2447.88,0,0,0,0,1,969.0680620045954,1583,3261743.0900000017,159.45755917128136,2.616877979944838,196.87091191052923,1095.9,1078.6340088577992,1110.6947879548243
2012-06-14,24.0,228.27630770833332,102.37043270833334,195.64340541666667,0.0,100.0,32.63290229166667,86.352169375,3.2571747916666665,1055.05,165692.63,2696.75,0,0,0,0,1,1055.05,1584,3262798.1400000015,157.04718259798116,2.5560399981043553,195.64340541666667,969.0680620045954,1071.9597231435134,1107.0907879548242
2012-06-15,24.0,228.368339375,102.36436145833333,195.73172708333334,0.0,100.0,32.636612291666665,86.31660583333333,3.274346875,1068.47,167934.29,2717.16,0,0,0,0,1,1068.47,1585,3263866.6100000017,157.17267681825413,2.5430381760835585,195.73172708333334,1055.05,1067.7625802863706,1104.0171212881576
2012-06-16,24.0,228.23396729166666,102.34329083333333,195.62596520833333,0.0,100.0,32.60800208333333,86.31149708333334,3.22675125,1077.27,169539.49,2710.55,0,0,0,0,1,1077.27,1586,3264943.8800000018,157.37882796327753,2.5161287328153574,195.62596520833333,1068.47,1064.8925802863707,1101.1644546214911
2012-06-17,24.0,228.18951208333334,102.32732104166666,195.599835625,0.0,100.0,32.58967645833334,86.60615354166667,3.2177810416666666,1081.03,169387.32,2695.54,0,0,0,0,1,1081.03,1587,3266024.9100000015,156.69067463437648,2.4934923175120023,195.599835625,1077.27,1061.8954374292277,1098.4371212881574
2012-06-18,24.0,228.261455625,102.323875,195.69109166666667,0.0,100.0,32.57036395833333,86.46230583333333,3.21376125,1079.28,169100.62,2704.61,0,0,0,0,1,1079.28,1588,3267104.1900000013,156.67910088206952,2.5059391446149286,195.69109166666667,1081.03,1060.8668660006565,1095.5907879548245
2012-06-19,24.0,228.496989375,102.3185875,195.95375625,0.0,100.0,32.543233125,86.21004229166667,3.1864804166666665,1081.43,169659.39,2711.83,0,0,0,0,1,1081.43,1589,3268185.6200000015,156.88430134174195,2.5076334113164975,195.95375625,1079.28,1058.7997231435136,1093.5927879548244
2012-06-20,16.0,254.15421083333334,101.99584041666667,203.92409979166666,0.0,58.871109583333336,50.23011104166667,73.49456291666667,8.832607291666667,633.92,100150.56,1945.82,0,0,0,0,1,950.88,1590,3268819.5400000014,157.98611812216052,3.0695040383644625,203.92409979166666,1081.43,1056.2014285714286,1087.224454621491
2012-06-21,24.0,229.67204166666667,102.27745645833333,196.80535916666668,0.0,99.93650229166667,32.8666825,86.17711833333334,3.2742520833333333,946.09,149789.31,2848.81,0,0,0,0,1,946.09,1591,3269765.6300000013,158.32458856979778,3.0111405891617076,196.80535916666668,950.88,1040.6357142857144,1085.7982687334866
2012-06-22,24.0,229.70945520833334,102.27459604166667,196.923766875,0.0,100.0,32.78568833333333,85.167004375,3.171074583333333,991.71,155826.83,2681.11,0,0,0,0,1,991.71,1592,3270757.3400000012,157.12943299956638,2.7035221990299583,196.923766875,946.09,1029.67,1083.54060206682
2012-06-23,24.0,229.43268604166667,102.257124375,196.87186145833334,0.0,100.0,32.560824583333336,85.165224375,3.190091041666667,1011.5,159373.62,2679.36,0,0,0,0,1,1011.5,1593,3271768.8400000012,157.561660899654,2.648897676717746,196.87186145833334,991.71,1020.2742857142857,1080.99260206682
2012-06-24,24.0,229.46349666666666,102.23653229166666,196.90871625,0.0,100.0,32.55478041666667,85.55820041666666,3.178312083333333,1019.08,160337.44,2643.49,0,0,0,0,1,1019.08,1594,3272787.9200000013,157.3354790595439,2.5939965459041487,196.90871625,1011.5,1011.4242857142857,1078.4432687334863
2012-06-25,24.0,229.21559354166666,102.22837958333334,196.673435625,0.0,100.0,32.54215791666667,86.49694333333333,3.227585625,1023.48,161151.8,2573.05,0,0,0,0,1,1023.48,1595,3273811.4000000013,157.4547621839215,2.51402079180834,196.673435625,1019.08,1003.4528571428572,1075.69560206682
2012-06-26,24.0,229.17373166666667,102.22343895833333,196.6281175,0.0,100.0,32.54561416666667,86.48275083333333,3.2371827083333335,1023.48,161526.51,2637.21,0,0,0,0,1,1023.48,1596,3274834.8800000013,157.82087583538515,2.576708875600891,196.6281175,1023.48,995.1742857142857,1072.5829354001532
2012-06-27,24.0,229.37848583333334,102.21589791666666,196.75357270833334,0.0,100.0,32.624913125,86.55439166666666,3.254728958333333,1080.53,170336.11,2642.7,0,0,0,0,1,1080.53,1597,3275915.410000001,157.64125938196995,2.445744218115184,196.75357270833334,1023.48,1013.6957142857143,1071.0482687334866
2012-06-28,24.0,229.52587708333334,102.20950145833334,196.93706833333334,0.0,100.0,32.58880875,85.749766875,3.215708333333333,1085.6,170651.45,2649.72,0,0,0,0,1,1085.6,1598,3277001.010000001,157.19551400147387,2.4407885040530584,196.93706833333334,1080.53,1033.6257142857141,1069.5232687334865
2012-06-29,24.0,229.706924375,102.20256979166666,197.16709270833334,0.0,100.0,32.539831666666664,84.48441395833333,3.135989375,1090.18,171276.32,2819.53,0,0,0,0,1,1090.18,1599,3278091.1900000013,157.10829404318554,2.5862976756132015,197.16709270833334,1085.6,1047.692857142857,1068.3696020668199
2012-06-30,24.0,229.82290645833334,102.19519541666666,197.30493729166668,0.0,100.0,32.51796916666667,84.55179875,3.1376122916666667,1090.51,171892.1,2841.4,0,0,0,0,1,1090.51,1600,3279181.700000001,157.62542296723552,2.6055698709777997,197.30493729166668,1090.18,1058.98,1067.2052687334865
2012-07-01,24.0,229.77087020833332,102.18138291666666,197.23102958333334,0.0,100.0,32.539840625,85.14871020833333,3.163495625,1099.01,172098.71,2624.54,0,0,0,0,1,1099.01,1601,3280280.710000001,156.59430760411644,2.388094739811285,197.23102958333334,1090.51,1070.3985714285714,1066.3472687334865
2012-07-02,24.0,229.62813229166667,102.17204041666666,197.10677375,0.0,100.0,32.521358541666665,86.44070479166666,3.241234583333333,1081.79,169592.57,2846.53,0,0,0,0,1,1081.79,1602,3281362.500000001,156.7703251093096,2.6313147653426268,197.10677375,1099.01,1078.7285714285715,1064.973935400153
2012-07-03,24.0,229.88245354166668,102.165543125,197.31710729166667,0.0,100.0,32.56534625,85.72483708333333,3.1980775,1080.99,169387.37,2764.58,0,0,0,0,1,1080.99,1603,3282443.490000001,156.69651893172,2.5574519653280787,197.31710729166667,1081.79,1086.9442857142856,1063.7566020668198
2012-07-04,24.0,230.02385604166668,102.15965770833333,197.49517041666667,0.0,100.0,32.528685625,84.53839875,3.1639745833333333,1080.38,169834.63,2772.21,0,0,0,0,1,1080.38,1604,3283523.870000001,157.19897628612154,2.5659582739406503,197.49517041666667,1080.99,1086.922857142857,1062.5729354001533
2012-07-05,24.0,230.12545104166668,102.14995458333334,197.551479375,0.0,100.0,32.573971666666665,84.33886208333334,3.14699,1080.86,170605.47,2774.14,0,0,0,0,1,1080.86,1605,3284604.730000001,157.84233850822494,2.5666043705937867,197.551479375,1080.38,1086.2457142857143,1061.5379354001532
2012-07-06,24.0,229.7889475,102.14191395833333,197.2097625,0.0,100.0,32.579185,86.745715625,3.2144158333333333,1080.38,170708.45,2747.11,0,0,0,0,1,1080.38,1606,3285685.110000001,158.00778429811731,2.5427257076213925,197.2097625,1080.86,1084.8457142857144,1060.3139354001532
2012-07-07,24.0,229.61308479166667,102.13214645833334,197.0533625,0.0,100.0,32.55972229166667,86.765613125,3.1833054166666668,1083.62,170635.03,2726.8,0,0,0,0,1,1083.62,1607,3286768.730000001,157.46759011461583,2.5163802809102824,197.0533625,1080.38,1083.8614285714286,1059.7089354001532
2012-07-08,24.0,229.57588791666666,102.12145833333334,197.07067479166668,0.0,100.0,32.505213125,86.50496041666666,3.1387245833333335,1081.46,170148.34,2716.99,0,0,0,0,1,1081.46,1608,3287850.190000001,157.33206960960183,2.5123351765206294,197.07067479166665,1083.62,1081.3542857142857,1059.1626020668198
2012-07-09,24.0,229.70903895833334,102.11619791666666,197.17395166666665,0.0,100.0,32.53508729166666,86.62994625,3.155594375,1056.84,166572.47,2674.47,0,0,0,0,1,1056.84,1609,3288907.0300000007,157.61370689981456,2.530629045077779,197.17395166666668,1081.46,1077.79,1057.811935400153
2012-07-10,24.0,229.851989375,102.113340625,197.31455708333334,0.0,100.0,32.53743229166667,86.55243375,3.15732875,1053.77,166024.9,2679.82,0,0,0,0,1,1053.77,1610,3289960.8000000007,157.55326114806837,2.5430786604287463,197.3145570833333,1056.84,1073.9014285714286,1056.2039354001531
2012-07-11,24.0,229.91751666666667,102.10717270833334,197.380386875,0.0,100.0,32.537129791666665,86.56078666666667,3.164323125,1053.63,166312.12,2699.87,0,0,0,0,1,1053.63,1611,3291014.4300000006,157.84679631369644,2.562446019950077,197.380386875,1053.77,1070.08,1055.1089354001533
2012-07-12,24.0,229.84762729166667,102.09540666666666,197.32752791666667,0.0,100.0,32.520099375,86.58489708333333,3.1445475,1056.68,166920.1,2685.0,0,0,0,0,1,1056.68,1612,3292071.110000001,157.96655562705834,2.5409774009160766,197.32752791666667,1053.63,1066.6257142857144,1053.80160206682
2012-07-13,24.0,229.80026291666667,102.08322229166667,197.29936875,0.0,100.0,32.50089416666667,86.57054479166666,3.125456041666667,1060.81,167338.2,2667.04,0,0,0,0,1,1060.81,1613,3293131.920000001,157.74568490116044,2.5141542783344804,197.29936874999999,1056.68,1063.8300000000002,1056.8596666666665
2012-07-14,24.0,229.89895416666667,102.07551166666667,197.37727,0.0,100.0,32.52168416666667,86.54118645833333,3.1447029166666667,1059.33,166374.49,2680.85,0,0,0,0,1,1059.33,1614,3294191.250000001,157.05633749634202,2.530703369110664,197.37727,1060.81,1060.3600000000001,1057.0023333333334
2012-07-15,24.0,230.09092625,102.069995,197.60167104166666,0.0,100.0,32.48925520833333,85.66169395833333,3.126403333333333,1059.12,165819.47,2690.48,0,0,0,0,1,1059.12,1615,3295250.370000001,156.56343945917368,2.5402976055593327,197.60167104166666,1059.33,1057.1685714285716,1056.6906666666666
2012-07-16,24.0,230.256390625,102.064650625,197.73397979166666,0.0,100.0,32.52241083333333,86.17876208333334,3.151393125,1059.44,165790.46,2694.0,0,0,0,0,1,1059.44,1616,3296309.810000001,156.48876765083438,2.542852827909084,197.73397979166666,1059.12,1057.54,1056.0963333333334
2012-07-17,24.0,230.36408979166666,102.05420333333333,197.858426875,0.0,100.0,32.505662916666665,85.646833125,3.146356875,1060.07,166065.91,2690.67,0,0,0,0,1,1060.07,1617,3297369.880000001,156.65560764855152,2.5382003075268615,197.858426875,1059.44,1058.44,1055.3976666666667
2012-07-18,24.0,230.307234375,102.04424416666667,197.79684833333334,0.0,100.0,32.51038604166666,85.85955333333334,3.133255625,1059.38,166864.32,2687.08,0,0,0,0,1,1059.38,1618,3298429.2600000007,157.51129906171533,2.536464724650267,197.79684833333334,1060.07,1059.2614285714285,1054.7343333333333
2012-07-19,24.0,229.96701510638297,101.9079625531915,197.48549234042554,0.0,97.91666666666667,32.48152276595745,86.19582787234043,3.109905319148936,1060.1,167131.62,2680.27,0,0,0,0,1,1060.1,1619,3299489.360000001,157.65646637109708,2.5283180831996983,197.48549234042554,1059.38,1059.75,1054.0233333333333
2012-07-20,24.0,230.19338958333333,102.02589479166667,197.720200625,0.0,100.0,32.47318895833333,86.435778125,3.1116229166666667,1058.66,166622.86,2695.5,0,0,0,0,1,1058.66,1620,3300548.020000001,157.39034250845407,2.546143237677819,197.720200625,1060.1,1059.442857142857,1057.616
2012-07-21,24.0,230.28643729166666,102.02146791666667,197.82116208333332,0.0,100.0,32.46527520833333,86.26277791666666,3.10523625,1058.52,165281.74,2691.62,0,0,0,0,1,1058.52,1621,3301606.540000001,156.14418244341155,2.5428144957109926,197.82116208333332,1058.66,1059.327142857143,1061.3636666666666
2012-07-22,24.0,230.46735958333332,102.01731479166666,198.07723625,9.209514375,100.0,32.390123333333335,84.26055208333334,3.03975375,1057.06,165624.5,2701.03,0,0,0,0,1,1057.06,1622,3302663.600000001,156.68410497038957,2.555228653056591,198.07723625,1058.52,1059.032857142857,1063.542
2012-07-23,24.0,230.55513,102.00842791666666,198.15150125,14.640725833333333,100.0,32.40362875,84.03004083333333,3.0475222916666667,1059.17,165953.17,2702.69,0,0,0,0,1,1059.17,1623,3303722.770000001,156.68227952075682,2.551705580784954,198.15150125,1057.06,1058.9942857142858,1065.131
2012-07-24,24.0,230.49903708333332,101.995704375,198.08432395833333,14.766604583333333,100.0,32.414713125,86.04261520833333,3.0674491666666666,1059.56,165978.81,2716.64,0,0,0,0,1,1059.56,1624,3304782.330000001,156.64880705198385,2.5639321982709804,198.08432395833333,1059.17,1058.9214285714286,1066.4803333333334
2012-07-25,24.0,230.39422270833333,101.98569041666667,197.92602958333333,14.857637291666666,100.0,32.468193125,86.62676333333333,3.1124420833333333,1056.78,165679.88,2714.8,0,0,0,0,1,1056.78,1625,3305839.110000001,156.778023808172,2.56893582391794,197.92602958333333,1059.56,1058.55,1067.5903333333333
2012-07-26,24.0,230.274756875,101.977234375,197.81767604166666,14.851236875,100.0,32.457080833333336,86.67281125,3.1065085416666665,1056.14,165248.04,2708.04,0,0,0,0,1,1056.14,1626,3306895.250000001,156.4641430113432,2.5640918817580998,197.8176760416667,1056.78,1057.9842857142858,1068.6789999999999
2012-07-27,24.0,230.18445729166666,101.96807604166666,197.820095,14.606957083333333,100.0,32.364362291666666,85.2021725,3.014278958333333,1052.55,165339.76,2693.4,0,0,0,0,1,1052.55,1627,3307947.8000000007,157.08494608332148,2.5589283169445634,197.82009499999998,1056.14,1057.1114285714286,1067.7463333333333
2012-07-28,24.0,230.268981875,101.963359375,197.904916875,14.681207291666666,100.0,32.364065,85.406469375,2.994970625,1049.12,165199.99,2670.87,0,0,0,0,1,1049.12,1628,3308996.920000001,157.4652947231966,2.5458193533628184,197.90491687500003,1052.55,1055.7685714285712,1066.5303333333334
2012-07-29,24.0,230.26892479166668,101.97239895833333,197.87667083333332,14.7016325,100.0,32.392253958333335,85.32688770833333,3.0311345833333334,1052.96,166101.25,2680.92,0,0,0,0,1,1052.96,1629,3310049.880000001,157.74697044522108,2.5460796231575746,197.87667083333335,1049.12,1055.1828571428573,1065.2896666666668
2012-07-30,24.0,230.453800625,101.97664833333333,197.966365,14.815950625,100.0,32.487435625,86.112353125,3.1151370833333334,1043.58,164565.48,2743.55,0,0,0,0,1,1043.58,1630,3311093.460000001,157.6932099120336,2.6289790912052746,197.966365,1052.96,1052.9557142857143,1063.7253333333333
2012-07-31,24.0,230.17540166666666,101.97226770833333,197.60783625,14.921366875,100.0,32.56756541666667,86.87491916666667,3.174453125,1048.94,165442.37,2748.05,0,0,0,0,1,1048.94,1631,3312142.400000001,157.72338741968082,2.6198352622647625,197.60783625,1043.58,1051.4385714285713,1062.0563333333334
2012-08-01,24.0,230.35278270833334,101.95575583333333,197.90508979166665,14.664258958333333,100.0,32.44769291666667,85.32969458333334,3.090973125,1045.63,161893.61,2751.15,0,0,0,0,1,1045.63,1632,3313188.0300000007,154.8287730841693,2.6310932165297474,197.90508979166668,1048.94,1049.8457142857144,1060.8509999999999
2012-08-02,24.0,230.2454075,101.943429375,197.82680958333333,14.603086875,100.0,32.41859791666667,85.55748125,3.0554883333333334,1043.62,163625.93,2744.62,0,0,0,0,1,1043.62,1633,3314231.650000001,156.78688603131408,2.6299036047603535,197.82680958333333,1045.63,1048.0571428571427,1059.6053333333334
2012-08-03,24.0,230.16782208333333,101.93175520833333,197.77773770833332,14.687171041666666,100.0,32.390084375,86.17396291666667,3.044248125,1042.26,163484.53,2726.49,0,0,0,0,1,1042.26,1634,3315273.9100000006,156.85580373419302,2.6159403603707325,197.77773770833335,1043.62,1046.587142857143,1058.3346666666666
2012-08-04,24.0,230.50999083333335,101.929946875,198.03427041666666,14.833886041666666,100.0,32.47572041666667,86.87354979166666,3.1012739583333335,1035.79,164001.71,2718.41,0,0,0,0,1,1035.79,1635,3316309.7000000007,158.33490379323993,2.6244798656098243,198.0342704166667,1042.26,1044.682857142857,1056.8323333333333
2012-08-05,24.0,230.85535166666668,101.93551979166666,198.358834375,14.841702291666667,100.0,32.49651729166666,86.81810979166667,3.115676458333333,1030.97,164001.71,2741.78,0,0,0,0,1,1030.97,1636,3317340.670000001,159.07515252626166,2.659417829810761,198.35883437500001,1035.79,1041.5414285714285,1055.1853333333333
2012-08-06,24.0,230.8414925,101.94130541666667,198.29202791666665,14.912720625,100.0,32.54946458333333,86.86932291666666,3.1586810416666666,1038.32,163614.28,2788.23,0,0,0,0,1,1038.32,1637,3318378.9900000007,157.57596887279453,2.685328222513291,198.29202791666665,1030.97,1040.79,1053.6753333333334
2012-08-07,24.0,230.841138125,101.92910875,198.30445979166666,14.800294166666667,100.0,32.536678333333334,86.85450520833334,3.15100875,1041.04,163534.7,2802.18,0,0,0,0,1,1041.04,1638,3319420.0300000007,157.08781603012375,2.6917121340198262,198.30445979166666,1038.32,1039.6614285714286,1052.328
2012-08-08,24.0,230.75361666666666,101.91755395833333,198.25295791666667,14.737453333333333,100.0,32.50065875,86.673791875,3.1324772916666666,1041.04,168966.68,2800.36,0,0,0,0,1,1041.04,1639,3320461.0700000008,162.30565588257895,2.689963882271575,198.25295791666667,1041.04,1039.0057142857142,1051.8013333333333
2012-08-09,24.0,230.66223791666667,101.90652,198.20235666666667,14.770133541666667,100.0,32.45988125,86.67827166666666,3.104068333333333,1036.49,162599.99,2792.59,0,0,0,0,1,1036.49,1640,3321497.560000001,156.87559937867223,2.694275873380351,198.20235666666667,1041.04,1037.9871428571428,1051.2253333333333
2012-08-10,24.0,230.40585833333333,101.89896645833333,198.08052104166666,14.749935416666666,100.0,32.32533729166666,86.69913,3.1011239583333334,1042.49,163591.18,2806.2,0,0,0,0,1,1042.49,1641,3322540.050000001,156.92350046523228,2.6918243820084604,198.08052104166666,1036.49,1038.02,1050.854
2012-08-11,24.0,230.29326458333333,101.895235,198.08227979166668,14.816312083333333,100.0,32.21098479166667,86.677874375,3.1084804166666666,1047.3,166423.31,2804.14,0,0,0,0,1,1047.3,1642,3323587.350000001,158.9070084980426,2.677494509691588,198.08227979166665,1042.49,1039.6642857142856,1050.5413333333333
2012-08-12,24.0,230.830553125,101.894258125,198.48676895833333,14.719108541666667,99.998988125,32.343784166666666,85.611539375,3.058635625,1042.36,164741.77,2840.36,0,0,0,0,1,1042.36,1643,3324629.710000001,158.04690318124258,2.72493188533712,198.48676895833333,1047.3,1041.2914285714285,1049.9263333333333
2012-08-13,0.625,252.892348,101.88657,206.739802,14.81258,7.777673333333333,46.152546,83.714672,17.2037,202.53,3754.12,0.0,0,0,0,1,1,7777.152,1644,3324832.2400000007,18.53611810595961,0.0,206.739802,1042.36,2003.9817142857141,1273.8537333333334
2012-08-15,0.0,294.16593,99.7099,290.40081,1.85601,1.1472577083333333,3.76512,15.93392,3.10949,0.0,0.0,0.0,1,0,0,0,2,0.0,1646,3324832.2400000007,,,290.40081,7777.152,1855.2617142857143,1238.5497333333333
2012-08-16,0.0,294.13878,99.55095,290.77073,1.62113,1.1752960416666667,3.36805,16.0648,3.18102,0.0,0.0,0.0,1,0,0,0,1,0.0,1647,3324832.2400000007,,,290.77073,0.0,1706.5417142857143,1203.2350666666669
2012-08-17,0.0,294.10809,99.44687,290.96874,0.14729,1.250165625,3.13935,15.63588,2.93398,0.0,0.0,0.0,1,0,0,0,1,0.0,1648,3324832.2400000007,,,290.96874,0.0,1558.4717142857141,1167.8994
2012-08-19,0.0,294.04687,99.29836,291.07681,0.0,1.13339125,2.97006,16.16172,2.72981,0.0,0.0,0.0,1,0,0,0,2,0.0,1650,3324832.2400000007,,,291.07681,0.0,1409.5445714285713,1132.5867333333333
2012-08-20,0.0,294.01694,99.22321,291.09309,0.0,1.2171483333333333,2.92385,16.06505,2.67372,0.0,0.0,0.0,1,0,0,0,1,0.0,1651,3324832.2400000007,,,291.09308999999996,0.0,1259.9302857142854,1097.2500666666667
2012-08-21,0.0,293.98774,99.15595,291.09194,0.0,1.1782858333333333,2.8958,15.85813,2.62598,0.0,0.0,0.0,1,0,0,0,1,0.0,1652,3324832.2400000007,,,291.09193999999997,0.0,1111.0217142857143,1061.9614
2012-08-22,0.0,293.95854,99.09608,291.08456,0.0,1.16339125,2.87398,15.64445,2.58292,0.0,0.0,0.0,1,0,0,0,1,0.0,1653,3324832.2400000007,,,291.08456,0.0,0.0,1026.6774
2012-08-23,0.0,293.93282,99.04389,291.08723,0.0,1.1666225,2.84559,15.3685,2.55238,0.0,0.0,0.0,1,0,0,0,1,0.0,1654,3324832.2400000007,,,291.08723,0.0,0.0,991.4420666666667
2012-08-24,0.0,293.90796,98.99471,291.05662,0.0,1.18334375,2.85134,15.54833,2.5376,0.0,0.0,0.0,1,0,0,0,1,0.0,1655,3324832.2400000007,,,291.05662,0.0,0.0,956.1363999999999
2012-08-25,0.0,293.88229,98.94997,291.03807,0.0,1.1425133333333333,2.84422,15.54675,2.51045,0.0,0.0,0.0,1,0,0,0,1,0.0,1656,3324832.2400000007,,,291.03807,0.0,0.0,920.8177333333333
2012-08-26,0.0,293.86049,98.90716,291.03249,0.0,1.065929375,2.828,14.94616,2.48981,0.0,0.0,0.0,1,0,0,0,1,0.0,1657,3324832.2400000007,,,291.03249000000005,0.0,0.0,885.5917333333333
2012-08-27,0.0,293.83848,98.86855,291.06692,0.0,0.915031875,2.77156,13.7212,2.45204,0.0,0.0,0.0,1,0,0,0,1,0.0,1658,3324832.2400000007,,,291.06692,0.0,0.0,850.3870666666667
2012-08-28,0.0,293.8176,98.8305,290.9971,0.0,0.9279295833333333,2.8205,15.0681,2.46527,0.0,0.0,0.0,1,0,0,0,1,0.0,1659,3324832.2400000007,,,290.99710000000005,0.0,0.0,815.3020666666666
2012-08-29,0.0,293.80003,98.79536,290.97173,0.0,1.0910035416666666,2.8283,15.3674,2.47216,0.0,0.0,0.0,1,0,0,0,1,0.0,1660,3324832.2400000007,,,290.97173,0.0,0.0,780.3314000000001
2012-08-30,0.0,293.99852,98.77092,291.25327,0.0,1.1340691666666667,2.74525,13.18047,2.37188,0.0,0.0,0.0,1,0,0,0,1,0.0,1661,3324832.2400000007,,,291.25327,0.0,0.0,745.2327333333332
2012-08-31,0.0,294.90902,98.76025,292.1915,0.0,1.1504847916666667,2.71752,12.47057,2.35058,0.0,0.0,0.0,1,0,0,0,1,0.0,1662,3324832.2400000007,,,292.1915,0.0,0.0,710.4467333333334
2012-09-01,0.0,295.85473,98.73658,293.12641,0.07853,0.9869145833333334,2.72832,13.38016,2.36628,0.0,0.0,0.0,1,0,0,0,1,0.0,1663,3324832.2400000007,,,293.12641,0.0,0.0,675.4820666666667
2012-09-02,0.0,123.51545,41.17146,120.79421,0.0,0.8162960416666667,2.72124,14.47605,2.35024,0.0,0.0,0.0,1,0,0,0,1,0.0,1664,3324832.2400000007,,,120.79421,0.0,0.0,640.6277333333334
2012-09-03,0.0,0.0,0.0,2.75204,0.0,0.8409654166666667,2.75204,14.66787,2.39112,0.0,0.0,0.0,1,0,0,0,1,0.0,1665,3324832.2400000007,,,-2.75204,0.0,0.0,605.8403999999999
2012-09-07,0.0,302.42182,98.63547,300.92118,0.0,0.186539375,1.50064,13.18464,1.07251,0.0,0.0,0.0,1,0,0,0,4,0.0,1669,3324832.2400000007,,,300.92118000000005,0.0,0.0,571.0984
2012-09-11,0.0,302.18561,98.56768,294.27839,0.0,0.275878125,7.90722,12.73329,7.45457,0.0,0.0,0.0,1,0,0,0,4,0.0,1673,3324832.2400000007,,,294.27839,0.0,0.0,536.5720666666667
2012-09-15,0.95833,292.53926143718763,99.35710082612461,195.671109349076,0.0,1.3046079166666666,96.86815208811161,13.738446313274133,74.19726249934783,0.0,0.0,0.0,0,0,0,0,4,0.0,1677,3324832.2400000007,,,195.671109349076,0.0,0.0,502.2064
2012-09-16,0.0,294.03811,98.47007,190.52195,0.0,1.2151266666666667,103.51616,13.25386,81.14632,0.0,0.0,0.0,1,0,0,0,1,0.0,1678,3324832.2400000007,,,190.52195,0.0,0.0,467.5957333333333
2012-09-17,0.0,293.89062,98.40151,187.95993,9.03078,1.2283214583333333,105.93069,12.55716,99.88272,0.0,0.0,0.0,1,0,0,0,1,0.0,1679,3324832.2400000007,,,187.95993,0.0,0.0,432.8944
2012-09-19,0.0,297.45212,98.46555,186.71916,9.89143,1.2165904166666666,110.73296,10.27832,103.78717,0.0,0.0,0.0,1,0,0,0,2,0.0,1681,3324832.2400000007,,,186.71916,0.0,0.0,398.19306666666665
2012-09-21,0.0,301.75855,98.44908,186.28599,9.88222,1.2458133333333334,115.47256,11.21038,107.34173,0.0,0.0,0.0,1,0,0,0,2,0.0,1683,3324832.2400000007,,,186.28599000000003,0.0,0.0,363.6434
2012-09-23,0.0,298.5782197066466,98.9505482383104,187.69593656380528,10.19176275394961,1.3894304166666667,110.88228314284132,12.563126874004809,68.1001647327004,0.0,0.0,0.0,1,0,0,0,2,0.0,1685,3324832.2400000007,,,187.6959365638053,0.0,0.0,328.89373333333333
2012-09-25,0.0,301.4794,98.48841,184.02168,9.74076,1.0881327083333334,117.45772,10.90281,88.47344,0.0,0.0,0.0,1,0,0,0,2,0.0,1687,3324832.2400000007,,,184.02168,0.0,0.0,293.9837333333333
2012-09-26,0.0,303.00178,98.45341,184.00512,9.76308,0.935640625,118.99666,11.70464,90.00719,0.0,0.0,0.0,1,0,0,0,1,0.0,1688,3324832.2400000007,,,184.00511999999998,0.0,0.0,259.2384
2012-09-27,0.0,303.08163,98.44068,183.91749,9.70769,1.02244375,119.16414,11.69348,90.24348,0.0,0.0,0.0,1,0,0,0,1,0.0,1689,3324832.2400000007,,,183.91749000000002,0.0,0.0,0.0
2012-09-29,5.825,234.56187364806868,101.43054802575108,176.47417836909872,20.185120128755365,15.688109583333333,58.08769527896996,52.04406841201717,23.43200600858369,416.68,56054.11,555.45,0,0,0,0,2,1716.7931330472104,1691,3325248.920000001,134.52555918210618,1.3330373428050304,176.47417836909872,0.0,245.2561618638872,57.226437768240345
2012-09-30,24.0,215.33284270833335,102.43152125,179.855696875,24.174555208333334,99.98930708333333,35.47714583333333,81.05694666666666,4.405487708333333,1238.4,189926.92,2362.74,0,0,0,0,1,1238.4,1692,3326487.3200000008,153.36476098191216,1.907897286821705,179.855696875,1716.7931330472104,422.17044757817297,98.50643776824036
2012-10-01,24.0,217.52711229166667,102.483155625,183.550870625,21.173051041666668,100.0,33.97624166666667,82.68019333333334,4.281246875,1200.19,183977.42,2587.12,0,0,0,0,1,1200.19,1693,3327687.5100000007,153.29024571109574,2.1555920312617167,183.55087062500002,1238.4,593.6261618638872,138.5127711015737
2012-10-02,24.0,216.94062770833332,102.43947770833333,182.68117645833334,20.25915125,100.0,34.25945125,82.55463541666667,4.421768541666666,1409.91,213712.85,2378.38,0,0,0,0,1,1409.91,1694,3329097.420000001,151.57907242306246,1.6869020008369329,182.6811764583333,1200.19,795.0418761496015,185.5097711015737
2012-10-03,24.0,217.832173125,102.36964604166667,183.920804375,20.67574125,100.0,33.91136875,82.983740625,4.379205625,1405.2,211887.25,2444.91,0,0,0,0,1,1405.2,1695,3330502.620000001,150.78796612581837,1.7399017933390264,183.920804375,1409.91,995.7847332924587,232.3497711015737
2012-10-04,24.0,217.561363125,102.40198583333333,183.50613895833334,21.175530625,100.0,34.05522416666667,84.55686541666667,4.509411666666667,1458.2,218131.42,2451.03,0,0,0,0,1,1458.2,1696,3331960.820000001,149.58950761212455,1.680859964339597,183.50613895833334,1405.2,1204.0990190067444,280.95643776824033
2012-10-05,24.0,217.51401104166666,102.43402645833334,183.43304541666666,21.46331354166667,100.0,34.080965625,84.71322208333333,4.531540416666667,1604.2,240499.46,2466.56,0,0,0,0,1,1604.2,1697,3333565.0200000014,149.9186261064705,1.5375638947762125,183.43304541666666,1458.2,1433.2704475781732,334.4297711015737
2012-10-06,24.0,218.200143125,102.439890625,184.15679729166666,21.64842,100.0,34.04334583333333,84.79067770833333,4.514673125,1599.06,241134.62,2475.57,0,0,0,0,1,1599.06,1698,3335164.0800000015,150.79773116706065,1.5481407827098421,184.1567972916667,1604.2,1416.4514285714286,387.7317711015737
2012-10-07,24.0,218.80449833333333,102.43945354166667,184.86402083333334,21.65384875,100.0,33.9404775,84.61838875,4.428572708333333,1584.57,240174.1,2484.21,0,0,0,0,1,1584.57,1699,3336748.6500000013,151.57052070908827,1.5677502413904087,184.8640208333333,1599.06,1465.9042857142856,440.5507711015737
2012-10-08,24.0,219.21417458333335,102.43408020833333,185.33307145833334,21.685145208333335,100.0,33.881103125,84.64834520833334,4.389119166666666,1577.9,238842.76,2478.45,0,0,0,0,1,1577.9,1700,3338326.550000001,151.36748843399454,1.5707269155206285,185.33307145833334,1584.57,1519.862857142857,493.14743776824037
2012-10-09,24.0,219.83831208333334,102.43430958333333,186.051849375,21.762698125,100.0,33.78646270833333,84.70997791666667,4.3008114583333334,1556.2,236657.75,2474.08,0,0,0,0,1,1556.2,1701,3339882.7500000014,152.07412286338516,1.5898213597224007,186.05184937500002,1577.9,1540.7614285714285,545.0207711015737
2012-10-10,24.0,220.76257958333332,102.429094375,186.92923145833333,22.24322875,100.0,33.833348125,85.56613354166667,4.340122291666667,1510.57,230969.49,2521.61,0,0,0,0,1,1510.57,1702,3341393.320000001,152.90220909987622,1.6693102603652927,186.92923145833333,1556.2,1555.814285714286,595.3731044349071
2012-10-11,24.0,223.38544833333333,102.37024375,189.2290025,22.59474,100.0,34.156445833333336,85.31627833333333,4.603353333333334,1534.8,232416.94,2588.48,0,0,0,0,1,1534.8,1703,3342928.120000001,151.43141777430284,1.6865259317174877,189.22900249999998,1510.57,1566.7571428571428,646.533104434907
2012-10-12,24.0,232.19382958333333,102.173974375,194.46896958333335,23.279508541666665,75.135501875,37.72486,86.788948125,8.218460625,1324.73,201006.77,2018.64,0,0,0,0,1,1324.73,1704,3344252.850000001,151.73414205158787,1.5238123995078243,194.46896958333332,1534.8,1526.8328571428572,690.6907711015737
2012-10-13,22.0,255.20565433391363,101.90442123597727,202.5171564307591,19.10335620135909,33.574476041666664,52.68849790315455,75.6283803316,17.977410532645454,549.57,86497.43,864.0,0,0,0,0,1,599.5309090909092,1705,3344802.420000001,157.39110577360478,1.5721382171515912,202.5171564307591,1324.73,1384.042987012987,710.6751347379374
2012-10-14,5.175,240.90350898550724,102.05940835748792,197.3712586956522,23.162884009661834,11.264247708333333,43.53225028985507,87.27395782608696,14.288426280193237,205.63,22184.21,146.47,0,0,0,0,1,953.6463768115942,1706,3345008.0500000007,107.88411224043185,0.7122987890871955,197.37125869565216,599.5309090909092,1293.9110408432148,742.4633472983238
2012-10-19,7.0,264.88879357360946,100.6058508479338,196.71427849719697,8.960534390874535,22.0,68.17451507641248,48.186737485493545,26.986114698853495,187.55,31348.09,374.42,0,0,0,0,5,643.0285714285715,1711,3345195.6000000006,167.14524126899494,1.9963743001866168,196.71427849719697,953.6463768115942,1160.357979618725,763.8976330126095
2012-10-20,24.0,239.36591770833334,102.17556375,195.23488875,21.261565416666667,46.015125833333336,44.13102895833333,86.49560083333333,14.715947916666666,891.56,134483.5,1309.26,0,0,0,0,1,891.56,1712,3346087.1600000006,150.84066131275517,1.468504643546144,195.23488875,643.0285714285715,1065.4094081901535,793.6162996792762
2012-10-21,24.0,238.98884895833334,102.10352520833334,196.56714791666667,23.234219791666668,48.06322083333333,42.421701041666665,87.66596666666666,13.004032916666667,943.69,143054.21,1394.95,0,0,0,0,1,943.69,1713,3347030.8500000006,151.59025739384754,1.4781866926639045,196.56714791666667,891.56,984.4265510472964,825.0726330126095
2012-10-22,24.0,239.11304895833334,102.00897,196.37871625,22.710971875,47.91420291666667,42.73433270833333,87.73764583333333,13.411368541666667,1370.22,208314.79,2786.25,0,0,0,0,1,1370.22,1714,3348401.0700000008,152.03017763570813,2.033432587467706,196.37871625,943.69,960.9151224758679,870.7466330126095
2012-10-23,24.0,240.66997770833333,101.903178125,197.27240791666668,22.638510833333335,47.228458125,43.39756979166667,87.84868916666667,13.684908958333333,1368.18,208974.11,2674.42,0,0,0,0,1,1368.18,1715,3349769.250000001,152.7387551345583,1.9547281790407693,197.27240791666668,1370.22,967.1222653330107,916.3526330126095
2012-10-24,24.0,240.70202208333333,101.81205333333334,197.31011729166667,22.531235,47.147513958333334,43.39190479166667,87.957258125,13.603826666666667,1374.62,208463.18,2676.02,0,0,0,0,1,1374.62,1716,3351143.870000001,151.6514964135543,1.9467343702259534,197.31011729166667,1368.18,1077.8492783200236,962.1732996792762
2012-10-25,24.0,240.580305,101.77982395833334,197.38783416666666,22.253576458333335,47.254032708333334,43.19247083333333,87.52675895833333,13.403798541666667,1360.57,207551.24,2677.31,0,0,0,0,1,1360.57,1717,3352504.440000001,152.54727062922157,1.9677855604636292,197.38783416666666,1374.62,1135.981224489796,1007.5256330126095
2012-10-26,24.0,239.07349958333333,101.77464083333334,196.878439375,22.092172291666667,48.124952291666666,42.19506020833333,87.305176875,12.426711666666666,1344.8,206033.08,2636.77,0,0,0,0,1,1344.8,1718,3353849.2400000007,153.20722784057108,1.9607153480071386,196.878439375,1360.57,1236.2342857142855,1052.352299679276
2012-10-27,24.0,237.37128875,101.782098125,196.45376604166665,22.222099375,49.801480833333336,40.91752270833334,87.553913125,11.156114791666667,1345.2,205168.37,2606.06,0,0,0,0,1,1345.2,1719,3355194.440000001,152.5188596491228,1.937303003270889,196.45376604166665,1344.8,1301.0400000000002,1097.1922996792762
2012-10-28,24.0,235.8228812,101.778838,196.1653766,22.2258662,51.4188048,39.6575046,87.01325,9.8798106,1384.85,212120.95,2652.04,0,0,0,0,1,1384.85,1720,3356579.290000001,153.17250965808574,1.91503772971802,196.1653766,1345.2,1364.0628571428572,1143.3539663459428
2012-10-29,24.0,234.87726854166667,101.77029333333333,195.94850479166666,22.253786666666667,53.079665625,38.92876375,87.755433125,9.16583,1315.01,201153.08,2552.49,0,0,0,0,1,1315.01,1721,3357894.3000000007,152.96695842617166,1.9410422734427875,195.94850479166666,1384.85,1356.1757142857143,1187.1876330126097
2012-10-30,24.0,234.59783270833333,101.76028854166667,196.17519270833333,22.284046041666667,54.051226875,38.42264,87.25912395833333,8.668214166666667,1274.53,195614.42,2668.47,0,0,0,0,1,1274.53,1722,3359168.8300000005,153.4796513224483,2.093689438459667,196.17519270833333,1315.01,1342.797142857143,1229.671966345943
2012-10-31,24.0,234.36197354166666,101.742456875,196.54600708333334,22.07614,55.7420325,37.815966458333335,85.51367229166667,8.044385208333333,1262.51,194686.36,2673.41,0,0,0,0,1,1262.51,1723,3360431.3400000003,154.20579638973155,2.1175357026875035,196.54600708333334,1274.53,1326.7814285714287,1271.7556330126095
2012-11-01,24.0,234.48084375,101.71365916666667,196.983875625,22.050160625,57.064944375,37.496968125,85.83773104166667,7.710931041666667,1254.44,193423.5,2679.33,0,0,0,0,1,1254.44,1724,3361685.7800000003,154.19111316603423,2.1358773636044766,196.983875625,1262.51,1311.6200000000001,1313.570299679276
2012-11-02,24.0,234.29483354166666,101.69966770833334,197.04320604166668,22.151280625,57.35145125,37.2516275,86.58447479166666,7.488506875,1237.46,191191.7,2829.04,0,0,0,0,1,1237.46,1725,3362923.24,154.50333748161557,2.2861668255943624,197.04320604166668,1254.44,1296.2857142857142,1297.5925285777023
2012-11-03,24.0,233.93520145833332,101.68398479166666,197.03802770833335,22.387532916666668,58.602684375,36.89717375,88.0143625,7.121880833333333,1230.31,189772.61,2827.69,0,0,0,0,1,1230.31,1726,3364153.5500000003,154.24779933512693,2.2983556989701786,197.03802770833332,1237.46,1279.8728571428571,1297.3228619110357
2012-11-04,24.0,234.4464575,101.64916895833333,197.53426604166665,22.428561458333334,59.11553541666667,36.91219145833333,88.12996541666666,7.12843375,1221.89,188770.05,2838.8,0,0,0,0,1,1221.89,1727,3365375.4400000004,154.49021597688824,2.323286056846361,197.53426604166668,1230.31,1256.5928571428572,1298.0461952443693
2012-11-05,24.0,235.74945895833332,101.61687083333334,198.30281916666667,22.408525625,56.960006666666665,37.44663979166667,88.071055625,7.6897025,1204.86,190634.33,2792.14,0,0,0,0,1,1204.86,1728,3366580.3000000003,158.22114602526435,2.317397871951928,198.30281916666667,1221.89,1240.857142857143,1291.211195244369
2012-11-06,24.0,237.191913125,101.60811083333333,199.19375,22.371530208333333,55.20691708333333,37.998163125,87.499681875,8.245209791666667,1182.33,187678.52,2803.86,0,0,0,0,1,1182.33,1729,3367762.6300000004,158.7361565721922,2.371469894191977,199.19375000000002,1204.86,1227.685714285714,1283.7821952443692
2012-11-07,24.0,237.51964541666666,101.61042645833334,199.69718729166667,22.435418333333335,56.132129375,37.822458125,87.083764375,8.063154791666667,1186.89,188217.72,2846.56,0,0,0,0,1,1186.89,1730,3368949.5200000005,158.58059297828777,2.3983351447901655,199.69718729166667,1182.33,1216.8828571428571,1274.7385285777025
2012-11-08,24.0,237.91259458333334,101.61497875,200.084911875,22.635164375,56.507216041666666,37.827682708333334,87.90167125,8.046116666666666,1191.54,188764.44,2875.47,0,0,0,0,1,1191.54,1731,3370141.0600000005,158.42056498313107,2.413238330228108,200.08491187500002,1186.89,1207.8971428571426,1260.983195244369
2012-11-09,24.0,239.89034625,101.59318104166667,201.18096875,22.582461458333334,53.500805,38.7093775,86.60417645833333,8.957975833333334,1176.47,188933.75,2890.39,0,0,0,0,1,1176.47,1732,3371317.5300000007,160.5937677968839,2.456832728416364,201.18096874999998,1191.54,1199.1842857142858,1246.8968619110358
2012-11-10,24.0,242.28349229166668,101.56907083333333,202.15549604166668,22.719296041666666,49.84368520833333,40.12799625,86.89853104166667,10.385292708333333,1166.55,184401.14,2909.03,0,0,0,0,1,1166.55,1733,3372484.0800000005,158.07392739273928,2.493703656079894,202.15549604166668,1176.47,1190.0757142857144,1232.962861911036
2012-11-11,24.0,242.98148,101.55924208333333,202.37768520833333,22.843614583333334,49.11746625,40.603794791666665,88.055255625,10.865451041666667,1163.63,182116.81,2936.11,0,0,0,0,1,1163.63,1734,3373647.7100000004,156.50748949408316,2.5232333301822742,202.37768520833333,1166.55,1181.7528571428572,1219.1538619110358
2012-11-12,24.0,242.96695166666666,101.55829666666666,202.38897666666668,22.831450833333335,49.22414104166667,40.577975,87.61107708333333,10.86365625,1167.89,182830.16,2938.97,0,0,0,0,1,1167.89,1735,3374815.6000000006,156.54741456815282,2.5164784354690934,202.38897666666665,1163.63,1176.4714285714285,1206.2101952443693
2012-11-13,24.0,243.10777708333333,101.55690083333333,202.52468770833335,22.70053125,49.050893125,40.583089375,86.742791875,10.870389583333333,1168.8,183292.19,2934.08,0,0,0,0,1,1168.8,1736,3375984.4000000004,156.82083333333335,2.5103353867214238,202.52468770833332,1167.89,1174.5385714285715,1194.817861911036
2012-11-14,24.0,243.09639791666666,101.55953333333333,202.46685625,22.855124791666668,48.96068708333333,40.62954166666667,87.79203645833333,10.899037083333333,1169.13,182577.34,2929.33,0,0,0,0,1,1169.13,1737,3377153.5300000003,156.16513133697705,2.505563966368154,202.46685624999998,1168.8,1172.0014285714285,1182.6288619110358
2012-11-15,24.0,243.290806875,101.556645625,202.63346,22.872955208333334,49.006063125,40.657346875,87.456380625,10.933669166666666,1170.96,183157.26,2941.85,0,0,0,0,1,1170.96,1738,3378324.49,156.41632506661202,2.512340301974448,202.63345999999999,1169.13,1169.0614285714287,1177.503195244369
2012-11-16,24.0,243.4521670212766,101.55464212765958,202.84446425531914,22.814796170212766,48.141491458333334,40.60770276595745,86.85839446808511,10.87077170212766,1180.1,184773.8,2975.42,0,0,0,0,1,1180.1,1739,3379504.5900000003,156.57469705957124,2.5213287009575462,202.84446425531917,1170.96,1169.5800000000002,1196.855498274672
2012-11-17,24.0,243.46423354166666,101.56079020833333,202.79807333333332,22.897385416666665,49.0523175,40.66616020833333,87.55722041666667,10.93759625,1167.93,182807.06,2874.11,0,0,0,0,1,1167.93,1740,3380672.5200000005,156.5222744513798,2.460858099372394,202.79807333333332,1180.1,1169.777142857143,1203.9982857142857
2012-11-18,24.0,243.62776208333332,101.562271875,202.90321166666666,22.790244583333333,48.914530416666665,40.724550416666666,86.96282083333334,10.99167375,1163.83,182112.31,2929.46,0,0,0,0,1,1163.83,1741,3381836.3500000006,156.47672770078105,2.5170858286863202,202.90321166666666,1167.93,1169.8057142857144,1221.3583333333333
2012-11-19,24.0,243.66247291666667,101.56874083333334,203.157195625,22.702744791666667,49.21065395833333,40.505277291666665,85.96785625,10.787838333333333,1159.98,182752.58,2942.66,0,0,0,0,1,1159.98,1742,3382996.3300000005,157.5480439317919,2.5368196003379366,203.157195625,1163.83,1168.6757142857143,1230.3056666666669
2012-11-20,24.0,243.75574770833333,101.57420958333333,203.28213270833334,22.845494791666667,49.105884583333335,40.473615,86.51135416666666,10.747330208333333,1157.19,182015.84,2943.55,0,0,0,0,1,1157.19,1743,3384153.5200000005,157.2912313448958,2.5437050095489937,203.28213270833334,1159.98,1167.0171428571427,1237.4223333333332
2012-11-21,24.0,243.99591583333333,101.5633,203.49064125,22.980851458333333,49.096013125,40.50527458333333,87.24488125,10.789014375,1157.2,181277.28,2914.28,0,0,0,0,1,1157.2,1744,3385310.7200000007,156.65164189422742,2.51838921534739,203.49064125,1157.19,1165.3128571428572,1230.3216666666667
2012-11-22,24.0,244.01701208333333,101.555483125,203.63901416666667,22.889483958333333,49.14110604166667,40.377997916666665,86.76919958333333,10.661362083333334,1147.42,180752.62,2911.82,0,0,0,0,1,1147.42,1745,3386458.1400000006,157.52960554984224,2.537710690069896,203.63901416666667,1157.2,1161.95,1222.963
2012-11-23,24.0,243.91676583333333,101.55236166666667,203.60796916666666,22.803740625,49.065687708333336,40.308796666666666,86.21098458333333,10.573073333333333,1143.52,180055.37,2905.42,0,0,0,0,1,1143.52,1746,3387601.6600000006,157.45712361830138,2.5407688540646425,203.60796916666666,1147.42,1156.7242857142858,1215.2596666666664
2012-11-24,24.0,243.93975765957447,101.54454170212766,203.66919319148937,22.9302814893617,48.05672479166667,40.270564468085105,87.34309893617021,10.553235744680851,1144.66,179114.44,2923.33,0,0,0,0,1,1144.66,1747,3388746.3200000008,156.47829049674138,2.5538849964181503,203.66919319148937,1143.52,1153.4,1208.0626666666665
2012-11-25,24.0,243.15261854166667,101.55055270833333,203.5585025,22.6928025,50.40123208333333,39.594116041666666,86.49292416666667,9.8856075,1134.68,178773.04,2907.47,0,0,0,0,1,1134.68,1748,3389881.000000001,157.55370677195333,2.562370007402968,203.5585025,1144.66,1149.2357142857143,1201.0586666666668
2012-11-26,24.0,243.453334375,101.548435,203.96876166666667,22.939453958333335,51.09547083333333,39.48457270833333,88.22808854166666,9.75488,1135.03,179806.73,2917.74,0,0,0,0,1,1135.03,1749,3391016.0300000007,158.41583922891908,2.5706280891253974,203.96876166666667,1134.68,1145.6714285714286,1194.0529999999999
2012-11-27,24.0,243.66419416666668,101.48476520833333,204.18553375,23.061915833333334,51.1328875,39.47866041666666,88.44222166666667,9.7498875,1102.77,174307.74,3011.14,0,0,0,0,1,1102.77,1750,3392118.8000000007,158.06354906281453,2.730524043998295,204.18553375000002,1135.03,1137.8971428571429,1184.6503333333335
2012-11-28,24.0,244.49736333333334,101.56318854166666,204.90854104166667,23.097322708333333,50.62383625,39.588822291666666,88.35133125,9.883495833333333,1090.23,172320.06,3044.27,0,0,0,0,1,1090.23,1751,3393209.0300000007,158.05844638287334,2.792319051943168,204.90854104166667,1102.77,1128.3300000000002,1177.1576666666665
2012-11-29,24.0,244.75256166666668,101.55921416666666,205.17253375,23.225118125,50.22836145833333,39.580027916666666,88.41367520833333,9.904462083333334,1081.38,170148.18,3041.64,0,0,0,0,1,1081.38,1752,3394290.4100000006,157.34356100538199,2.812739277589746,205.17253375,1090.23,1118.8957142857143,1170.7193333333335
2012-11-30,24.0,244.86408208333333,101.54776583333333,205.39055729166665,23.228479375,50.300958125,39.47352479166667,88.41214354166667,9.785753541666667,1072.59,168906.74,3011.68,0,0,0,0,1,1072.59,1753,3395363.0000000005,157.47558713021752,2.8078576156779387,205.39055729166665,1081.38,1108.7628571428572,1164.3886666666667
2012-12-01,24.0,244.52869895833334,101.54162875,205.42478291666666,23.087920625,50.86614208333334,39.103916041666665,88.24132104166667,9.496524791666667,1066.9,169702.53,3052.22,0,0,0,0,1,1066.9,1754,3396429.9000000004,159.06132720967287,2.860830443340519,205.4247829166667,1072.59,1097.6542857142856,1158.1373333333333
2012-12-02,24.0,244.02236833333333,101.538855,205.44443916666665,23.052116041666668,52.01125125,38.577929166666664,88.10087979166667,9.009468541666667,1061.33,169619.33,3033.3,0,0,0,0,1,1061.33,1755,3397491.2300000004,159.81770985461637,2.8580177701563136,205.44443916666665,1066.9,1087.1757142857143,1152.2663333333335
2012-12-03,24.0,243.35663375,101.533718125,205.492154375,22.896074166666665,54.059736875,37.864479375,87.74299354166666,8.123839583333334,1054.37,169304.54,3004.62,0,0,0,0,1,1054.37,1756,3398545.6000000006,160.57412483283858,2.8496827489401255,205.49215437499998,1061.33,1075.652857142857,1146.4016666666669
2012-12-04,24.0,243.52330270833335,101.52835520833334,205.74641625,22.973024791666667,54.19711041666667,37.77688645833334,87.954854375,8.25596125,1056.65,168469.75,3013.33,0,0,0,0,1,1056.65,1757,3399602.2500000005,159.43760942601617,2.8517768419060237,205.74641625,1054.37,1069.0642857142857,1140.8936666666666
2012-12-05,24.0,243.221091875,101.52754541666667,205.83128625,22.953221666666668,55.197748125,37.389805625,87.97494270833333,7.947266458333333,1084.08,172523.38,3247.61,0,0,0,0,1,1084.08,1758,3400686.3300000005,159.1426647479891,2.995729097483581,205.83128625,1056.65,1068.1857142857143,1136.8676666666665
2012-12-06,24.0,242.94348791666667,101.5312275,206.01640875,23.003342708333335,57.21829458333333,36.927079166666665,87.34756729166666,7.246523333333333,1054.22,167848.95,3110.13,0,0,0,0,1,1054.22,1759,3401740.5500000007,159.2162451860143,2.9501716909184044,206.01640875,1084.08,1064.3057142857142,1132.5973333333336
2012-12-07,24.0,242.660253125,101.53540875,206.11583104166667,22.876183125,58.72519729166667,36.54442208333333,87.171748125,6.8472389583333335,1056.74,166730.15,3133.73,0,0,0,0,1,1056.74,1760,3402797.290000001,157.77783560762344,2.965469273425819,206.11583104166667,1054.22,1062.0414285714285,1128.2590000000002
2012-12-08,24.0,242.81777604166666,101.53487791666667,206.36318104166668,23.04554,59.019982291666665,36.454595,87.41972604166666,6.769045833333333,1053.23,167185.47,3157.13,0,0,0,0,1,1053.23,1761,3403850.520000001,158.73595510952023,2.9975693818064433,206.36318104166668,1056.74,1060.0885714285714,1123.6486666666667
2012-12-09,24.0,243.03229291666668,101.53336,206.516375625,23.122958125,58.964716458333335,36.51591729166667,88.00064604166667,6.781617291666667,1051.23,166834.11,3186.3,0,0,0,0,1,1051.23,1762,3404901.750000001,158.7037185011843,3.0310208042007933,206.51637562500002,1053.23,1058.6457142857143,1119.474
2012-12-10,24.0,242.51281416666666,101.53300854166666,206.29334375,23.173156458333334,59.808540625,36.21947041666667,88.37610604166667,6.5174070833333335,1052.29,166767.33,3174.31,0,0,0,0,1,1052.29,1763,3405954.040000001,158.48039038668048,3.0165733780611808,206.29334375,1051.23,1058.3485714285714,1115.6653333333334
2012-12-11,23.33333,247.27830548494794,101.47840241647035,208.00484806972688,22.687996698653816,51.928491666666666,39.27345741522106,87.1773247047721,9.563520552021508,902.0,147278.13,2881.04,0,0,0,0,1,927.7715611102229,1764,3406856.040000001,163.27952328159645,3.1940576496674056,208.00484806972688,1052.29,1039.937365872889,1107.803385370341
2012-12-12,11.29167,243.96101717122446,101.52392561958506,206.8324720334813,23.179524293775856,27.282715,37.12854513774313,88.1361284035311,7.890036955038537,425.98,70994.13,1261.47,0,0,0,0,1,905.4037179620021,1765,3407282.020000001,166.66071177050566,2.961336212967745,206.83247203348134,927.7715611102229,1014.4121827246036,1099.053842635741
2012-12-13,15.20833,255.02444559103466,101.3322165921176,213.23886697519714,18.304860614091094,28.521093125,41.78557861583751,74.01273424324695,14.421812791194036,420.57,69463.45,1810.63,0,0,0,0,1,663.6941728644763,1766,3407702.590000001,165.16501414746654,4.305181063794374,213.23886697519714,905.4037179620021,958.6227788481002,1082.2169817312235
2012-12-14,23.45833,242.1934519151065,101.55815401349543,206.78139389089506,22.952014654376505,61.10549270833334,35.41205802421144,84.9473830584658,6.46812478878505,891.26,143308.6,3022.63,0,0,0,0,1,911.8398453768874,1767,3408593.8500000006,160.7932589816664,3.391412158068353,206.78139389089506,663.6941728644763,937.9227567590841,1073.6406432437864
2012-12-15,13.70833,250.8894859763516,101.43463499844985,210.9421553023016,20.284948633794198,27.739822291666666,39.947330674050015,78.81208462173,10.923778229988628,478.05,77281.62,1732.08,0,0,0,0,1,836.9509633923316,1768,3409071.9000000004,161.6601192343897,3.623219328522121,210.9421553023016,911.8398453768874,907.0257515294172,1062.5070086901974
2012-12-16,24.0,240.9481543542374,101.52645882721143,206.44191392121917,23.252050576646397,66.01756395833333,34.50624043301825,87.51433105094632,5.434545940565361,972.11,157318.59,3169.76,0,0,0,0,1,972.11,1769,3410044.0100000002,161.83208690374545,3.260700949481026,206.44191392121917,836.9509633923316,895.72289438656,1055.5740086901974
2012-12-17,24.0,240.35555791666667,101.52947979166666,206.04218270833334,23.34856375,68.04594666666667,34.31337520833333,87.61952291666667,5.2158010416666665,987.77,159979.32,3171.92,0,0,0,0,1,987.77,1770,3411031.7800000003,161.96009192423338,3.2111928890328723,206.04218270833334,972.11,886.5057515294172,1049.5686753568639
2012-12-18,24.0,240.37373479166666,101.49287604166666,206.05470458333335,23.201208125,68.14036708333333,34.31903020833333,87.16541979166666,5.219573125,992.03,160916.2,3147.65,0,0,0,0,1,992.03,1771,3412023.81,162.209005776035,3.1729383183976294,206.05470458333332,987.77,895.685528513671,1043.8420086901974
2012-12-19,24.0,240.10280395833334,101.48846875,205.830495625,23.049198125,68.224919375,34.272308333333335,85.820180625,5.081785625,999.01,162253.56,3140.34,0,0,0,0,1,999.01,1772,3413022.82,162.41435020670463,3.1434520174973226,205.830495625,992.03,909.0578545190994,1038.4763420235308
2012-12-20,24.0,240.09124666666668,101.48289208333334,205.808410625,22.83982895833333,68.21459875,34.28283604166667,85.00925458333333,5.0858372916666665,1036.59,167953.02,3090.15,0,0,0,0,1,1036.59,1773,3414059.4099999997,162.02454200792985,2.9810725552050474,205.80841062500002,999.01,962.3286869670313,1034.4563420235306
2012-12-21,24.0,240.597683125,101.473424375,206.19331479166667,22.822849791666666,68.23803479166666,34.40436833333333,85.36069875,5.192336666666667,1037.92,168678.01,3097.35,0,0,0,0,1,1037.92,1774,3415097.3299999996,162.5154250809311,2.9841895329119774,206.19331479166667,1036.59,980.340137627476,1030.4803420235305
2012-12-22,24.0,241.02049479166666,101.46659666666666,206.58287666666666,22.730363541666666,68.258389375,34.437618125,84.68204,5.206210416666667,1041.77,168798.13,3127.95,0,0,0,0,1,1041.77,1775,3416139.0999999996,162.03013141096403,3.0025341486124577,206.58287666666666,1037.92,1009.6,1026.958675356864
2012-12-23,24.0,241.716659375,101.459144375,206.98239833333332,22.605522708333332,66.04296083333334,34.73426104166667,84.587900625,5.483206666666667,1040.31,168482.76,3056.35,0,0,0,0,1,1040.31,1776,3417179.4099999997,161.95437898318772,2.9379223500687295,206.98239833333332,1041.77,1019.342857142857,1023.5183420235306
2012-12-24,24.0,242.11813270833332,101.44903,206.97009416666666,22.995496041666666,62.93003541666667,35.148038541666665,87.09847270833333,5.893956666666667,1039.18,168092.06,3371.1,0,0,0,0,1,1039.18,1777,3418218.59,161.7545179853346,3.2440000769837756,206.97009416666666,1040.31,1026.6871428571428,1020.0023420235307
2012-12-25,24.0,241.846291875,101.44103166666666,206.79804708333333,23.105437708333334,62.98919645833333,35.04824479166667,87.7445525,5.799799166666666,1043.8,168340.59,3347.81,0,0,0,0,1,1043.8,1778,3419262.3899999997,161.27667177620233,3.2073289902280133,206.79804708333333,1039.18,1034.0828571428572,1016.9730086901974
2012-12-26,24.0,241.64584875,101.43289104166666,206.638459375,23.040528958333333,63.091684375,35.007389375,88.33242729166666,5.755835416666667,1040.77,167861.61,3328.25,0,0,0,0,1,1040.77,1779,3420303.1599999997,161.28598057207643,3.19787272884499,206.638459375,1043.8,1040.0485714285714,1013.8310086901973
2012-12-27,24.0,241.636178125,101.418250625,206.66994333333332,22.891753958333332,63.23328479166667,34.966234791666665,88.1749525,5.73820625,1039.24,167658.31,3322.35,0,0,0,0,1,1039.24,1780,3421342.4,161.3278068588584,3.196903506408529,206.66994333333332,1040.77,1040.4271428571428,1011.7133420235307
2012-12-28,24.0,241.73595229166668,101.40226041666666,206.944479375,22.637019375,63.25755770833333,34.79147291666666,86.045358125,5.587185,1034.83,168293.29,3325.92,0,0,0,0,1,1034.83,1781,3422377.23,162.62892455765683,3.213977174994927,206.94447937500001,1039.24,1039.9857142857143,1009.866675356864
2012-12-29,24.0,241.90700604166668,101.39343041666666,207.10526020833333,22.7308675,63.134395,34.801745833333335,86.13088270833333,5.57238625,1038.65,169379.96,3290.56,0,0,0,0,1,1038.65,1782,3423415.88,163.07703268666054,3.168112453665816,207.10526020833333,1034.83,1039.54,1008.4423420235307
2012-12-30,24.0,241.99968854166667,101.4024225,207.29830229166666,22.749619166666665,64.48677583333334,34.70138625,85.70850020833333,5.461021041666666,1034.91,168974.68,3334.86,0,0,0,0,1,1034.91,1783,3424450.79,163.27475819153355,3.2223671623619445,207.2983022916667,1038.65,1038.7685714285712,1007.1863420235308
2012-12-31,24.0,242.23154083333333,101.404626875,207.59394833333334,22.820982916666665,65.21420770833333,34.6375925,86.50745458333333,5.380351666666667,1035.1,168597.48,3380.61,0,0,0,0,1,1035.1,1784,3425485.89,162.8803787073713,3.2659743019998073,207.59394833333334,1034.91,1038.1857142857143,1006.1263420235306
2013-01-01,24.0,242.397950625,101.38875666666667,207.67523854166666,22.862334166666667,65.199154375,34.722712083333334,87.941485,5.433384375,1030.1,166914.84,3386.83,0,0,0,0,1,1030.1,1785,3426515.99,162.03751092126979,3.287865255800408,207.67523854166666,1035.1,1036.2285714285715,1005.0853420235306
2013-01-02,24.0,242.78351375,101.36709083333334,207.86897895833334,22.827214791666666,65.20401479166667,34.91453479166667,87.622629375,5.242975,1005.13,164073.57,3350.08,0,0,0,0,1,1005.13,1786,3427521.12,163.23616845582166,3.3329818033488205,207.86897895833334,1030.1,1031.1371428571426,1003.4440086901974
2013-01-03,24.0,242.16209104166666,101.36490375,207.62550520833332,22.80159,65.22876895833333,34.53658583333333,88.26014666666667,5.336733541666667,1038.14,167757.34,3337.35,0,0,0,0,1,1038.14,1787,3428559.2600000002,161.59413951875467,3.21473982314524,207.62550520833332,1005.13,1030.98,1002.8270086901973
2013-01-04,24.0,241.912158125,101.35785020833333,207.515863125,22.797235416666666,65.783123125,34.396295,88.2348475,5.219851458333333,985.25,159033.76,3201.46,0,0,0,0,1,985.25,1788,3429544.5100000002,161.41462572951028,3.2493884800811976,207.51586312499998,1038.14,1023.8971428571429,999.532675356864
2013-01-05,24.0,241.37159208333333,101.35343645833333,207.435384375,22.77503,68.98314625,33.936207708333335,87.70638458333333,4.745286666666667,988.97,160441.97,3189.42,0,0,0,0,1,988.97,1789,3430533.4800000004,162.23138214506,3.2249916579876032,207.43538437499998,985.25,1016.8000000000001,997.357675356864
2013-01-06,24.0,241.23065468085107,101.35684520833334,207.54121914893616,22.81240255319149,71.91100270833333,33.689435531914896,88.37454872340426,4.481756808510639,984.48,161396.18,3210.04,0,0,0,0,1,984.48,1790,3431517.9600000004,163.94053713635623,3.2606452137168858,207.5412191489362,988.97,1009.5957142857143,994.9490086901973
2013-01-07,24.0,234.60724854166668,98.49718333333334,201.05668208333333,22.809624375,75.15883,33.550566458333336,87.61690625,4.325488958333334,987.23,160843.03,3225.76,0,0,0,0,1,987.23,1791,3432505.1900000004,162.92356391114532,3.267485793584069,201.05668208333333,984.48,1002.7571428571429,992.7490086901973
2013-01-08,24.0,241.64050872340425,101.35544,208.04806340425532,22.897664042553192,73.70549625,33.592445319148936,88.31373489361702,4.367350212765958,990.4,160154.0,3315.08,0,0,0,0,1,990.4,1792,3433495.5900000003,161.70638126009695,3.3472132471728595,208.04806340425532,987.23,997.0857142857143,990.7213420235307
2013-01-09,24.0,241.80215520833335,101.33337916666666,208.16451041666667,22.764994583333333,75.32040979166666,33.637644791666666,88.42066916666667,4.423694583333333,991.65,160039.15,3299.18,0,0,0,0,1,991.65,1793,3434487.24,161.38672918872587,3.326960116976756,208.16451041666667,990.4,995.1600000000001,988.7000086901973
2013-01-10,24.0,241.8410675,101.31896354166666,208.2563025,22.677226458333333,75.30807354166667,33.584765,88.082655625,4.378574583333333,987.96,160249.24,3280.56,0,0,0,0,1,987.96,1794,3435475.2,162.2021539333576,3.320539293088789,208.2563025,991.65,987.9914285714286,990.7062899865233
2013-01-11,24.0,242.328766875,101.30034145833334,208.42161041666665,22.64465375,75.259671875,33.90715645833333,87.72921854166667,4.238027708333333,964.48,156952.5,3250.93,0,0,0,0,1,964.48,1795,3436439.68,162.73276791639017,3.3706556901128066,208.42161041666668,987.96,985.0242857142857,992.6754993877898
2013-01-12,24.0,241.7905525,101.29654041666667,208.26912979166667,22.390832291666666,75.33502291666667,33.52142270833333,86.99587354166667,4.2745125,977.72,159380.64,3259.46,0,0,0,0,1,977.72,1796,3437417.4000000004,163.01255983308104,3.3337356298326717,208.26912979166667,964.48,983.4171428571428,1003.1430269589739
2013-01-13,24.0,241.53877125,101.28282770833333,208.13801395833335,22.365397708333333,75.45427729166667,33.400757291666665,87.098883125,4.195893541666667,973.7,159458.0,3281.21,0,0,0,0,1,973.7,1797,3438391.1000000006,163.76502002670227,3.369836705350724,208.13801395833332,977.72,981.8771428571429,1005.2050321130777
2013-01-14,24.0,241.33382791666668,101.26489416666666,208.00324708333332,22.15728875,75.51816708333334,33.330580833333336,86.14415083333333,4.1239679166666665,975.98,158237.8,3180.38,0,0,0,0,1,975.98,1798,3439367.0800000005,162.13221582409474,3.258652841246747,208.00324708333335,973.7,980.2699999999999,1009.8393333333333
2013-01-15,24.0,241.71081979166667,101.25990166666666,208.16988479166668,22.364494166666667,75.51299270833333,33.540935,87.88404416666667,4.225367708333334,958.45,156113.23,3189.62,0,0,0,0,1,958.45,1799,3440325.5300000007,162.88093275601233,3.3278939955135893,208.16988479166668,975.98,975.7057142857144,1009.384
2013-01-16,24.0,241.86889854166665,101.25702708333333,208.39361791666667,22.474516666666666,75.51903604166667,33.475280625,88.11955333333333,4.2508195833333335,965.56,167491.25,3206.36,0,0,0,0,1,965.56,1800,3441291.090000001,173.4653983180745,3.3207257964290156,208.39361791666664,958.45,971.9785714285715,1008.6436666666667
2013-01-17,24.0,242.008650625,101.25542,208.65744583333333,22.36352125,76.16265895833334,33.35120479166667,87.104745,4.17131625,959.84,152150.42,3291.77,0,0,0,0,1,959.84,1801,3442250.9300000006,158.51644024004003,3.4294986664444074,208.65744583333333,965.56,967.9614285714285,1007.5706666666667
2013-01-18,24.0,242.14611,101.25537875,208.83018875,22.14971375,77.335565,33.31592125,85.26165729166667,4.092898125,963.72,151120.97,3297.43,0,0,0,0,1,963.72,1802,3443214.650000001,156.81003818536504,3.421564354791848,208.83018875,959.84,967.8528571428571,1006.3943333333333
2013-01-19,24.0,242.11637229166666,101.256870625,208.873149375,22.261985833333334,77.21544979166667,33.24322291666667,87.318928125,4.225826875,954.5,149673.48,3210.3,0,0,0,0,1,954.5,1803,3444169.150000001,156.80825563122053,3.3633315872184393,208.873149375,963.72,964.5357142857143,1003.6579999999999
2013-01-20,24.0,242.21441541666667,101.25685104166666,208.97877520833333,22.39001875,77.44728145833334,33.235640208333336,87.96628291666667,4.230261458333334,951.88,149278.31,3233.54,0,0,0,0,1,951.88,1804,3445121.0300000007,156.82471530024793,3.39700382401143,208.97877520833333,954.5,961.4185714285715,1000.7900000000001
2013-01-21,24.0,242.466060625,101.24723125,209.12063145833332,22.09382375,77.305364375,33.34542916666667,87.015440625,4.13229,950.38,149287.12,3231.19,0,0,0,0,1,950.38,1805,3446071.4100000006,157.0815042404091,3.3998926745091436,209.12063145833335,951.88,957.7614285714287,997.7436666666667
2013-01-22,24.0,242.151354375,101.24347854166666,209.01303645833335,22.105498125,77.33097604166667,33.138317916666665,86.984460625,4.189295625,956.77,150295.2,3058.99,0,0,0,0,1,956.77,1806,3447028.1800000006,157.08602903519133,3.1972051799283,209.01303645833335,950.38,957.5214285714285,994.9590000000001
2013-01-23,24.0,242.36085166666666,101.23030125,209.13650166666667,22.331864791666668,77.29731791666667,33.22435,88.007498125,4.26421625,959.48,151841.32,3088.43,0,0,0,0,1,959.48,1807,3447987.6600000006,158.25376245466293,3.218858131487889,209.13650166666667,956.77,956.6528571428572,992.3023333333333
2013-01-24,24.0,242.36949666666666,101.22146395833333,209.14263416666665,22.471395625,77.17636833333333,33.2268625,88.20064604166667,4.270835625,960.51,150485.46,3131.02,0,0,0,0,1,960.51,1808,3448948.1700000004,156.6724552581441,3.2597474258466854,209.14263416666665,959.48,956.7485714285714,989.526
2013-01-25,24.0,242.342726875,101.2134275,209.2657625,22.116764166666666,77.235110625,33.076964375,86.010783125,4.12235625,960.39,150245.33,3086.98,0,0,0,0,1,960.39,1809,3449908.5600000005,156.44199752184008,3.214298357958746,209.2657625,960.51,956.2728571428571,986.8466666666667
2013-01-26,24.0,242.39916104166667,101.20610520833333,209.2766575,22.17801875,77.21860583333333,33.12250354166667,86.96363354166667,4.150180416666666,956.42,149822.09,3514.4,0,0,0,0,1,956.42,1810,3450864.9800000004,156.64884674097155,3.674536291587378,209.2766575,960.39,956.5471428571428,984.086
2013-01-27,24.0,242.46213416666666,101.19905520833333,209.34997416666667,22.132473541666666,77.11667270833334,33.11216,86.23787791666666,4.127226666666667,954.53,148848.16,3077.59,0,0,0,0,1,954.53,1811,3451819.5100000002,155.93869234073316,3.224194105999812,209.34997416666664,956.42,956.9257142857142,981.4093333333333
2013-01-28,24.0,242.52164270833333,101.19170291666667,209.41051770833334,22.117842291666665,77.0403575,33.111125,85.859889375,4.126351458333334,956.26,149034.58,3069.1,0,0,0,0,1,956.26,1812,3452775.77,155.85152573567856,3.2094827766507015,209.41051770833332,954.53,957.7657142857142,978.663
2013-01-29,24.0,242.31720833333333,101.18866479166667,209.37004291666668,22.196581041666665,80.31867291666667,32.947165416666664,87.21274979166667,3.957490208333333,956.87,150964.29,3069.77,0,0,0,0,1,956.87,1813,3453732.64,157.7688609738,3.2081369465026595,209.37004291666665,956.26,957.78,976.0616666666666
2013-01-30,24.0,242.05032895833332,101.186325,209.34839145833334,21.986804583333335,85.40971645833334,32.7019375,85.472148125,3.6957925,965.22,152504.4,3126.27,0,0,0,0,1,965.22,1814,3454697.8600000003,157.99962702803504,3.238919624541555,209.3483914583333,956.87,958.6,973.7323333333334
2013-01-31,24.0,242.01413770833332,101.18149020833333,209.326304375,22.336822291666667,87.36335729166667,32.68783333333333,88.47985458333333,3.6972885416666665,972.83,150629.57,3133.93,0,0,0,0,1,972.83,1815,3455670.6900000004,154.8364770823268,3.221456986318267,209.326304375,965.22,960.36,971.8233333333334
2013-02-01,24.0,241.87058458333334,101.17823666666666,209.25924895833333,22.356238125,89.36781416666666,32.611335625,88.49522541666667,3.6211379166666666,971.79,152749.56,3128.76,0,0,0,0,1,971.79,1816,3456642.4800000004,157.183712530485,3.2195844781279908,209.25924895833333,972.83,961.9885714285714,970.712
2013-02-02,24.0,241.81613875,101.17277625,209.27902958333334,22.141307083333334,89.981959375,32.53710916666667,88.11126270833333,3.56539875,961.4,151088.07,3165.73,0,0,0,0,1,961.4,1817,3457603.8800000004,157.15422300811318,3.2928333680049926,209.27902958333334,971.79,962.6999999999999,968.1540000000001
2013-02-03,24.0,241.73979354166667,101.16820833333334,209.254109375,22.120064166666666,90.00188395833334,32.485684166666665,87.460691875,3.5082347916666667,962.89,149201.05,3151.75,0,0,0,0,1,962.89,1818,3458566.7700000005,154.95129246331356,3.2732191631442844,209.254109375,961.4,963.8942857142857,967.4086666666667
2013-02-04,24.0,241.77739979166665,101.159470625,209.31610604166667,21.991745416666667,90.100614375,32.46129375,87.07982583333333,3.47095875,963.19,148030.44,3149.62,0,0,0,0,1,963.19,1819,3459529.9600000004,153.68768363458923,3.269988268150624,209.31610604166664,962.89,964.8842857142856,966.5493333333333
2013-02-05,24.0,241.76087520833335,101.15193729166667,209.31638895833333,22.0460375,91.274045,32.44448625,87.38806458333333,3.4467133333333333,960.92,147975.07,3146.83,0,0,0,0,1,960.92,1820,3460490.8800000004,153.99312117554013,3.274809557507389,209.31638895833333,963.19,965.4628571428572,965.764
2013-02-06,24.0,241.55145270833333,101.15018229166667,209.24539895833334,22.059932708333335,96.719291875,32.30605375,88.155520625,3.339575625,962.06,149137.35,3287.06,0,0,0,0,1,962.06,1821,3461452.9400000004,155.0187618235869,3.416689187784546,209.24539895833334,960.92,965.0114285714286,964.925
2013-02-07,24.0,241.61863229166667,101.14968645833333,209.34009583333332,22.125447291666667,98.98541875,32.278536458333335,88.20137083333333,3.308219375,1004.48,147593.53,3348.1,0,0,0,0,1,1004.48,1822,3462457.4200000004,146.935260035043,3.3331674100031856,209.34009583333335,962.06,969.5328571428571,965.3943333333333
2013-02-08,24.0,241.817263125,101.14560875,209.4993425,22.304838125,99.13053458333333,32.317920625,88.47365479166666,3.34840125,978.09,151361.31,3362.48,0,0,0,0,1,978.09,1823,3463435.5100000002,154.75192466950892,3.4378022472369616,209.4993425,1004.48,970.4328571428571,964.9423333333333
2013-02-09,24.0,241.9677685106383,101.1404370212766,209.72052425531916,22.192210638297873,97.195935625,32.247244255319146,88.03845,3.2841923404255318,979.91,154020.95,3390.37,0,0,0,0,1,979.91,1824,3464415.4200000004,157.1786694696452,3.459878968476697,209.72052425531916,978.09,973.0771428571428,964.6739999999999
2013-02-10,24.0,241.86774875,101.12967833333333,209.68847354166667,21.87504125,99.180644375,32.17927520833334,86.69609541666667,3.221225625,966.22,151560.48,3372.78,0,0,0,0,1,966.22,1825,3465381.6400000006,156.85918320879304,3.490695700772081,209.68847354166667,979.91,973.5528571428571,964.732
2013-02-11,24.0,241.79464041666665,101.11716375,209.66556291666666,21.767648958333332,99.05895208333334,32.1290775,85.703431875,3.1809625,964.43,145350.06,3363.42,0,0,0,0,1,964.43,1826,3466346.0700000008,150.7108447476748,3.487469282374045,209.66556291666666,966.22,973.7300000000001,964.2890000000001
2013-02-12,24.0,241.79520604166666,101.10897208333333,209.630589375,21.917749166666667,99.05158791666666,32.16461666666667,87.08284166666667,3.2186752083333334,961.13,148446.0,3344.21,0,0,0,0,1,961.13,1827,3467307.2000000007,154.4494501264137,3.479456473109777,209.630589375,964.43,973.76,963.8700000000001
2013-02-13,24.0,241.92406106382978,101.10910106382978,209.79384276595744,21.838286808510638,96.98227104166666,32.13021829787234,86.02142319148936,3.188465319148936,952.07,151376.5,3347.27,0,0,0,0,1,952.07,1828,3468259.2700000005,158.99723759807577,3.5157814026279577,209.79384276595744,961.13,972.3328571428572,963.0730000000001
2013-02-14,24.0,242.1595740425532,101.10894425531914,210.03229914893618,21.671115319148935,96.97515791666666,32.12727489361702,84.9488570212766,3.171297659574468,953.14,151676.13,3375.27,0,0,0,0,1,953.14,1829,3469212.4100000006,159.13310741339154,3.5412111547096963,210.03229914893618,952.07,964.9985714285714,962.8960000000001
2013-02-15,24.0,242.32471276595746,101.0982755319149,210.12729425531916,21.92663744680851,96.96409895833334,32.1974185106383,86.61546958333334,3.237279574468085,958.71,154866.47,3382.98,0,0,0,0,1,958.71,1830,3470171.1200000006,161.53630399182234,3.528679162624777,210.12729425531916,953.14,962.2300000000001,962.6676666666666
2013-02-16,24.0,242.20595520833334,101.0881825,210.06090041666667,22.011937708333335,99.02500645833334,32.14505479166667,87.19108916666667,3.1979352083333334,964.49,154609.84,3386.16,0,0,0,0,1,964.49,1831,3471135.610000001,160.30217005878754,3.5108295575900215,210.06090041666667,958.71,960.027142857143,962.8226666666667
2013-02-17,24.0,242.0912174468085,101.07895723404255,209.96571893617022,21.965202127659573,96.94551895833334,32.125498510638295,87.56119978723405,3.186232978723404,964.23,154694.23,3310.27,0,0,0,0,1,964.23,1832,3472099.840000001,160.4329153832592,3.4330709478029102,209.96571893617022,964.49,959.7428571428571,962.8396666666667
2013-02-18,24.0,242.06625041666666,101.069783125,209.88246125,22.001915625,98.99266375,32.183789166666664,87.672804375,3.2320422916666667,967.26,153914.13,3359.58,0,0,0,0,1,967.26,1833,3473067.1000000006,159.12384467464798,3.473295701259227,209.88246125,964.23,960.1471428571429,963.265
2013-02-19,24.0,242.397401875,101.06615708333334,210.15189416666666,21.948448958333334,99.00143,32.245507708333335,86.87046833333333,3.18693625,956.38,152840.46,3350.44,0,0,0,0,1,956.38,1834,3474023.4800000004,159.81143478533636,3.5032518455007424,210.1518941666667,967.26,959.4685714285714,963.4150000000001
2013-02-20,24.0,244.24428083333333,101.04135770833334,210.85251854166665,21.798433958333334,99.03283708333333,33.391762291666666,86.378245625,2.9061727083333335,912.6,146305.32,3283.43,0,0,0,0,1,912.6,1835,3474936.0800000005,160.31702827087443,3.5978851632697784,210.85251854166665,956.38,953.8299999999999,962.1556666666667
2013-02-21,24.0,242.73226875,101.060919375,210.37961,21.959987916666666,99.03917729166666,32.35265875,87.516874375,3.181098958333333,958.55,152534.45,3383.45,0,0,0,0,1,958.55,1836,3475894.6300000004,159.1304052996714,3.5297584893850087,210.37961,912.6,954.6028571428571,962.215
2013-02-22,19.91667,248.2901518353771,100.99448450233899,212.55392600222325,21.36369502706527,72.03671666666666,35.73622583315384,85.81770673473527,5.861131265377194,710.96,121900.74,2611.77,0,0,0,0,1,856.7215302558109,1837,3476605.5900000003,171.45935073703163,3.6735821987172272,212.55392600222325,958.55,940.0330757508301,958.7897176751937
2013-02-23,24.0,244.19994,101.02205125,210.96864645833332,22.0312325,100.0,33.231293541666666,87.752388125,4.140735833333333,922.73,148240.49,3312.59,0,0,0,0,1,922.73,1838,3477528.3200000003,160.65424338647273,3.589988403975161,210.96864645833332,856.7215302558109,934.0673614651158,957.5303843418604
2013-02-24,24.0,242.66449895833333,101.040655,210.37180354166668,22.418232916666668,99.92174333333334,32.29269541666667,88.38792354166667,3.1548252083333335,944.09,151901.7,3358.31,0,0,0,0,1,944.09,1839,3478472.41,160.89747799468273,3.5571926405321523,210.37180354166665,922.73,931.1902186079731,956.9870510085271
2013-02-25,24.0,242.26935458333332,101.02943958333333,210.16452625,22.421306875,99.99932020833333,32.10482833333333,88.50292979166667,3.1820975,951.34,151700.1,3360.29,0,0,0,0,1,951.34,1840,3479423.75,159.45939411777073,3.532165156516072,210.16452625,944.09,928.9159328936873,956.8177176751938
2013-02-26,24.0,242.28730875,101.01150770833334,210.17802083333333,22.41066354166667,100.0,32.109287916666666,88.49324,3.1883510416666665,952.21,151415.09,3350.67,0,0,0,0,1,952.21,1841,3480375.96,159.01438758257106,3.5188351309059978,210.17802083333333,951.34,928.3202186079731,956.7403843418604
2013-02-27,24.0,242.29685291666667,101.020148125,210.169414375,22.36307125,100.0,32.12743854166666,88.48299395833334,3.2033597916666667,945.98,150920.32,3365.36,0,0,0,0,1,945.98,1842,3481321.94,159.53859489629804,3.5575382143385696,210.169414375,952.21,933.0887900365443,956.3977176751937
2013-02-28,24.0,242.26843916666667,101.02723291666666,210.14445520833334,22.289830625,100.0,32.12398395833333,88.33065604166667,3.196560625,944.28,150922.01,3371.64,0,0,0,0,1,944.28,1843,3482266.2199999997,159.82760410047868,3.570593468039141,210.14445520833334,945.98,931.0502186079731,955.978051008527
2013-03-01,24.0,242.453556875,101.02225145833333,210.288731875,22.220629583333334,100.0,32.164825,88.19780895833334,3.234958125,936.31,151345.55,3411.78,0,0,0,0,1,936.31,1844,3483202.53,161.64042891777297,3.6438572694940783,210.288731875,944.28,942.4200000000001,955.0143843418604
2013-03-02,24.0,242.26004625,101.00431541666667,210.14924875,22.106649791666666,100.0,32.1107975,88.04006895833334,3.1821166666666665,940.32,151580.44,3374.27,0,0,0,0,1,940.32,1845,3484142.8499999996,161.20091032839883,3.588427343882933,210.14924875,936.31,944.9328571428571,953.9307176751937
2013-03-03,24.0,242.4719875,101.00128,210.33848333333333,22.141549375,100.0,32.13350416666667,87.900425625,3.1994264583333334,936.86,151079.12,3386.29,0,0,0,0,1,936.86,1846,3485079.7099999995,161.261148944346,3.6145101722776083,210.33848333333333,940.32,943.9,952.7663843418603
2013-03-04,24.0,242.57343645833333,101.00381520833334,210.48258270833333,22.1435225,100.0,32.09085375,87.41864770833334,3.1520254166666666,939.95,151102.05,3383.41,0,0,0,0,1,939.95,1847,3486019.6599999997,160.75541252194265,3.5995638065854565,210.48258270833333,936.86,942.2728571428571,952.0513843418604
2013-03-05,24.0,242.83171479166666,100.99402166666667,210.71138645833332,22.144735208333334,100.0,32.12032833333333,87.84403354166666,3.1744145833333333,940.99,151794.59,3292.25,0,0,0,0,1,940.99,1848,3486960.65,161.31371215422055,3.4987088066823238,210.71138645833332,939.95,940.67,951.3213843418603
2013-03-06,24.0,242.96145583333333,100.98478958333334,210.72743958333334,22.041387708333332,100.0,32.23401625,87.21043479166667,3.216928333333333,925.75,151062.16,3241.13,0,0,0,0,1,925.75,1849,3487886.4,163.17813664596272,3.5010856062651907,210.72743958333334,940.99,937.78,950.0733843418603
2013-03-07,2.19167,249.73303309923483,100.96729881852652,211.76953935259414,21.946368884366716,9.234162916666667,37.96349374664069,86.45540154562502,9.918784262457395,43.38,7643.37,146.14,0,0,0,0,1,475.0350189581461,1850,3487929.78,176.19571230982018,3.3688335638543103,211.76953935259414,925.75,870.7450027083066,933.8772183071319
2013-03-10,10.975,259.1597489727745,100.77203911406833,217.9258961340228,15.39402666095672,20.508005416666666,41.23385283875171,72.66938603509794,12.58886694382688,186.67,32261.53,1046.26,0,0,0,0,3,408.2077448747153,1853,3488116.4499999997,172.82653881180693,5.604864198853592,217.92589613402276,475.0350189581461,795.3018234046946,915.4154764696225
2013-03-11,15.19167,243.20351713675322,101.02048413881423,210.20120106543257,21.149921905662776,55.35099541666666,33.002316071320664,86.75447027497306,4.51159681817733,511.7,86098.92,2666.46,0,0,0,0,1,808.3903876269035,1854,3488628.15,168.26054328708227,5.210982997850303,210.20120106543254,408.2077448747153,776.4547359228236,908.8791560571859
2013-03-13,19.975,251.0750668187985,100.92762188623279,213.86198752603755,18.832053243444307,49.600048125,37.21307929276095,81.1061128145582,8.684230138262828,539.62,92381.0,1924.73,0,0,0,0,2,648.3544430538172,1856,3489167.77,171.1963974648827,3.566824802638894,213.86198752603752,808.3903876269035,735.239656359083,897.8879708256464
2013-03-14,15.69167,243.69387467809355,100.99310383963594,210.40385042384273,22.20835096641084,63.658942708333335,33.290024254250824,87.65923162680582,4.498322749624482,536.71,72956.23,2084.61,0,0,0,0,1,820.8839467054813,1857,3489704.48,135.9323098134933,3.8840528404538763,210.40385042384273,648.3544430538172,718.2302201741519,892.5871023824959
2013-03-15,16.80833,250.76021065740022,100.88678838204628,213.45728075887968,19.69751798618899,39.82264125,37.30292989852055,81.02631798600456,8.748385897516291,504.17,87861.95,2185.31,0,0,0,0,1,719.8859137106423,1858,3490208.65,174.27048416208817,4.334470515897415,213.45728075887968,820.8839467054813,686.6439221328152,884.3759661728506
2013-03-16,12.025,242.80017750668608,101.04643754204574,209.06406329707278,22.166038348365905,48.376081041666666,33.736114209613305,85.16230307458628,5.492775338153846,446.39,69150.11,1768.08,0,0,0,0,1,890.9239085239084,1859,3490655.04,154.90963059208318,3.9608414166984027,209.06406329707278,719.8859137106423,681.6687662076591,881.9257631236475
2013-03-17,10.475,255.3868103986062,100.84011576368496,215.10315026901193,17.47114959475895,20.302785833333335,40.283660129594274,73.88790544943198,12.09183080518377,294.09,49992.15,1249.36,0,0,0,0,1,673.8100238663484,1860,3490949.13,169.9892889931654,4.248223332993302,215.10315026901193,890.9239085239084,710.0651954802596,872.348430585859
2013-03-18,24.0,241.85567770833333,101.07159854166666,208.96272729166665,21.80306125,92.49731916666667,32.892950416666665,84.96735604166666,4.229287291666667,923.35,92377.39,3572.19,0,0,0,0,1,923.35,1861,3491872.48,100.04590891861157,3.8687280012996155,208.96272729166668,673.8100238663484,783.6569462124429,871.3910972525258
2013-03-19,24.0,241.14441875,101.046483125,208.748441875,22.330121041666665,100.0,32.395976875,86.397284375,3.807904375,927.57,85093.27,3381.57,0,0,0,0,1,927.57,1862,3492800.05,91.73784188794377,3.6456224328083056,208.748441875,923.35,800.6826051228854,870.5387639191924
2013-03-20,2.16,245.55894897489108,101.02055572625743,211.83045091568317,22.456306651683168,10.67796625,33.72849805920792,85.71212148784159,6.900985256594059,89.54,10542.93,202.41,0,0,0,0,1,994.8888888888888,1863,3492889.59,117.74547688184052,2.260553942372124,211.83045091568317,927.57,850.1875259564671,871.7447268821554
2013-03-21,0.0,293.90616,99.34232,203.9117,4.43692,1.1356395833333333,89.99446,0.99159,89.98175,0.0,0.0,0.0,1,0,0,0,1,0.0,1864,3492889.59,,,203.9117,994.8888888888888,732.9183907128269,839.5950602154886
2013-03-22,17.975,249.4837020624423,100.92703299248957,210.50074415746315,17.91572839367455,42.346809791666665,38.98295790497914,77.2032527399388,10.969412226114047,613.22,82587.5,2198.72,0,0,0,0,1,818.7638386648122,1865,3493502.81,134.67841883826358,3.58553210919409,210.50074415746315,0.0,747.0438085634225,834.7461881709825
2013-03-23,24.0,240.04514104166665,101.12581916666667,207.43355291666666,21.909738333333333,99.989619375,32.611588125,85.54077666666667,3.7726397916666667,991.44,104641.75,3390.58,0,0,0,0,1,991.44,1866,3494494.25,105.54521705801662,3.4198539498103764,207.43355291666666,818.7638386648122,761.4032502028641,835.5521881709825
2013-03-24,24.0,241.045823125,101.04519979166666,208.50073916666668,22.321323333333332,100.0,32.545083958333336,86.88850666666667,3.705211041666667,953.7,97662.68,3415.58,0,0,0,0,1,953.7,1867,3495447.95,102.40398448149313,3.581398762713641,208.50073916666668,991.44,801.3875325076715,835.4628548376492
2013-03-25,11.0,248.65056299535115,100.97134504972783,210.93055907840022,20.219686060028845,38.579773125,37.72000391695091,82.5804904877543,8.813691067680743,437.64,68256.59,1670.33,0,0,0,0,1,954.8509090909091,1868,3495885.5900000003,155.96515400786035,3.816675806599031,210.93055907840025,953.7,805.8876623778015,836.8712184740128
2013-03-26,24.0,240.12394361702127,101.10513808510639,207.07835319148936,22.37733489361702,97.74082875,33.04559042553191,87.97612765957447,4.050172765957447,885.36,142455.06,3429.24,0,0,0,0,1,885.36,1869,3496770.95,160.90071835185688,3.8732718894009213,207.07835319148936,954.8509090909091,799.8576623778015,834.4315518073461
2013-03-27,24.0,240.50837583333333,101.06497395833334,207.54888729166666,22.672092708333334,100.0,32.959488541666666,88.13066,3.9151379166666667,918.69,148242.31,3467.78,0,0,0,0,1,918.69,1870,3497689.64,161.36271212269642,3.7747009328500365,207.54888729166666,885.36,788.9721068222459,836.4971674654857
2013-03-28,14.83333,244.18299352223,101.0178639905537,209.17026371279408,21.966764124603174,58.93316854166667,35.01272980943591,85.4576652049742,6.121107992709661,593.67,95880.39,2323.05,0,0,0,0,1,960.544934953918,1871,3498283.31,161.50452271463945,3.9130324927990303,209.17026371279408,918.69,926.1928118156627,837.7576652972831
2013-03-29,24.0,243.02102520833333,101.05327416666667,208.53617770833333,21.92072,86.06624354166667,34.4848475,87.16362208333334,5.665883333333333,908.78,147354.51,3574.02,0,0,0,0,1,908.78,1872,3499192.09,162.14541473183831,3.93276700631616,208.53617770833333,960.544934953918,939.0522634349753,836.580665297283
2013-03-30,24.0,240.42026617021276,101.09834808510638,207.38033596187944,22.86270765957447,97.91666666666667,33.03993020833333,88.24945212765958,4.216899782801418,970.86,155500.7,3542.81,0,0,0,0,1,970.86,1873,3500162.9499999997,160.16799538553448,3.649146117874874,207.38033596187944,908.78,936.1122634349753,837.2313319639496
2013-03-31,23.0,241.7119,101.07562772727273,208.00241545454546,22.914771363636362,79.77891086956522,33.70948454545454,88.23146227272727,4.911755,919.79,146888.54,3290.36,0,0,0,0,1,959.7808695652174,1874,3501082.7399999998,159.69790930538494,3.5772948172952526,208.00241545454548,970.86,936.9809590871492,837.4836942827902
2013-04-01,21.69167,242.66959643919992,101.08059331965681,208.54576389235132,22.954976554944825,66.723121875,34.12383254684863,88.22922376249501,5.580846853681621,878.51,140621.98,3124.96,0,0,0,0,1,971.9970845951465,1875,3501961.2499999995,160.06873000876485,3.557113749416626,208.5457638923513,959.7808695652174,939.4304127306117,838.3509304359618
2013-04-03,14.475,253.0931429134715,100.94741690392401,212.49196137941968,18.697946754569948,30.30538479166667,40.60118153405181,80.08304552346804,11.318496649319517,473.81,75415.01,1760.02,0,0,0,0,2,785.5917098445595,1877,3502435.0599999996,159.1671978219117,3.7146113420991536,212.49196137941968,971.9970845951465,925.1777998512631,833.0613207641139
2013-04-04,24.0,241.902006875,101.14061625,207.92850229166666,22.640229583333333,75.71153166666667,33.97350458333333,88.02505083333334,4.971850416666666,982.1,150745.83,3299.39,0,0,0,0,1,982.1,1878,3503417.1599999997,153.49336116485082,3.359525506567559,207.9285022916667,785.5917098445595,934.2363712798344,834.5876540974472
2013-04-05,12.525,242.86417883478643,101.10975105933733,208.55420388538124,22.911397923712574,39.96248625,34.30997494940519,87.99991057438723,5.487287510586826,463.05,76681.67,2125.54,0,0,0,0,1,887.2814371257485,1879,3503880.2099999995,165.60127416045782,4.590303422956484,208.55420388538124,982.1,923.7701573043818,832.8197020016388
2013-04-09,0.0,298.42172,98.88566,201.51907,3.47661,1.1876958333333334,96.90265,4.49094,96.42207,0.0,0.0,0.0,1,0,0,0,4,0.0,1883,3503880.2099999995,,,201.51907,887.2814371257485,793.9444430186675,801.591035334972
2013-04-10,6.30833,261.5719613790813,100.80792639005885,216.5831930118272,13.519888831164508,11.466540625,44.98876836725409,68.9413642862374,14.977666495253102,93.54,17513.55,393.39,0,0,0,0,1,355.87231485987576,1884,3503973.7499999995,187.23059653624117,4.205580500320718,216.5831930118272,0.0,706.0890594272212,782.1217791636346
2013-04-11,24.0,243.22704895833334,101.14451145833333,206.747155625,20.83109625,59.11393208333333,36.47989333333334,85.96223520833334,7.391849375,934.08,148427.1,3333.68,0,0,0,0,1,934.08,1885,3504907.8299999996,158.90191418293935,3.5689448441247,206.747155625,355.87231485987576,702.4175066321901,781.8914458303013
2013-04-12,24.0,242.80338479166667,101.20400354166667,213.68175854166665,17.415601875,66.20072020833334,29.12162625,86.40184583333334,8.561883333333334,963.01,153882.81,3405.74,0,0,0,0,1,963.01,1886,3505870.8399999994,159.79357431387004,3.536557252780345,213.68175854166668,934.08,701.133637404312,783.1334458303013
2013-04-13,24.0,242.41057666666666,101.156783125,208.04685,22.754954791666666,71.85808541666667,34.363726666666665,87.78388270833334,5.31839,999.28,158799.89,3454.13,0,0,0,0,1,999.28,1887,3506870.119999999,158.91430830197743,3.4566187655111684,208.04685,963.01,731.6605359979463,800.6082785316963
2013-04-14,24.0,242.49760166666667,101.18838604166666,208.005521875,22.507412708333334,70.36909854166667,34.49207979166667,85.38775916666667,5.434136666666666,1023.15,162631.11,3470.11,0,0,0,0,1,1023.15,1888,3507893.269999999,158.95138542735668,3.391594585349167,208.005521875,999.28,737.524821712232,821.1063537025392
2013-04-15,23.99907,242.5725347334001,101.13483326839749,208.32290884947207,22.590606655053715,72.809854375,34.249625883928005,86.48736256626611,5.182207140951712,1028.77,163352.64,3478.38,0,0,0,0,1,1028.8098663823223,1889,3508922.039999999,158.78441245370686,3.3811055921148556,208.32290884947207,1023.15,757.7431687488853,828.4536696610533
2013-04-16,22.33426,247.8210827422713,101.04765223467444,210.00313134102495,21.77045465756197,57.519335833333336,37.81795140124633,84.0236956598159,8.654568276110334,897.68,185569.17,3135.06,0,0,0,0,1,964.6310197875371,1890,3509819.7199999993,206.72084707245347,3.4924026379110598,210.00313134102498,1028.8098663823223,895.547600147105,838.9962222188439
2013-04-17,24.0,237.36081125,98.93709145833333,202.9643775,22.484387083333335,70.15070395833334,34.39643375,86.047281875,5.392723958333334,1043.24,165551.97,3413.39,0,0,0,0,1,1043.24,1891,3510862.9599999995,158.69020551359228,3.2719125033549328,202.9643775,964.6310197875371,993.7429837385514,846.4080906619945
2013-04-18,24.0,242.469514375,101.07494166666666,208.13740791666666,22.45234875,70.20958833333333,34.332106458333335,86.40729645833333,5.277822916666667,1039.9,164156.91,3391.98,0,0,0,0,1,1039.9,1892,3511902.8599999994,157.858361380902,3.261832868545052,208.13740791666666,1043.24,1008.8601265956942,857.0752268716398
2013-04-19,24.0,242.65213833333334,101.067214375,208.26914166666666,22.545487708333333,70.24530625,34.38299666666666,87.80130645833333,5.3408125,1029.29,163366.49,3408.46,0,0,0,0,1,1029.29,1893,3512932.1499999994,158.7176500306036,3.3114671278259773,208.26914166666668,1039.9,1018.3286980242656,861.6874299208428
2013-04-20,24.0,242.64731625,101.0573775,208.57962708333332,22.6224325,73.674573125,34.06768916666667,87.45973270833333,5.027935625,1035.27,163267.86,3431.25,0,0,0,0,1,1035.27,1894,3513967.4199999995,157.70558405053754,3.314352777536295,208.57962708333332,1029.29,1023.4701265956943,873.7360957919645
2013-04-21,24.0,242.26230604166668,101.06185916666666,208.74569958333333,22.433226041666668,79.405721875,33.516606458333335,86.58731458333334,4.4682908333333335,1031.17,163156.23,3456.23,0,0,0,0,1,1031.17,1895,3514998.5899999994,158.22437619403203,3.3517557725690232,208.74569958333333,1035.27,1024.6158408814085,877.3300957919645
2013-04-22,24.0,242.44713791666666,101.06124229166667,209.08821083333333,22.531367083333333,82.01953791666666,33.358927083333334,86.66135833333334,4.2572922916666665,1025.28,162084.08,3471.84,0,0,0,0,1,1025.28,1896,3516023.869999999,158.08762484394506,3.38623595505618,209.08821083333333,1031.17,1024.1115742553625,880.5870957919645
2013-04-23,24.0,242.64004416666666,101.058820625,209.40341333333333,22.585174375,85.25110395833333,33.23663083333334,86.89837395833334,4.120942708333334,1021.59,161047.16,3501.49,0,0,0,0,1,1021.59,1897,3517045.459999999,157.64363394316703,3.427490480525455,209.40341333333333,1025.28,1032.2485714285715,881.4771328290016
2013-04-24,24.0,242.86257083333334,101.04206583333334,209.79800604166667,22.723230208333334,88.66311604166667,33.06456479166667,88.011811875,3.9946970833333335,1010.54,160706.99,3533.05,0,0,0,0,1,1010.54,1898,3518055.999999999,159.0308053120114,3.496200051457637,209.79800604166667,1021.59,1027.577142857143,915.1617994956683
2013-04-25,24.0,242.36819833333334,101.036631875,209.64723020833333,22.637951041666668,94.69944520833333,32.720968125,87.746181875,3.67778625,1011.17,160744.88,3541.41,0,0,0,0,1,1011.17,1899,3519067.169999999,158.96919410188198,3.502289427099301,209.64723020833333,1010.54,1023.472857142857,921.5753382068411
2013-04-26,24.0,242.197125625,101.02388125,209.618604375,22.730339791666665,99.99990166666667,32.57852125,88.53731416666666,3.5315177083333333,1013.13,159708.35,3553.3,0,0,0,0,1,1013.13,1900,3520080.299999999,157.638555762834,3.507249809994769,209.61860437500002,1011.17,1021.1642857142857,922.2983382068412
2013-04-27,24.0,242.26156708333335,101.00708979166667,209.74829583333334,22.628816458333333,100.0,32.51327125,88.44910916666667,3.4838295833333333,1003.84,160084.91,3530.95,0,0,0,0,1,1003.84,1901,3521084.1399999987,159.47253546381893,3.5174430188077777,209.74829583333334,1013.13,1016.6742857142856,923.9696715401745
2013-04-28,24.0,242.594548125,100.999990625,210.108995,22.454431875,100.0,32.485553125,86.665080625,3.3554941666666664,1014.92,159576.9,3504.81,0,0,0,0,1,1014.92,1902,3522099.0599999987,157.23101328183503,3.453286958578016,210.108995,1003.84,1014.352857142857,925.9719745704774
2013-04-29,24.0,242.611946875,100.988794375,210.04229104166666,22.432404583333334,99.99861479166667,32.569655833333336,87.32891166666667,3.31591625,977.42,155870.29,3508.74,0,0,0,0,1,977.42,1903,3523076.4799999986,159.47114853389536,3.5897976304966135,210.04229104166666,1014.92,1007.5157142857142,929.0406412371442
2013-04-30,24.0,247.074561875,100.91047854166666,211.34863895833334,22.375061875,66.09095666666667,35.72592291666667,88.08031020833333,6.698540208333333,881.68,143293.17,3222.96,0,0,0,0,1,881.68,1904,3523958.1599999988,162.52287678069143,3.655475909627076,211.34863895833334,977.42,987.5285714285714,927.8069745704776
2013-05-01,24.0,242.723934375,100.979256875,210.39580666666666,22.374574583333334,100.0,32.328127708333334,87.103736875,3.3172525,944.52,153530.4,3513.02,0,0,0,0,1,944.52,1905,3524902.679999999,162.548596112311,3.7193706856392668,210.39580666666666,881.68,978.0971428571428,927.2728100720136
2013-05-02,24.0,243.15592895833333,100.97990854166666,210.751536875,22.590595208333333,100.0,32.404392083333335,88.22105104166667,3.3900872916666667,945.7,152444.86,3545.95,0,0,0,0,1,945.7,1906,3525848.379999999,161.19790631278417,3.749550597441049,210.751536875,944.52,968.7442857142858,928.5034767386802
2013-05-03,24.0,243.30500270833335,100.979824375,210.94523645833334,22.448325208333333,100.0,32.35976625,87.243696875,3.3338745833333334,944.53,151248.01,3571.48,0,0,0,0,1,944.53,1907,3526792.9099999988,160.13044583020127,3.7812245243666163,210.94523645833334,945.7,958.9442857142858,927.6258100720136
2013-05-04,24.0,243.46132604166667,100.97618895833334,211.109629375,22.463095625,100.0,32.35169666666667,87.203849375,3.3145291666666665,942.56,152919.31,3501.77,0,0,0,0,1,942.56,1908,3527735.469999999,162.2382766083857,3.715169326090647,211.109629375,944.53,950.1899999999999,927.0517810865063
2013-05-05,24.0,243.83148625,100.96169416666666,211.453729375,22.537592083333333,100.0,32.377756875,87.72657979166667,3.34711,948.91,153774.46,3456.58,0,0,0,0,1,948.91,1909,3528684.379999999,162.05378803047708,3.6426847646246747,211.45372937500002,942.56,940.76,926.2822116000013
2013-05-06,24.0,243.936604375,100.95995270833333,211.60326895833333,22.532315208333333,100.0,32.333335416666664,87.71675958333333,3.318120208333333,945.75,153536.18,3496.59,0,0,0,0,1,945.75,1910,3529630.129999999,162.34330425588158,3.6971609833465506,211.60326895833333,948.91,936.2357142857143,931.6208212718494
2013-05-07,24.0,244.09267166666666,100.95433104166666,211.74049,22.637471458333334,100.0,32.35218166666667,88.21818166666667,3.3326179166666665,941.46,153076.45,3538.95,0,0,0,0,1,941.46,1911,3530571.589999999,162.59474645762964,3.759001975654834,211.74049,945.75,944.7757142857142,930.2661546051828
2013-05-08,24.0,244.44048520833334,100.94057458333333,212.05589583333332,22.594112916666667,100.0,32.384589375,87.5944225,3.3578591666666666,936.59,153541.73,3588.76,0,0,0,0,1,936.59,1912,3531508.179999999,163.93697348893326,3.831729999252608,212.05589583333335,941.46,943.6428571428571,931.9097733676579
2013-05-09,24.0,244.49680416666666,100.9365825,212.13166458333333,22.590171666666667,100.0,32.36513958333333,88.10980770833334,3.33027,938.7,153411.05,3575.45,0,0,0,0,1,938.7,1913,3532446.879999999,163.4292638755726,3.8089378928305098,212.13166458333333,936.59,942.6428571428571,963.1997733676578
2013-05-10,24.0,244.52877479166668,100.933793125,212.16771333333332,22.529931666666666,100.0,32.36106145833333,87.63836145833334,3.3190525,934.27,152935.73,3571.66,0,0,0,0,1,934.27,1914,3533381.149999999,163.69543065709058,3.822941976088283,212.16771333333335,938.7,941.1771428571428,982.479696205662
2013-05-11,24.0,244.60115833333333,100.929499375,212.27366145833332,22.525417916666665,100.0,32.327496875,87.58342479166667,3.2903795833333334,934.81,153248.72,3581.93,0,0,0,0,1,934.81,1915,3534315.959999999,163.93568746590216,3.8317198147217084,212.27366145833332,934.27,940.0699999999999,982.5040295389953
2013-05-12,24.0,244.68083166666668,100.92589106382978,212.30819379432623,22.62800595744681,97.91666666666667,32.37263787234043,88.21630291666666,3.3315284973404253,937.7,152982.22,3620.38,0,0,0,0,1,937.7,1916,3535253.659999999,163.14623013757065,3.860915004798976,212.30819379432626,934.81,938.4685714285715,981.6603628723286
2013-05-13,24.0,244.7306489361702,100.92082729166667,212.38372085106383,22.492818723404255,97.91666666666667,32.346928085106384,87.36269659574468,3.2987970212765956,935.6,153135.16,3646.27,0,0,0,0,1,935.6,1917,3536189.2599999993,163.67588713125267,3.89725309961522,212.38372085106383,937.7,937.0185714285715,979.537696205662
2013-05-14,16.33334,223.5581682624191,92.01050795932125,189.06593427150233,21.459921223375012,64.290735,34.49223399091674,83.40247371459849,5.965163716484198,642.94,106938.22,2844.91,0,0,0,0,1,944.7277776621316,1918,3536832.1999999993,166.32690453230472,4.424845242168787,189.06593427150236,935.6,937.4853968088761,976.923622127733
2013-05-15,24.0,96.60870458333333,39.76882416666667,62.57754125,21.947466875,100.0,34.03116333333333,85.87496833333333,4.874387291666666,844.52,138409.0,3877.13,0,0,0,0,1,844.52,1919,3537676.7199999993,163.89073082934686,4.590927390707147,62.57754125,944.7277776621316,924.3325396660188,970.7806265816556
2013-05-16,24.0,245.033389375,100.91098083333333,212.83582958333332,22.679872708333335,99.706341875,32.19755979166667,87.53378,3.4417725,866.05,141334.03,3427.06,0,0,0,0,1,866.05,1920,3538542.769999999,163.1938456209226,3.9571156399745973,212.83582958333335,844.52,913.9539682374474,967.4945925887376
2013-05-17,21.16667,249.85773114376045,100.84244949121425,214.57873288537593,22.214544315827666,71.36113604166667,35.278998258384526,87.34334794465072,5.526397364904352,706.38,117755.14,3049.43,0,0,0,0,1,800.9346770181611,1921,3539249.149999999,166.70225657578075,4.316982360768991,214.57873288537593,866.05,894.9060649543275,959.417748489343
2013-05-18,24.0,244.79408625,100.88310958333334,212.22834541666666,22.74279,99.99978708333333,32.56574083333334,88.66307145833333,3.4706941666666666,871.1,144221.56,3531.46,0,0,0,0,1,871.1,1922,3540120.249999999,165.56257605326599,4.054023648260819,212.22834541666666,800.9346770181611,885.804636382899,953.7910818226766
2013-05-19,24.0,244.15188541666666,100.90184479166666,211.88796166666665,22.913531041666666,100.0,32.26392375,88.873651875,3.5266295833333334,885.74,146643.01,3545.33,0,0,0,0,1,885.74,1923,3541005.9899999993,165.55988213245422,4.002675728769165,211.88796166666665,871.1,878.3817792400417,949.0060818226764
2013-05-20,24.0,244.16551936170214,100.88445914893617,211.81651787234043,22.712166170212765,97.91666666666667,32.349001489361704,88.60877,3.4905868085106384,898.84,147529.5,4083.25,0,0,0,0,1,898.84,1924,3541904.829999999,164.13321614525387,4.542799608384139,211.81651787234043,885.74,873.1303506686133,944.4584151560098
2013-05-21,24.0,244.23688708333333,100.88240833333333,211.93359770833334,22.615018541666668,100.0,32.303289375,88.32072979166666,3.509099375,897.07,148011.67,4280.07,0,0,0,0,1,897.07,1925,3542801.899999999,164.9945600677762,4.771166129733465,211.93359770833334,898.84,866.3220967168801,939.9884151560096
2013-05-22,24.0,243.66792395833335,100.858638125,211.44702979166667,22.439776458333334,100.0,32.22089416666667,88.17113020833334,3.4286972916666665,903.88,148294.52,3509.06,0,0,0,0,1,903.88,1926,3543705.779999999,164.0643890781962,3.882218878612205,211.4470297916667,897.07,874.8020967168802,935.9417484893431
2013-05-23,24.0,243.10625208333335,100.81542770833333,210.68589666666668,22.003714791666667,100.0,32.420355416666666,87.38365895833333,3.1568085416666665,888.78,146571.54,3443.02,0,0,0,0,1,888.78,1927,3544594.5599999987,164.91318436508473,3.8738720493260423,210.68589666666668,903.88,878.049239574023,931.514748489343
2013-05-24,24.0,241.724486875,100.82537395833333,209.77474270833332,22.045490208333334,100.0,31.949744166666665,87.98306166666667,3.2206433333333333,886.33,145965.95,3358.32,0,0,0,0,1,886.33,1928,3545480.8899999987,164.68578294766058,3.789017634515361,209.77474270833332,888.78,890.2485714285714,927.3744151560097
2013-05-25,24.0,242.41595,100.821670625,210.25340333333332,22.201385625,100.0,32.162546666666664,88.35523104166667,3.2537120833333333,874.98,143285.37,3381.37,0,0,0,0,1,874.98,1929,3546355.8699999987,163.75845162175133,3.864511188827173,210.25340333333335,886.33,890.8028571428571,922.8347484893432
2013-05-26,24.0,242.62312458333332,100.82661854166666,210.55118291666668,22.339479583333333,100.0,32.07194166666667,88.514991875,3.3023758333333335,876.79,143215.63,3416.71,0,0,0,0,1,876.79,1930,3547232.6599999988,163.34085698970108,3.8968396081159686,210.55118291666665,874.98,889.5242857142857,918.2900818226765
2013-05-27,24.0,242.96539208333334,100.83290791666667,210.93908083333332,22.133660833333334,100.0,32.02631125,87.62931520833334,3.2727314583333333,875.26,144123.15,3452.48,0,0,0,0,1,875.26,1931,3548107.9199999985,164.66324292210314,3.9445193428238468,210.93908083333335,876.79,886.1557142857143,914.0040818226764
2013-05-28,24.0,243.25588625,100.843876875,211.19465041666666,21.710885208333334,100.0,32.061235833333335,86.97533416666667,3.291791875,876.37,143892.71,3494.43,0,0,0,0,1,876.37,1932,3548984.2899999986,164.19173408491847,3.9873911703960654,211.19465041666666,875.26,883.1985714285714,909.3857484893431
2013-05-29,24.0,244.79593166666666,100.831935,211.8058875,21.923680833333332,100.0,32.990044166666664,88.78260104166667,3.2316889583333333,851.08,141276.65,3484.4,0,0,0,0,1,851.08,1933,3549835.3699999987,165.9969098087136,4.0940922122479675,211.80588749999998,876.37,875.6557142857143,905.1744151560098
2013-05-30,24.0,243.83415958333333,100.849019375,211.59334416666667,22.006151458333335,100.0,32.24081541666666,88.99382291666667,3.41858625,891.66,144015.76,3578.88,0,0,0,0,1,891.66,1934,3550727.029999999,161.5142094520333,4.01372720543705,211.59334416666667,851.08,876.0671428571429,905.5070818226764
2013-05-31,24.0,244.00330270833334,100.85107625,211.75937541666667,21.863151875,100.0,32.243927291666665,88.66002270833333,3.42639875,892.66,144664.43,3587.1,0,0,0,0,1,892.66,1935,3551619.689999999,162.0599444357314,4.018439271391123,211.75937541666667,891.66,876.9714285714286,903.7784151560097
2013-06-01,24.0,244.18970791666666,100.85197458333333,211.94548333333333,21.741893958333332,100.0,32.244224583333335,88.21430520833333,3.42690125,894.15,145512.31,3604.8,0,0,0,0,1,894.15,1936,3552513.839999999,162.73814236984845,4.031538332494549,211.94548333333333,892.66,879.7099999999999,902.0600818226765
2013-06-02,24.0,244.340160625,100.85625666666667,212.05085375,21.811916666666665,100.0,32.289306875,88.69544,3.4594575,895.88,145879.93,3623.08,0,0,0,0,1,895.88,1937,3553409.719999999,162.8342300308077,4.044157699691923,212.05085375000002,894.15,882.4371428571428,900.4384151560097
2013-06-03,24.0,244.339633125,100.861783125,212.0484825,21.874689166666666,100.0,32.291150625,88.846325,3.4652808333333334,898.65,146014.88,3547.57,0,0,0,0,1,898.65,1938,3554308.3699999987,162.48247927446727,3.947665943359484,212.0484825,895.88,885.7785714285714,898.9747484893431
2013-06-04,24.0,244.56156479166665,100.86086,212.082434375,21.830985,100.0,32.47913041666666,88.86959583333334,3.386146875,879.89,145685.62,3585.78,0,0,0,0,1,879.89,1939,3555188.259999999,165.57253747627544,4.0752594074259285,212.082434375,898.65,886.2814285714285,896.6740818226765
2013-06-05,24.0,245.355554375,100.83765666666666,212.39212125,21.702427083333333,83.89086666666667,32.963433125,88.68387645833333,4.053738541666666,885.75,155463.47,3678.67,0,0,0,0,1,885.75,1940,3556074.009999999,175.51619531470504,4.153169630256844,212.39212125,879.89,891.2342857142856,894.6740818226765
2013-06-06,24.0,244.72564520833333,100.79934583333333,211.74837145833334,21.602464375,83.69628479166667,32.97727375,88.702838125,3.91847375,889.37,156726.37,3643.36,0,0,0,0,1,889.37,1941,3556963.379999999,176.2217862082148,4.096562735419455,211.74837145833334,885.75,890.907142857143,892.937748489343
2013-06-07,24.0,243.79668604166667,100.810419375,211.55661395833334,21.530487291666667,100.0,32.24007208333333,88.73919125,3.322060625,873.88,147616.61,3482.14,0,0,0,0,1,873.88,1942,3557837.259999999,168.92091591522862,3.9846889733144137,211.55661395833334,889.37,888.2242857142857,890.8474151560097
2013-06-08,24.0,243.57811791666666,100.8381025,211.48032708333332,21.449249583333334,100.0,32.097790833333335,88.57235375,3.3055152083333335,863.37,146148.76,3501.99,0,0,0,0,1,863.37,1943,3558700.629999999,169.27708861785794,4.0561868028770975,211.48032708333332,873.88,883.827142857143,888.3364151560097
2013-06-09,24.0,244.36454957446807,100.82616893617022,212.15402170212766,21.51392744680851,100.0,32.21052787234043,88.75130404255319,3.3831134042553193,882.71,151051.65,3712.75,0,0,0,0,1,882.71,1944,3559583.339999999,171.1226223788107,4.206081272445084,212.15402170212764,863.37,881.9457142857144,886.6177484893432
2013-06-10,24.0,244.34724541666668,100.81609916666666,212.13632291666667,21.457116458333335,100.0,32.2109225,88.94945625,3.361923958333333,795.81,134589.17,3589.14,0,0,0,0,1,795.81,1945,3560379.149999999,169.12224023322153,4.510046367851623,212.13632291666667,882.71,867.2542857142856,881.9844151560097
2013-06-11,24.0,244.442579375,100.81313125,212.21860729166667,21.501064583333335,100.0,32.22397208333334,88.88135541666666,3.3392741666666668,825.65,138454.77,3541.83,0,0,0,0,1,825.65,1946,3561204.799999999,167.69184279052865,4.2897474716889725,212.21860729166667,795.81,859.5057142857142,878.2494151560097
2013-06-12,24.0,244.60499708333333,100.81214833333334,212.40927,21.252899166666666,100.0,32.19572708333333,86.992539375,3.2466766666666667,833.77,139442.77,3444.83,0,0,0,0,1,833.77,1947,3562038.569999999,167.24368830732695,4.13163102534272,212.40927,825.65,852.08,874.8550818226764
2013-06-13,24.0,244.5569825,100.80947666666667,212.34835854166667,21.415644791666665,100.0,32.208623958333334,88.669255625,3.3046604166666667,847.02,141326.78,3440.01,0,0,0,0,1,847.02,1948,3562885.589999999,166.8517626502326,4.0613090599985835,212.34835854166667,833.77,846.03,871.5981559006054
2013-06-14,24.0,244.59036604166667,100.804865625,212.43097541666666,21.362071041666667,100.0,32.159390625,88.424605625,3.2922064583333333,852.28,142270.67,3446.21,0,0,0,0,1,852.28,1949,3563737.8699999987,166.92949500164266,4.043518561974938,212.43097541666668,847.02,842.9442857142858,871.856822567272
2013-06-15,24.0,244.763115,100.79789041666666,212.54534791666666,21.277139166666668,100.0,32.217767083333335,87.95648395833334,3.217414375,851.68,141693.99,3489.16,0,0,0,0,1,851.68,1950,3564589.549999999,166.369986379861,4.096796919030622,212.54534791666666,852.28,841.2742857142856,871.3778225672721
2013-06-16,24.0,244.65946125,100.79532895833333,212.486316875,21.33412125,100.0,32.173144375,88.90814,3.271241041666667,860.87,143783.16,3466.72,0,0,0,0,1,860.87,1951,3565450.419999999,167.0207580703242,4.026995945961644,212.486316875,851.68,838.1542857142856,873.3756666666667
2013-06-17,24.0,244.811304375,100.79032354166667,212.585461875,21.428749375,100.0,32.2258425,89.118926875,3.2640279166666666,877.01,143556.86,3499.67,0,0,0,0,1,877.01,1952,3566327.429999999,163.68896591829053,3.990456209165232,212.585461875,860.87,849.7542857142856,873.5726666666667
2013-06-18,24.0,244.700250625,100.781215625,212.59673520833334,21.236433541666667,100.0,32.10351541666667,88.519131875,3.121307916666667,878.21,143961.99,3537.21,0,0,0,0,1,878.21,1953,3567205.6399999987,163.92661208594754,4.02774962708236,212.5967352083333,877.01,857.2628571428571,873.3216666666667
2013-06-19,24.0,244.596153125,100.770468125,212.50086145833333,21.225795208333334,100.0,32.09529166666667,88.74762583333333,3.1099577083333334,879.48,145073.81,3524.26,0,0,0,0,1,879.48,1954,3568085.1199999987,164.95407513530722,4.007208805203074,212.50086145833333,878.21,863.7928571428572,872.6763333333333
2013-06-20,24.0,244.72767875,100.76905854166667,212.63126104166668,21.22846854166667,100.0,32.096417708333334,88.71704208333334,3.1144979166666666,876.42,139008.77,3555.19,0,0,0,0,1,876.42,1955,3568961.5399999986,158.6097647246754,4.056491180027841,212.63126104166668,879.48,867.9928571428572,871.9879999999999
2013-06-21,21.75833,245.40288422941467,100.77271513499427,213.36475463193176,21.336440635117675,100.0,32.03812959748289,89.02554248596745,3.1277001680092176,787.8,125101.66,3191.62,0,0,0,0,1,868.9637485965145,1956,3569749.3399999985,158.79875602944912,4.051307438436152,213.36475463193176,876.42,870.376249799502,870.8241249532172
2013-06-22,15.15833,251.89346746597414,100.67689032161195,216.3438393765804,19.514973976018467,75.49430708333334,35.54962808939375,82.74942936222526,7.0464613616539555,421.26,60352.3,1114.58,0,0,0,0,1,666.975847603265,1957,3570170.599999998,143.2661539191948,2.6458244314675023,216.34383937658038,868.9637485965145,843.9899423142542,863.4306532066593
2013-06-23,2.50834,248.80304733788083,100.770740756596,217.70834262077707,21.265269162234784,14.449856875,31.094704717103742,87.37979123531898,3.136899840811054,75.58,11552.92,384.81,0,0,0,0,1,723.155553074942,1958,3570246.1799999983,152.85684043397725,5.0914263032548295,217.70834262077707,666.975847603265,824.3164498963888,857.991504975824
2013-06-26,22.49166,249.58596431984566,100.70833107430488,213.81962651128907,19.09199433123211,64.95720145833333,35.76633780855659,86.20490537350733,6.556742264728348,696.24,108966.6,3743.67,0,0,0,0,3,742.931379898149,1961,3570942.4199999985,156.50723888314374,5.376982075146501,213.81962651128907,723.155553074942,805.1623613104101,853.5898843057623
2013-06-27,17.50834,246.3701740786905,100.80914705461511,214.2787900574469,21.23402771307274,73.727374375,32.09138402124359,87.90403655598989,3.2605223830928574,566.52,64362.45,2477.78,0,0,0,0,1,776.5716224382209,1962,3571508.9399999985,113.61019911035797,4.373684953752736,214.2787900574469,742.931379898149,790.6425930872987,850.2492717203696
2013-06-28,22.65833,250.013389519563,100.69424122395604,214.96628553134764,20.314458115443635,78.06294625,35.04710398821537,86.03740395906053,5.528883580762572,762.49,124734.23,4439.41,0,0,0,0,1,807.6393979609265,1963,3572271.429999999,163.58802082650263,5.822253406602053,214.96628553134764,776.5716224382209,780.3796499388596,847.9952516524006
2013-06-29,24.0,244.79244791666667,100.779368125,212.244890625,21.464151875,100.0,32.547557291666664,88.58059270833333,3.4605922916666665,821.87,128994.87,3593.49,0,0,0,0,1,821.87,1964,3573093.299999999,156.95288792631436,4.372333824084101,212.244890625,807.6393979609265,772.5867927960026,846.1785849857339
2013-06-30,24.0,245.23836625,100.811775625,212.486435,21.703999166666666,100.0,32.75193125,88.25228604166666,3.3365454166666666,824.65,135415.52,3553.51,0,0,0,0,1,824.65,1965,3573917.949999999,164.20968895895228,4.309112957012066,212.48643500000003,821.87,766.2562572822147,845.2975849857339
2013-07-01,24.0,245.36713395833334,100.77063916666667,212.618193125,21.721797083333332,100.0,32.748940833333336,88.74752895833333,3.3546577083333333,842.56,135091.92,3541.49,0,0,0,0,1,842.56,1966,3574760.509999999,160.33507406000763,4.2032496202050895,212.618193125,824.65,791.3397076246055,843.6609183190673
2013-07-02,24.0,244.67160666666666,100.77221708333333,212.2404925,21.60919,100.0,32.43111416666667,88.03461854166666,3.364856458333333,863.9,135140.55,3556.35,0,0,0,0,1,863.9,1967,3575624.4099999988,156.43077902535015,4.116622294247019,212.2404925,842.56,811.4460571853281,842.7022516524006
2013-07-03,24.0,244.96223770833333,100.77473791666667,212.41923125,21.566569375,100.0,32.54300645833333,87.85408104166666,3.4028802083333334,865.77,140501.81,3619.11,0,0,0,0,1,865.77,1968,3576490.179999999,162.28537602365523,4.180221074881319,212.41923125,863.9,828.9944314855924,841.7562516524006
2013-07-04,24.0,245.02519666666666,100.772341875,212.53888333333333,21.652911666666668,100.0,32.486313333333335,88.0799825,3.4807477083333334,875.54,140279.37,3775.85,0,0,0,0,1,875.54,1969,3577365.719999999,160.22040112387785,4.312595655252759,212.53888333333333,865.77,843.1327711372752,841.0782516524007
2013-07-05,24.0,244.331565625,100.74322708333334,211.86097604166667,21.536145833333332,100.0,32.470589583333336,88.33458375,3.403811875,891.6,137045.77,3941.12,0,0,0,0,1,891.6,1970,3578257.319999999,153.7076828174069,4.420278151637506,211.86097604166667,875.54,855.1271428571429,840.8432516524006
2013-07-06,17.16667,250.10258157796474,100.65319656495406,214.06348264675677,20.258097488208254,55.10037625,36.039098931207974,85.02098159259775,7.33350667381618,583.75,99453.13,2964.15,0,0,0,0,1,816.1163463851755,1971,3578841.069999999,170.3693875802998,5.077773019271949,214.06348264675677,891.6,854.3051923407394,838.7174631985731
2013-07-07,24.0,244.4625525,100.73082791666667,211.97830854166668,21.550735625,99.99542020833333,32.48424395833333,89.12992791666667,3.7980929166666666,948.8,154693.66,4858.07,0,0,0,0,1,948.8,1972,3579789.8699999987,163.0413785834739,5.120225548060708,211.97830854166665,816.1163463851755,872.0409066264536,840.8191298652398
2013-07-08,24.0,211.4855925,87.02505583333334,178.945095625,21.718675,100.0,32.540496875,89.26814645833333,3.785294375,852.38,132899.95,3609.61,0,0,0,0,1,852.38,1973,3580642.2499999986,155.9163166662756,4.234742720382928,178.945095625,948.8,873.4437637693109,839.5861298652399
2013-07-09,24.0,245.38074541666666,100.70939416666667,212.69936229166666,21.64650375,100.0,32.681383125,89.12109041666666,3.7160027083333333,857.61,135787.02,3659.24,0,0,0,0,1,857.61,1974,3581499.8599999985,158.33189911498232,4.266787933909352,212.69936229166666,852.38,872.5451923407393,839.0437965319065
2013-07-10,24.0,245.3292325,100.72518583333333,212.828046875,21.650699583333335,100.0,32.501185625,89.198589375,3.759674791666667,867.73,137900.07,3709.38,0,0,0,0,1,867.73,1975,3582367.5899999985,158.9204821776359,4.274808984361495,212.82804687499998,857.61,872.8251923407394,839.1891298652398
2013-07-11,24.0,245.71061208333333,100.729985,213.05939479166668,21.711486875,100.0,32.65121729166667,89.26409083333333,3.71709625,850.37,140230.43,3714.36,0,0,0,0,1,850.37,1976,3583217.9599999986,164.90519420957935,4.36793395815939,213.05939479166665,867.73,869.2294780550252,838.1111298652397
2013-07-12,24.0,245.44468375,100.70723479166666,212.95747125,21.787600833333332,100.0,32.4872125,89.43452958333333,3.71394375,872.74,137325.76,3501.91,0,0,0,0,1,872.74,1977,3584090.699999999,157.35013864381145,4.012546692027407,212.95747125,850.37,866.5351923407394,840.6754631985731
2013-07-13,24.0,245.66186229166667,100.71665916666667,213.141665625,21.718527083333335,100.0,32.52019666666666,89.357994375,3.640911875,860.38,137651.96,3442.97,0,0,0,0,1,860.38,1978,3584951.0799999987,159.98972547014108,4.001685301843371,213.141665625,872.74,872.8585714285715,841.8331298652397
2013-07-14,24.0,245.66752791666667,100.71559666666667,213.17155104166667,21.673635,100.0,32.495976875,89.116221875,3.6188045833333335,863.13,137505.93,3372.91,0,0,0,0,1,863.13,1979,3585814.2099999986,159.31079906850647,3.907765921703567,213.17155104166667,860.38,860.62,842.8117965319065
2013-07-15,24.0,245.64701729166666,100.71433041666667,213.262926875,21.643673125,100.0,32.384090416666666,89.04191895833333,3.619155625,837.4,129858.55,2999.08,0,0,0,0,1,837.4,1980,3586651.6099999985,155.0735013135897,3.5814186768569383,213.262926875,863.13,858.4799999999999,842.4911298652398
2013-07-16,24.0,245.72117645833333,100.7101625,213.33094395833334,21.709457708333332,100.0,32.3902325,89.339064375,3.61210875,827.69,130458.83,2932.17,0,0,0,0,1,827.69,1981,3587479.2999999984,157.61798499438194,3.5425944496127775,213.33094395833334,837.4,854.2057142857144,841.6714631985731
2013-07-17,24.0,245.730030625,100.70589291666667,213.36542479166667,21.694980625,100.0,32.364605833333336,89.22710979166666,3.589831875,824.01,129581.05,2866.97,0,0,0,0,1,824.01,1982,3588303.309999998,157.25664737078435,3.4792902998750015,213.36542479166667,827.69,847.96,840.7491298652398
2013-07-18,24.0,245.80881291666665,100.69797979166667,213.443795,21.706635,100.0,32.365017916666666,89.49587770833334,3.59587625,822.86,129191.61,2946.25,0,0,0,0,1,822.86,1983,3589126.169999998,157.00314755851542,3.5804997204870816,213.443795,824.01,844.03,839.4821298652398
2013-07-19,24.0,245.901638125,100.690360625,213.55196104166666,21.642466666666667,100.0,32.34967708333333,89.41062875,3.589875625,818.02,128257.76,3019.33,0,0,0,0,1,818.02,1984,3589944.189999998,156.79049411994816,3.6910222243954913,213.5519610416667,822.86,836.2128571428572,837.5157965319064
2013-07-20,24.0,245.8681375,100.68311395833334,213.525900625,21.648262083333332,100.0,32.342236875,89.47673791666666,3.5830339583333335,818.74,128639.51,3140.9,0,0,0,0,1,818.74,1985,3590762.9299999983,157.1188777878203,3.8362605955492586,213.525900625,818.02,830.2642857142856,835.5334631985731
2013-07-21,24.0,245.81904104166668,100.67427145833334,213.51269625,21.582435416666666,100.0,32.30634479166667,89.36751166666667,3.5573977083333332,816.6,127690.75,3175.16,0,0,0,0,1,816.6,1986,3591579.5299999984,156.36878520695566,3.8882684300759243,213.51269625,818.74,823.6171428571428,833.4374631985731
2013-07-22,4.5,262.9848393888889,100.45440427777778,220.80621455555556,16.93185888888889,13.4840075,42.17862483333333,74.3897645,15.547828666666666,105.65,20320.59,566.09,0,0,0,0,1,563.4666666666667,1987,3591685.1799999983,192.33876005679127,5.358163748225272,220.80621455555553,816.6,784.4838095238096,823.0056854207954
2013-07-23,24.0,248.25223166666666,100.65579979166667,215.13463125,20.897571666666668,88.85450041666667,33.11760041666667,87.16714270833333,4.443315208333333,745.71,128866.47,3304.09,0,0,0,0,1,745.71,1988,3592430.8899999983,172.81043569215913,4.430797495004761,215.13463124999998,563.4666666666667,772.7723809523808,818.8972271342449
2013-07-24,24.0,246.418045625,100.217415625,213.85870270833334,21.717035,100.0,32.559342916666665,87.56227541666667,3.393475,770.67,115815.48,3589.0,0,0,0,0,1,770.67,1989,3593201.559999998,150.2789520806571,4.656986777738851,213.85870270833334,745.71,765.1523809523809,822.3536988808028
2013-07-25,24.0,246.83843791666666,100.563196875,214.458885,21.759235416666666,100.0,32.37955291666667,88.41752895833334,3.483409375,695.39,101120.5,3691.7,0,0,0,0,1,695.39,1990,3593896.9499999983,145.4155222249385,5.308819511353341,214.458885,770.67,746.9423809523809,821.4281804449713
2013-07-26,24.0,246.44634458333334,100.65294916666667,214.251155,21.743182291666667,100.0,32.19518958333333,87.95483479166667,3.455459375,776.09,110690.58,3263.55,0,0,0,0,1,776.09,1991,3594673.039999998,142.62595832957518,4.2051179631228335,214.251155,695.39,740.952380952381,822.5334677816996
2013-07-27,24.0,245.997809375,100.67032479166667,213.7257775,21.909709583333335,100.0,32.272031875,89.13168083333333,3.486393125,779.72,114593.17,3292.87,0,0,0,0,1,779.72,1992,3595452.7599999984,146.96707792540911,4.223144205612271,213.7257775,776.09,735.3780952380954,822.6384137004256
2013-07-28,0.84167,260.62176947295256,100.65307034075113,229.54733492544585,21.783136088253116,3.1542789583333333,31.074434547506744,87.59428388156878,5.058784163983509,7.18,1118.54,43.54,0,0,0,0,1,204.73582282842443,1993,3595459.9399999985,155.78551532033427,6.064066852367688,229.54733492544582,779.72,647.9689270707273,802.5416278626756
2013-07-29,5.99166,268.55435908564573,100.38860686831362,223.7939904820701,14.313568004109046,9.0007975,44.760368603575635,71.47752704672828,18.10824822847091,65.68,9664.82,329.19,0,0,0,0,1,263.08568910785993,1994,3595525.6199999987,147.15012180267965,5.012028014616321,223.7939904820701,204.73582282842443,605.0573588480407,783.915484166271
2013-07-30,24.0,246.95155333333332,100.67834916666666,213.29263145833335,20.874452708333333,82.648879375,33.658921875,87.652311875,4.6141370833333335,670.4,97949.85,2818.95,0,0,0,0,1,670.4,1995,3596196.0199999986,146.10657816229119,4.204877684964201,213.29263145833332,263.08568910785993,594.2987874194692,778.7738174996042
2013-07-31,8.34167,248.48030336250415,100.65849456182036,216.25830712846468,21.741373729013496,38.997425416666665,32.221996234039466,88.56399952454365,3.045506343885577,324.71,48071.16,1344.09,0,0,0,0,1,934.2301961118096,1996,3596520.7299999986,148.04336176896308,4.139355116873518,216.25830712846468,670.4,617.6645297211562,781.8294907033311
2013-08-01,0.0,298.169,99.24457,297.58935,5.3944,0.0,0.57965,19.60955,0.15779,0.0,0.0,0.0,1,0,0,0,1,0.0,1997,3596520.7299999986,,,297.58934999999997,934.2301961118096,518.3231011497277,753.0328240366646
2013-08-02,0.0,298.16251,98.97087,297.6803,4.5626,0.0,0.48221,16.35689,0.18393,0.0,0.0,0.0,1,0,0,0,1,0.0,1998,3596520.7299999986,,,297.6803,0.0,407.45310114972773,724.1738240366645
2013-08-03,15.825,255.75240434439178,100.5659306635071,216.94800548183255,17.32925840442338,35.17674041666667,38.80439886255924,80.774871342812,9.883211895734597,318.64,46367.82,1400.63,0,0,0,0,1,483.2454976303318,1999,3596839.3699999987,145.5178885262365,4.395650263620388,216.94800548183252,0.0,365.09960081120374,711.0973406243423
2013-08-04,24.0,245.31363042553193,100.68643531914894,212.58885936170213,21.06565085106383,95.74432083333333,32.724771063829785,87.6609529787234,3.33795085106383,736.95,107818.45,3138.05,0,0,0,0,1,736.95,2000,3597576.319999999,146.30361625619105,4.2581586267725084,212.58885936170213,483.2454976303318,441.13019755000016,705.9423406243423
2013-08-05,24.0,244.92872234042554,100.69731770833333,212.59533021276596,21.54423744680851,97.91666666666667,32.33339212765957,87.50957914893617,3.3073336170212766,769.73,112669.2,3222.37,0,0,0,0,1,769.73,2001,3598346.049999999,146.37496264924064,4.186364049731724,212.59533021276596,736.95,513.5079562488773,704.3961290781697
2013-08-06,24.0,244.83009479166665,100.69873104166666,212.35750666666667,21.788066666666666,100.0,32.472588125,88.77333854166666,3.4176560416666666,777.23,113092.01,3224.77,0,0,0,0,1,777.23,2002,3599123.279999999,145.50649100009005,4.149054977291149,212.35750666666667,769.73,528.769384820306,698.6771290781697
2013-08-07,24.0,244.722753125,100.726429375,212.18448333333333,22.117380833333332,100.0,32.538269791666664,89.14848854166667,3.4736195833333334,788.24,114235.75,3232.51,0,0,0,0,1,788.24,2003,3599911.519999999,144.92508626814168,4.100921039277377,212.18448333333333,777.23,507.9136425186189,696.5391290781697
2013-08-08,24.0,245.21032208333332,100.69578666666666,212.73325041666666,22.102302083333335,100.0,32.47707166666667,89.18320520833333,3.4143377083333335,783.12,113784.88,3255.62,0,0,0,0,1,783.12,2004,3600694.639999999,145.2968638267443,4.1572428235774845,212.73325041666666,788.24,619.7879282329046,694.0561290781696
2013-08-09,24.0,245.33977270833333,100.68390583333333,212.94835666666665,21.983517916666667,100.0,32.391416041666666,88.11522770833334,3.3525302083333335,775.86,113390.93,3247.76,0,0,0,0,1,775.86,2005,3601470.499999999,146.14869950764313,4.186012940478952,212.94835666666665,783.12,730.6250710900474,690.9937957448363
2013-08-10,24.0,245.26845333333333,100.684480625,212.794655625,22.022434375,100.0,32.473797708333336,89.06893666666667,3.4167897916666665,777.26,113851.24,3250.6,0,0,0,0,1,777.26,2006,3602247.759999999,146.47767799706662,4.1821269588040035,212.794655625,775.86,772.6271428571429,688.5567957448364
2013-08-11,24.0,245.59050895833334,100.67769291666667,212.81263916666666,22.047517916666667,99.90797666666667,32.77786979166667,88.91890375,3.302900625,764.87,112420.02,3219.76,0,0,0,0,1,764.87,2007,3603012.629999999,146.97925137605083,4.209551950004577,212.81263916666668,777.26,776.6157142857144,684.9611290781698
2013-08-12,24.0,245.764893125,100.658675625,212.82504604166667,22.030667291666667,100.0,32.93984708333333,89.08450854166666,3.279971875,758.25,112361.19,3229.29,0,0,0,0,1,758.25,2008,3603770.879999999,148.1848862512364,4.258872403560831,212.82504604166667,764.87,774.9757142857143,681.5567957448364
2013-08-13,24.0,245.18920979166666,100.65612520833334,212.73698208333334,21.88382208333333,100.0,32.45222770833333,88.94789354166667,3.272237083333333,765.06,112807.39,3215.25,0,0,0,0,1,765.06,2009,3604535.939999999,147.44907588947274,4.202611559877657,212.73698208333332,758.25,773.237142857143,678.2877957448364
2013-08-14,24.0,245.25839208333332,100.6435525,212.94961979166666,21.980283541666665,100.0,32.30877229166666,89.06233,3.2806797916666666,768.65,112878.79,3197.42,0,0,0,0,1,768.65,2010,3605304.589999999,146.85330124243805,4.159786638912379,212.94961979166666,765.06,770.4385714285714,675.9961290781698
2013-08-15,24.0,245.8657275,100.62432416666667,213.63304270833333,21.8245325,100.0,32.232684791666664,88.13910875,3.21437,763.75,112481.08,3207.78,0,0,0,0,1,763.75,2011,3606068.339999999,147.274736497545,4.200039279869068,213.63304270833333,768.65,767.6714285714286,673.8647957448363
2013-08-16,24.0,246.12818833333333,100.61351083333334,213.84319,21.922651458333334,100.0,32.284998333333334,88.733845625,3.2467016666666666,777.62,113615.8,3211.9,0,0,0,0,1,777.62,2012,3606845.959999999,146.10709601090508,4.1304236002160435,213.84319,763.75,767.9228571428572,672.3184624115032
2013-08-17,24.0,246.329441875,100.60395145833333,214.142135625,21.765767708333332,100.0,32.18730625,87.569955,3.1621577083333334,765.66,112524.28,3229.74,0,0,0,0,1,765.66,2013,3607611.619999999,146.96376981950215,4.218243084397774,214.14213562499998,777.62,766.2657142857142,670.4117957448365
2013-08-18,24.0,246.505665625,100.59452895833333,214.2741925,21.751439791666666,100.0,32.231473125,87.943774375,3.182428541666667,767.88,112972.28,3221.76,0,0,0,0,1,767.88,2014,3608379.499999999,147.1223107777257,4.195655571182997,214.2741925,765.66,766.6957142857143,668.740462411503
2013-08-19,24.0,246.69928291666668,100.585684375,214.45916666666668,21.833349791666667,100.0,32.24011625,88.73815666666667,3.196059791666667,795.06,116512.43,3205.5,0,0,0,0,1,795.06,2015,3609174.559999999,146.54545568887883,4.031771187080221,214.45916666666668,767.88,771.9542857142858,667.9511290781697
2013-08-20,24.0,246.79724979166667,100.58097083333334,214.58192229166667,21.890349375,100.0,32.2153275,88.890728125,3.1868902083333333,783.49,115550.86,3209.42,0,0,0,0,1,783.49,2016,3609958.0499999993,147.4822397222683,4.096312652363144,214.58192229166667,795.06,774.5871428571428,666.847462411503
2013-08-21,24.0,246.940505,100.570229375,214.82349145833334,21.830906666666667,100.0,32.117013541666665,88.738825,3.1063479166666665,768.84,113402.9,3112.63,0,0,0,0,1,768.84,2017,3610726.889999999,147.49869933926433,4.048475625617814,214.82349145833334,783.49,774.6142857142858,673.6932401892808
2013-08-22,24.0,246.96958375,100.55928208333333,214.81874166666665,21.835080208333334,100.0,32.15084208333333,89.01509,3.149401666666667,775.82,113949.32,3301.53,0,0,0,0,1,775.82,2018,3611502.709999999,146.87597638627517,4.255536077956227,214.81874166666665,768.84,776.3385714285714,674.6969068559476
2013-08-23,24.0,247.07483333333334,100.54493208333334,215.03256479166666,21.702951875,100.0,32.042268541666665,87.57448125,3.0431214583333333,762.29,112954.8,3108.34,0,0,0,0,1,762.29,2019,3612264.999999999,148.17825237114485,4.077634496057931,215.0325647916667,775.82,774.1485714285715,674.4175735226141
2013-08-24,24.0,247.21076479166666,100.53490020833334,215.20942208333332,21.600369791666665,100.0,32.00134270833333,86.54132541666667,3.01809,759.95,112801.2,3199.8,0,0,0,0,1,759.95,2020,3613024.9499999993,148.432396868215,4.210540167116258,215.20942208333332,762.29,773.3328571428572,676.5695735226142
2013-08-25,24.0,247.27866666666668,100.5325975,215.281935625,21.654622291666666,100.0,31.996731041666667,87.35280020833333,3.0099410416666665,756.32,111830.97,3195.62,0,0,0,0,1,756.32,2021,3613781.269999999,147.8619764121007,4.225222128199704,215.28193562500002,759.95,771.6814285714287,675.9105735226142
2013-08-26,24.0,247.42972208333333,100.52508604166667,215.42040208333333,21.729927083333333,100.0,32.00932,88.89469104166666,3.0292554166666665,750.96,111023.36,3196.3,0,0,0,0,1,750.96,2022,3614532.229999999,147.84190902311707,4.256285288164483,215.42040208333333,756.32,765.3814285714286,674.9519068559475
2013-08-27,24.0,247.27498791666667,100.38817479166667,215.14658729166666,21.66903875,100.0,32.128400625,88.49152958333333,3.000223125,813.18,122663.65,3195.11,0,0,0,0,1,813.18,2023,3615345.409999999,150.84440099362996,3.9291546767013457,215.14658729166666,750.96,769.6228571428571,695.2333794283334
2013-08-28,24.0,247.08130375,100.17142520833333,214.95735520833333,21.773353125,100.0,32.123948541666664,89.19068541666667,3.0770639583333335,701.65,121222.43,3345.07,0,0,0,0,1,701.65,2024,3616047.059999999,172.76766193971352,4.767433905793487,214.95735520833333,813.18,760.0242857142857,709.8521897914047
2013-08-29,24.0,247.60047645833333,100.50600666666666,215.627146875,21.714439791666667,100.0,31.973329583333335,88.80636541666667,3.0415497916666667,705.38,122578.37,3206.38,0,0,0,0,1,705.38,2025,3616752.439999999,173.77636167739374,4.545606623380306,215.627146875,701.65,749.9614285714287,711.0181897914048
2013-08-30,24.0,247.65058333333334,100.50015354166666,215.674814375,21.66759125,100.0,31.975768958333333,88.69359895833334,3.0019064583333335,714.74,123518.38,3248.69,0,0,0,0,1,714.74,2026,3617467.1799999992,172.8158211377564,4.54527520496964,215.674814375,705.38,743.1685714285715,703.7018499210111
2013-08-31,24.0,247.46200229166666,100.49730583333333,215.60297958333334,21.547109375,100.0,31.859022708333335,88.70767979166666,3.081655,720.45,124283.77,3223.57,0,0,0,0,1,720.45,2027,3618187.6299999994,172.50852939135262,4.4743840655146085,215.60297958333334,714.74,737.5257142857143,727.7168499210111
2013-09-01,24.0,247.56417541666667,100.49372895833334,215.6719875,21.453934375,100.0,31.892187916666668,88.41055520833334,3.0597775,720.93,124783.58,3168.17,0,0,0,0,1,720.93,2028,3618908.5599999996,173.0869571248249,4.394559804696712,215.6719875,720.45,732.47,751.7478499210112
2013-09-02,24.0,248.04229041666667,100.481769375,215.85045479166666,21.529495833333332,100.0,32.191835625,88.71592104166666,2.9956416666666668,748.74,127464.54,3146.36,0,0,0,0,1,748.74,2029,3619657.3,170.2387210513663,4.202206373373935,215.85045479166666,720.93,732.1528571428571,760.5976666666667
2013-09-03,24.0,247.88079854166668,100.479373125,215.848394375,21.622723333333333,100.0,32.032404166666666,88.8645075,3.035773125,754.75,113767.92,3098.7,0,0,0,0,1,754.75,2030,3620412.05,150.73589930440542,4.105597880092746,215.848394375,748.74,723.8057142857143,761.1910000000001
2013-09-04,24.0,248.012975,100.47357770833334,216.03745020833333,21.506109375,100.0,31.97552479166667,88.14823708333333,2.979654375,759.66,114563.54,3236.23,0,0,0,0,1,759.66,2031,3621171.71,150.8089671695232,4.2601032040649764,216.03745020833335,754.75,732.092857142857,760.8553333333333
2013-09-05,24.0,248.047233125,100.46579770833333,216.13248354166666,21.445164166666668,100.0,31.914749583333332,87.66059604166666,2.947031875,773.9,115981.61,3456.27,0,0,0,0,1,773.9,2032,3621945.61,149.8664039281561,4.466042124305466,216.13248354166666,759.66,741.8814285714286,760.7443333333333
2013-09-06,24.0,248.07241833333333,100.458361875,216.05159395833334,21.459427916666666,100.0,32.020824375,88.83629604166667,2.983774375,767.82,113533.64,3877.39,0,0,0,0,1,767.82,2033,3622713.4299999997,147.86491625641426,5.0498684587533536,216.05159395833334,773.9,749.4642857142857,760.0636666666667
2013-09-07,24.0,247.96344708333334,100.45317666666666,216.0977875,21.504601041666668,100.0,31.865659583333333,88.45492854166666,2.93951375,764.48,113007.24,3900.99,0,0,0,0,1,764.48,2034,3623477.9099999997,147.82236291335286,5.102801904562578,216.0977875,767.82,755.7542857142856,759.4423333333333
2013-09-08,24.0,247.974006875,100.45338916666667,216.069664375,21.609938125,100.0,31.9043425,88.84388166666666,2.974072291666667,760.03,111888.61,3889.88,0,0,0,0,1,760.03,2035,3624237.9399999995,147.21604410352222,5.118061129165954,216.069664375,764.48,761.34,758.9146666666668
2013-09-09,24.0,247.95277416666667,100.453639375,216.03606,21.619415,100.0,31.916714166666665,89.058311875,2.9782254166666666,764.55,112897.66,3883.33,0,0,0,0,1,764.55,2036,3625002.4899999993,147.6655025832189,5.079236151984828,216.03606000000002,760.03,763.5985714285714,758.491
2013-09-10,24.0,247.92501145833333,100.45313479166667,216.07176104166666,21.43067125,100.0,31.85325041666667,88.78710520833333,2.917904375,749.17,110518.63,3875.74,0,0,0,0,1,749.17,2037,3625751.659999999,147.52143038295716,5.173378538916401,216.07176104166666,764.55,762.8014285714286,757.9676666666667
2013-09-11,24.0,247.88343145833332,100.45163208333334,216.05593625,21.486270208333334,100.0,31.827495208333332,88.92924958333333,2.8761227083333334,737.77,109107.94,3856.98,0,0,0,0,1,737.77,2038,3626489.4299999992,147.88882714124998,5.227889450641799,216.05593625,749.17,759.6742857142857,757.285
2013-09-12,18.64167,248.27778261966873,100.44895564430655,216.54874827409776,21.54943851568556,77.72956583333334,31.72903434557097,88.70321337792697,2.9034636258822304,586.5,88642.07,2948.2,0,0,0,0,1,755.082565027704,2039,3627075.9299999992,151.13737425404946,5.026768968456948,216.54874827409776,737.77,756.9860807182433,756.9524188342567
2013-09-13,10.65834,260.18720079096744,100.30328817855313,222.3925668988229,18.943093535278475,46.25211770833333,37.79463389214455,80.59446271223287,10.370875790104275,218.49,34720.62,1249.32,0,0,0,0,1,491.98655700606287,2040,3627294.4199999995,158.91171220650833,5.717973362625291,222.39256689882288,755.082565027704,717.581303147681,747.7303040677923
2013-09-14,6.85833,268.89431328386064,100.1909547688723,225.18781757505107,15.707563854801387,10.986153125,43.70649570880958,74.89490629463732,15.327194829047304,27.93,3874.34,309.12,0,0,0,0,1,97.73807909505668,2041,3627322.3499999996,138.71607590404582,11.067669172932332,225.18781757505107,491.98655700606287,622.3324573041176,725.5299067042941
2013-09-15,24.0,249.59346145833334,100.4214625,216.27598229166668,20.93099875,79.94676270833334,33.317479166666665,86.80207208333333,4.200424583333334,545.87,80990.79,2768.34,0,0,0,0,1,545.87,2042,3627868.2199999997,148.37010643559822,5.071427262901423,216.27598229166668,97.73807909505668,591.738171589832,717.804906704294
2013-09-16,22.33333,254.87729729261602,100.37063927716557,218.88172331398854,20.821316372990502,71.47878770833333,35.99557397862746,84.99082071113891,7.047668330208706,479.48,71612.4,2741.6,0,0,0,0,1,515.2621664570398,2043,3628347.6999999997,149.35430049219985,5.717861016100775,218.88172331398857,545.87,556.1256239408376,709.458312252862
2013-09-17,24.0,248.32487770833333,100.423698125,215.8355475,21.526718958333333,99.97300291666667,32.489330208333335,87.35469125,2.971110208333333,628.31,94025.16,3412.96,0,0,0,0,1,628.31,2044,3628976.01,149.64772166605658,5.4319682959048885,215.8355475,515.2621664570398,538.8599096551233,704.8059789195288
2013-09-18,10.64167,250.017427943678,100.38607137562056,217.11127199412311,21.701422806317055,43.6620375,32.90615594955491,88.32989340337559,3.6466943921771677,284.01,43390.51,1583.22,0,0,0,0,1,640.5235268524583,2045,3629260.0199999996,152.77810640470406,5.574522023872399,217.1112719941231,628.31,524.9675563483316,699.6547631479441
2013-09-20,17.025,256.7493825400411,100.33801396660206,220.07083109897798,18.686215662032307,39.66958541666666,36.67855144106314,82.34806765656975,7.610854093556535,326.59,47449.05,2440.95,0,0,0,0,2,460.3911894273128,2047,3629586.6099999994,145.2862916807006,7.474050032150402,220.07083109897795,640.5235268524583,482.8687884054187,688.8848027955212
2013-09-21,19.83333,250.63826313445094,100.43725627830526,217.026744619189,21.310220196658857,82.06319645833334,33.611518515261935,86.3289078865677,3.856698990361175,655.17,100328.19,3502.51,0,0,0,0,1,792.8108895480486,2048,3630241.7799999993,153.1330647007647,5.3459560114168845,217.026744619189,460.3911894273128,525.8436930542738,689.6838324471228
2013-09-22,24.0,250.52385729166667,100.41295333333333,216.80926,21.322492291666666,84.97887604166667,33.714597291666664,86.874405625,4.125456041666666,574.57,85308.67,3630.33,0,0,0,0,1,574.57,2049,3630816.349999999,148.47393703117112,6.318342412586803,216.80926,792.8108895480486,593.9625388978371,682.9754991137894
2013-09-23,24.0,248.051898125,100.41062604166666,215.63025270833333,21.964546458333334,100.0,32.421645416666664,88.694489375,2.9285085416666665,625.99,92983.67,3438.74,0,0,0,0,1,625.99,2050,3631442.3399999994,148.53858687838462,5.4932826402977675,215.63025270833333,574.57,605.4082531835513,678.4321657804561
2013-09-24,24.0,247.7176575,100.46006875,215.23430854166668,21.90096125,100.0,32.48334895833333,88.63697604166667,2.981126875,656.48,97891.34,3682.4,0,0,0,0,1,656.48,2051,3632098.8199999994,149.11549475993175,5.609310260784792,215.23430854166668,625.99,625.5822294039742,674.983165780456
2013-09-25,24.0,247.644034375,100.48672729166667,215.152435,22.042189791666665,100.0,32.491599375,88.83352208333334,2.97964,659.55,98515.9,3681.47,0,0,0,0,1,659.55,2052,3632758.369999999,149.36835721325147,5.58179061481313,215.152435,656.48,630.0450865468314,671.7574991137894
2013-09-26,24.0,247.78721083333335,100.48364770833334,215.32380020833332,22.075561875,100.0,32.463410625,88.934755,2.95025,661.93,98839.06,3691.26,0,0,0,0,1,661.93,2053,3633420.2999999993,149.31950508361913,5.57651111144683,215.32380020833335,659.55,633.1031541393373,668.7898324471228
2013-09-27,16.83333,186.94078505738318,73.56892283925997,150.8364669506984,20.859882565036152,52.94305166666667,36.10431810668477,85.85010851495218,7.3540585903799185,491.73,78722.08,2729.0,0,0,0,0,1,701.0805348674327,2054,3633912.0299999993,160.09208305370834,5.549793585910967,150.83646695069842,661.93,667.4873463450687,665.0531836093705
2013-09-28,24.0,0.0,0.0,32.239460208333334,21.842968333333335,99.22782,32.239460208333334,87.80062791666667,3.0340695833333333,799.2,121313.61,4035.42,0,0,0,0,1,799.2,2055,3634711.2299999995,151.7938063063063,5.049324324324324,-32.239460208333334,701.0805348674327,668.4000764096334,668.3048502760372
2013-09-29,24.0,135.62582895833333,54.760489791666664,103.13973583333333,21.957391458333333,100.0,32.486093125,87.065948125,2.9925935416666665,665.7,99793.64,3783.79,0,0,0,0,1,665.7,2056,3635376.9299999997,149.90782634820488,5.683926693705873,103.13973583333333,799.2,681.4186478382046,666.9821836093705
2013-09-30,24.0,247.9593075,100.15889520833333,215.48207270833333,21.858898541666665,100.0,32.47723479166667,85.9958325,2.972531875,681.42,101940.26,3658.38,0,0,0,0,1,681.42,2057,3636058.3499999996,149.59974758592352,5.368759355463591,215.48207270833333,665.7,689.3372192667761,665.8715169427038
2013-10-01,24.0,248.5768675,100.42040791666666,216.13995541666668,21.769891875,100.0,32.43691208333333,85.981393125,2.9507110416666666,681.02,101738.91,4416.94,0,0,0,0,1,681.02,2058,3636739.3699999996,149.391956183372,6.4857713429855215,216.13995541666665,681.42,692.8429335524904,664.5571836093706
2013-10-02,24.0,248.57208416666666,100.42438666666666,216.13477104166665,21.769931041666666,100.0,32.437313125,86.44701666666667,2.9587314583333333,711.35,106402.53,3896.04,0,0,0,0,1,711.35,2059,3637450.7199999997,149.5783088493709,5.47696633162297,216.13477104166665,681.02,700.2429335524904,664.2378502760372
2013-10-03,24.0,248.774375625,100.41405479166667,216.34198833333335,21.70956875,100.0,32.432387291666664,85.81354145833333,2.9363314583333335,707.63,106276.04,3623.19,0,0,0,0,1,707.63,2060,3638158.3499999996,150.1858881053658,5.120175798086571,216.34198833333335,711.35,706.7715049810619,662.8675169427038
2013-10-04,24.0,248.957245625,100.39662229166667,216.537190625,21.73804833333333,100.0,32.420055,86.924225625,2.9169966666666665,705.9,105906.77,3531.96,0,0,0,0,1,705.9,2061,3638864.2499999995,150.03084006233178,5.003484912877179,216.53719062500002,707.63,707.46,661.2391836093705
2013-10-05,24.0,248.93275020833335,100.38305083333333,216.465726875,21.95063875,100.0,32.46702333333333,88.97134166666666,2.9630775,714.35,106241.03,3571.88,0,0,0,0,1,714.35,2062,3639578.5999999996,148.72405683488486,5.0001819836214745,216.46572687500003,705.9,695.3385714285714,659.7288502760371
2013-10-06,24.0,248.908749375,100.36787291666667,216.51038416666665,21.78457625,100.0,32.39836520833333,87.94548583333334,2.920917916666667,718.46,106719.52,3499.55,0,0,0,0,1,718.46,2063,3640297.0599999996,148.5392645380397,4.870904434484871,216.51038416666668,714.35,702.8757142857143,657.8808502760372
2013-10-07,24.0,249.0317914893617,100.36084851063829,216.63257914893617,21.72715404255319,97.91666666666667,32.399212340425535,87.71875531914894,2.926273404255319,714.08,106585.72,3627.85,0,0,0,0,1,714.08,2064,3641011.1399999997,149.2629957427739,5.080453170513107,216.63257914893614,718.46,707.5414285714286,656.0895169427039
2013-10-08,24.0,249.16318083333334,100.352871875,216.778783125,21.75278625,100.0,32.38439770833333,88.24470791666667,2.902751875,709.59,105852.32,3628.73,0,0,0,0,1,709.59,2065,3641720.7299999995,149.17391733254414,5.11384038670218,216.77878312500002,714.08,711.6228571428572,654.2598502760372
2013-10-09,24.0,249.32436625,100.3473575,216.93468666666666,21.756700416666668,100.0,32.38967958333333,88.70518354166667,2.9015204166666666,702.19,105030.92,3519.17,0,0,0,0,1,702.19,2066,3642422.9199999995,149.57621156666997,5.011706233355644,216.93468666666666,709.59,710.3142857142857,652.3318502760371
2013-10-10,24.0,249.46756020833334,100.33983708333334,217.10938395833332,21.59437625,100.0,32.35817625,88.445935625,2.8859489583333335,703.99,104879.91,3560.33,0,0,0,0,1,703.99,2067,3643126.9099999997,148.97926106904927,5.0573587693007,217.10938395833335,702.19,709.7942857142856,650.3131836093705
2013-10-11,12.14167,250.38921225277082,100.33848574012471,218.05489984386003,21.731434431985058,53.56819229166667,32.3343124089108,88.80789996961703,3.07636292915225,311.95,46636.0,1511.82,0,0,0,0,1,616.6202837006771,2068,3643438.86,149.49831703798685,4.8463535823048565,218.05489984386003,703.99,697.0400405286682,645.8948597327266
2013-10-12,9.35833,272.7696682007901,100.10268137364253,226.9206781773778,16.119149709275053,13.895140625,45.8489900234123,73.08391334438944,16.43762098183116,44.93,7028.94,276.15,0,0,0,0,1,115.2256866342606,2069,3643483.79,156.44202092143334,6.14622746494547,226.9206781773778,616.6202837006771,611.450852904991,625.1433826205351
2013-10-13,24.0,250.80052291666667,100.31131395833333,217.76450625,21.562156875,89.05667291666667,33.03601666666667,88.191800625,3.7733933333333334,615.54,92193.99,3345.97,0,0,0,0,1,615.54,2070,3644099.33,149.77741495272446,5.435828703252429,217.76450625,115.2256866342606,596.7479957621339,620.4919637862783
2013-10-14,24.0,249.9154125,100.311868125,217.709411875,21.966008541666667,100.0,32.206000625,88.45745770833334,2.9134997916666667,671.85,100989.62,3554.36,0,0,0,0,1,671.85,2071,3644771.18,150.31572523628785,5.290407084914787,217.709411875,615.54,590.7151386192769,626.4874118860763
2013-10-15,24.0,249.58410270833335,100.306408125,217.29791625,22.033688125,100.0,32.28618645833333,88.63307916666666,2.9391260416666665,683.09,102203.65,3592.57,0,0,0,0,1,683.09,2072,3645454.27,149.61959624646823,5.259292333367492,217.29791625000001,671.85,586.9294243335626,645.9991425829077
2013-10-16,24.0,249.85939333333334,100.294665,217.59006229166667,22.0838975,100.0,32.26933104166667,88.6979125,2.8944658333333333,680.85,101911.18,3585.66,0,0,0,0,1,680.85,2073,3646135.12,149.68227950356172,5.2664463538224275,217.59006229166667,683.09,583.8808529049911,650.4984759162411
2013-10-17,24.0,249.68609104166666,100.32401479166667,217.375065625,22.05180208333333,100.0,32.311025416666666,88.51187083333333,2.8789429166666665,692.36,103933.27,3618.61,0,0,0,0,1,692.36,2074,3646827.48,150.11449246056964,5.226486221041077,217.375065625,680.85,582.2194243335625,656.4017370343397
2013-10-18,24.0,249.75134666666668,100.33600895833334,217.41551791666666,22.150016666666666,100.0,32.33582875,88.56437229166667,2.9094575,685.23,102487.92,3632.46,0,0,0,0,1,685.23,2075,3647512.71,149.5671818221619,5.301081388730791,217.4155179166667,692.36,592.020812376323,658.299070367673
2013-10-19,24.0,249.933551875,100.32327145833334,217.70744354166666,21.877569583333333,100.0,32.226108333333336,87.04611479166667,2.8055791666666665,679.92,101650.61,3613.25,0,0,0,0,1,679.92,2076,3648192.63,149.50377985645372,5.314228144487587,217.70744354166666,685.23,672.6914285714286,659.6122861392577
2013-10-20,24.0,249.79834,100.311155625,217.63379604166667,21.688771875,100.0,32.16454395833333,86.37028520833333,2.7547041666666665,691.96,104476.24,3600.3,0,0,0,0,1,691.96,2077,3648884.59,150.98595294525694,5.2030464188681425,217.63379604166667,679.92,683.6085714285715,667.3312464916806
2013-10-21,24.0,249.52244875,100.30022416666667,217.43787229166668,21.586366875,100.0,32.08457645833333,84.789615625,2.6901520833333334,678.86,102674.6,3601.71,0,0,0,0,1,678.86,2078,3649563.4499999997,151.24561765312436,5.305526912765519,217.43787229166668,691.96,684.6099999999999,663.5328835067456
2013-10-22,24.0,249.57200729166667,100.29984,217.43578375,21.7065525,100.0,32.136223541666666,86.85686375,2.722145,686.85,102817.72,3607.8,0,0,0,0,1,686.85,2079,3650250.3,149.6945766906894,5.252675256606246,217.43578374999998,678.86,685.147142857143,667.2755501734123
2013-10-23,24.0,249.61341479166666,100.29984,217.47337645833332,21.803212708333334,100.0,32.14003833333334,87.38957229166667,2.710875625,687.36,102605.07,3614.06,0,0,0,0,1,687.36,2080,3650937.6599999997,149.27413582402235,5.257885242085661,217.47337645833332,686.85,686.0771428571428,669.321216840079
2013-10-24,24.0,249.62929382978723,100.29509042553191,217.4366510638298,21.751994680851062,97.91666666666667,32.192642765957444,87.25943042553192,2.7646427659574466,686.11,102293.65,3594.31,0,0,0,0,1,686.11,2081,3651623.7699999996,149.0922009590299,5.238678929034703,217.4366510638298,687.36,685.1842857142858,670.3088835067458
2013-10-25,24.0,249.59234854166667,100.286154375,217.44658520833335,21.782439166666666,100.0,32.145763333333335,87.21211291666667,2.73380125,687.65,102619.38,3580.24,0,0,0,0,1,687.65,2082,3652311.4199999995,149.23199301970482,5.206485857631062,217.44658520833332,686.11,685.53,671.2455501734124
2013-10-26,24.0,249.71254270833333,100.27924,217.54214770833335,21.799872083333334,100.0,32.170395,87.8325175,2.75214375,685.92,102078.33,3596.09,0,0,0,0,1,685.92,2083,3652997.3399999994,148.81958537438769,5.242725099136926,217.54214770833335,687.65,686.3871428571429,672.0452168400791
2013-10-27,24.30833,250.21289315858803,100.27146534826127,218.1390550391368,21.693507709349017,95.8109512,32.07383811945123,87.11225798909263,2.8002033095074816,675.02,100863.31,3592.56,0,0,0,0,1,666.4579590617701,2084,3653672.3599999994,149.42269858670855,5.322153417676513,218.1390550391368,685.92,682.7439941516815,670.8911309798902
2013-10-28,0.0,297.37234,99.43694,294.98439,7.81708,1.136795625,2.38795,25.10985,0.10658,0.0,0.0,0.0,1,0,0,0,1,0.0,2085,3653672.3599999994,,,294.98439,666.4579590617701,585.7639941516815,644.2511309798903
2013-10-29,0.0,296.28623,98.99203,294.66896,5.24533,1.358330625,1.61727,12.72995,11.0634,0.0,0.0,0.0,1,0,0,0,1,0.0,2086,3653672.3599999994,,,294.66895999999997,0.0,487.64256558025284,622.0611309798902
2013-10-30,12.85833,262.406615468074,100.16008017149971,222.99573005518602,16.920147754444006,24.491666875,39.410885412887986,77.18649759363774,10.642047711250218,193.53,28018.36,950.62,0,0,0,0,1,361.22264710891693,2087,3653865.889999999,144.7752803182969,4.9120033069808295,222.99573005518602,0.0,441.051515167241,611.3878858835209
2013-10-31,24.0,249.52590104166666,100.23377833333333,217.219166875,21.176400625,100.0,32.306734166666665,86.53930541666666,3.0504302083333332,633.57,94019.67,3409.39,0,0,0,0,1,633.57,2088,3654499.459999999,148.39665703868553,5.381236485313382,217.21916687499998,361.22264710891693,433.5458008815267,609.8062192168542
2013-11-01,24.0,249.73135208333332,100.24343854166666,217.68893354166667,26.6822425,100.0,32.04241854166666,86.07465458333333,2.726535,677.68,100622.08,3542.29,0,0,0,0,1,677.68,2089,3655177.139999999,148.4802266556487,5.227083579270452,217.68893354166664,633.57,432.121515167241,608.6838858835207
2013-11-02,3.225,251.69201364341086,100.23924968992247,217.4671534883721,21.154783023255813,14.657182291666667,34.22486015503876,86.48904085271317,5.95937472868217,11.09,1587.12,62.89,0,0,0,0,1,82.53023255813953,2090,3655188.229999999,143.1127141568981,5.670874661857529,217.4671534883721,677.68,345.9229769612609,587.8472269687921
2013-11-03,6.025,270.4833604093776,99.91085636034855,226.03650427752697,13.39226385286307,9.051365208333333,44.44685613185062,67.24332952059751,15.652889224896265,5.75,856.02,31.69,0,0,0,0,1,22.904564315352697,2091,3655193.979999999,148.87304347826085,5.511304347826087,226.036504277527,82.53023255813953,253.98677771177273,565.0807124459706
2013-11-04,24.0,249.55500020833333,100.193344375,216.82706229166666,20.300718125,100.0,32.72793791666667,87.36980270833334,3.8895354166666665,565.18,81180.4,3662.27,0,0,0,0,1,565.18,2092,3655759.159999999,143.63636363636363,6.479829434870307,216.82706229166666,22.904564315352697,334.72677771177274,560.1083791126372
2013-11-05,24.0,248.60320270833333,100.241776875,216.944953125,21.405035625,99.97306104166667,31.658249583333333,88.272386875,2.796502708333333,678.85,93705.27,3637.89,0,0,0,0,1,678.85,2093,3656438.0099999993,138.0353097149591,5.358901082713412,216.94495312499998,565.18,431.70534914034414,558.7880457793038
2013-11-06,24.0,257.219915,100.21393770833333,218.94005729166668,20.646167916666666,77.48112291666666,38.27985770833333,84.55658604166666,7.513200833333333,647.62,90581.46,3684.22,0,0,0,0,1,647.62,2094,3657085.6299999994,139.8682251937865,5.688860751675365,218.94005729166668,678.85,472.61925669621314,556.5727124459705
2013-11-07,24.0,249.77119708333333,100.22967270833334,217.183835625,21.401873541666667,100.0,32.58736145833333,86.76766375,3.1165364583333335,623.9,91689.08,4449.92,0,0,0,0,1,623.9,2095,3657709.5299999993,146.96117967623016,7.1324250681198915,217.183835625,647.62,471.2378281247846,553.7163791126372
2013-11-08,24.0,249.21849270833334,100.25865791666666,216.93894520833334,21.15533375,99.988956875,32.2795475,86.54047625,2.8037545833333333,670.56,99144.91,3661.0,0,0,0,0,1,670.56,2096,3658380.0899999994,147.85389823431163,5.459615843474111,216.93894520833334,623.9,470.2206852676417,552.6620457793039
2013-11-09,24.0,249.24701354166666,100.2856,216.91732916666666,21.280047291666666,99.99797645833333,32.329684375,88.46635916666666,2.857131875,661.81,98047.63,3630.1,0,0,0,0,1,661.81,2097,3659041.8999999994,148.15072301718018,5.485109019204908,216.91732916666666,670.56,552.9749377593361,551.2560457793039
2013-11-10,24.0,249.36230020833332,100.27313333333333,217.04304354166666,21.209311666666668,100.0,32.31925666666667,88.40469041666667,2.851225208333333,659.87,98393.97,3685.49,0,0,0,0,1,659.87,2098,3659701.7699999996,149.11114310394473,5.5851758679739945,217.04304354166666,661.81,643.97,552.6977029892813
2013-11-11,24.0,249.304299375,100.26194645833333,217.11700708333333,20.930257291666667,100.0,32.187292291666665,86.51246479166667,2.7869964583333333,673.1,98850.99,3804.54,0,0,0,0,1,673.1,2099,3660374.8699999996,146.85929282424604,5.652265636606745,217.11700708333333,659.87,659.3871428571429,571.293513434806
2013-11-12,24.0,249.57759041666668,100.25515458333334,217.10508708333333,21.048538541666666,100.0,32.472503333333336,87.07567729166666,2.7937675,707.48,104181.96,3701.39,0,0,0,0,1,707.48,2100,3661082.3499999996,147.2578164753774,5.231794538361508,217.10508708333333,673.1,663.4771428571429,574.3581801014726
2013-11-13,24.0,249.26820229166665,100.25357333333334,216.94655479166667,21.009511041666666,100.0,32.3216475,87.46310145833333,2.854113125,699.29,103417.77,3672.5,0,0,0,0,1,699.29,2101,3661781.6399999997,147.88967381200933,5.251755351856883,216.94655479166664,707.48,670.8585714285715,575.2728467681393
2013-11-14,24.0,248.99029416666667,100.24600041666666,216.690006875,20.943504583333333,100.0,32.30028729166666,87.72465291666667,2.836921041666667,707.27,105510.91,3623.51,0,0,0,0,1,707.27,2102,3662488.9099999997,149.1805251177061,5.123234408358901,216.690006875,699.29,682.7685714285715,576.0788467681393
2013-11-15,24.0,249.34371083333335,100.23525979166666,217.04643520833332,20.907799791666665,100.0,32.297275625,87.2194875,2.83943875,714.35,106211.69,3557.83,0,0,0,0,1,714.35,2103,3663203.26,148.68298453139218,4.980513753762161,217.04643520833335,707.27,689.0242857142856,577.195513434806
2013-11-16,24.0,249.48402791666666,100.22587354166667,217.19991625,20.874968958333334,100.0,32.28411166666667,87.14700729166667,2.8302635416666666,721.6,106473.24,3556.08,0,0,0,0,1,721.6,2104,3663924.86,147.55160753880267,4.928048780487805,217.19991625,714.35,697.5657142857143,578.1701801014727
2013-11-17,24.0,249.632595625,100.21970854166666,217.355506875,20.900816666666667,100.0,32.27708875,88.01668208333334,2.8311702083333334,701.5,104176.08,3541.04,0,0,0,0,1,701.5,2105,3664626.36,148.50474697077692,5.047811831789024,217.355506875,721.6,703.5128571428571,578.712513434806
2013-11-18,24.0,249.76924833333334,100.21000979166666,217.53147208333334,20.870835208333332,100.0,32.23777625,88.042170625,2.780332083333333,701.07,104686.17,3522.21,0,0,0,0,1,701.07,2106,3665327.4299999997,149.32341991527235,5.0240489537421364,217.53147208333334,701.5,707.5085714285714,579.417513434806
2013-11-19,24.0,249.93435229166667,100.20313875,217.702694375,20.81884,100.0,32.23165791666667,87.90838,2.7802154166666666,688.24,103139.22,3563.01,0,0,0,0,1,688.24,2107,3666015.67,149.8593804486807,5.176987678716727,217.702694375,701.07,704.7600000000001,579.293513434806
2013-11-20,24.0,250.35654416666668,100.189195,218.153211875,20.704840416666666,100.0,32.20333229166667,86.58558875,2.7377785416666667,705.48,105803.84,3522.39,0,0,0,0,1,705.48,2108,3666721.15,149.97425866076998,4.992898452117707,218.153211875,688.24,705.6442857142857,580.1808467681393
2013-11-21,24.0,250.56798166666667,100.17880104166667,218.32730833333332,20.806280416666667,100.0,32.24067333333333,87.8709675,2.7874472916666666,706.16,105307.97,3627.07,0,0,0,0,1,706.16,2109,3667427.31,149.12763396397418,5.13632887730826,218.32730833333335,705.48,705.4857142857143,580.824513434806
2013-11-22,24.0,250.724816875,100.17853,218.42943395833333,20.962444791666666,100.0,32.29538291666667,88.60520979166667,2.82685,715.3,106522.1,3740.28,0,0,0,0,1,715.3,2110,3668142.61,148.9194743464281,5.228966867048792,218.42943395833333,706.16,705.6214285714286,581.7558467681393
2013-11-23,24.0,250.91153583333335,100.174778125,218.62843604166667,20.953246458333332,100.0,32.283099791666665,88.63843125,2.8275454166666667,705.39,104714.54,3748.14,0,0,0,0,1,705.39,2111,3668848.0,148.44914160960602,5.3135712159231065,218.62843604166667,715.3,703.3057142857143,582.398513434806
2013-11-24,24.0,250.97911354166666,100.16936729166666,218.74364979166666,20.758225416666665,100.0,32.23546375,88.13720520833333,2.7933389583333335,699.92,105358.89,3769.21,0,0,0,0,1,699.92,2112,3669547.92,150.52990341753343,5.385201165847525,218.74364979166666,705.39,703.0799999999999,582.8075134348059
2013-11-25,24.0,251.082710625,100.16295666666667,218.84978208333334,20.823665416666667,100.0,32.232928541666666,88.34915791666667,2.800285625,700.29,105549.37,3772.51,0,0,0,0,1,700.29,2113,3670248.21,150.7223721601051,5.387068214596811,218.84978208333334,699.92,702.9685714285715,583.286513434806
2013-11-26,24.0,251.12582041666667,100.15793,218.93663208333334,20.803160416666667,100.0,32.189188333333334,87.68488833333333,2.747393125,702.39,105967.93,3769.38,0,0,0,0,1,702.39,2114,3670950.6,150.86765187431484,5.366505787383078,218.93663208333334,700.29,704.9899999999999,584.4842481327469
2013-11-27,24.0,250.218461875,99.4316375,218.03055833333335,20.851680208333335,100.0,32.187903541666664,88.50788229166666,2.738049375,701.55,105482.42,3885.61,0,0,0,0,1,701.55,2115,3671652.15,150.3562397548286,5.538607369396337,218.03055833333335,702.39,704.4285714285714,607.8692481327469
2013-11-28,24.0,251.22546729166666,100.14877,219.05670895833333,20.784247916666665,100.0,32.16875833333334,88.33490666666667,2.736855625,700.53,105637.07,3753.93,0,0,0,0,1,700.53,2116,3672352.6799999997,150.79592594178695,5.358699841548542,219.05670895833333,701.55,703.6242857142857,631.2202481327471
2013-11-29,24.0,251.37759645833333,100.14877,219.21135833333332,20.706480833333334,100.0,32.166238125,87.65999895833333,2.7164395833333335,696.45,105346.83,3769.31,0,0,0,0,1,696.45,2117,3673049.13,151.2625888434202,5.412176035609161,219.21135833333332,700.53,700.9314285714285,642.3944932291164
2013-11-30,24.0,251.49223854166667,100.14718875,219.33026645833334,20.765730625,100.0,32.16197208333333,88.16931145833334,2.717658125,698.99,105432.77,3790.17,0,0,0,0,1,698.99,2118,3673748.12,150.83587748036453,5.422352251105166,219.33026645833334,696.45,700.0171428571429,644.575159895783
2013-12-01,24.0,251.45987770833332,100.13962,219.31435604166666,20.766933541666667,100.0,32.14552166666667,88.347655625,2.718089791666667,700.13,105229.65,3759.65,0,0,0,0,1,700.13,2119,3674448.25,150.30015854198504,5.369931298473141,219.31435604166666,698.99,700.0471428571428,645.3234932291164
2013-12-02,24.0,251.50337,100.13625958333333,219.367674375,20.72091875,100.0,32.135695625,87.18778395833333,2.7027208333333332,644.52,96702.64,4057.69,0,0,0,0,1,644.52,2120,3675092.77,150.03823000062062,6.295677403338919,219.36767437499998,700.13,692.0799999999999,664.0564854771784
2013-12-03,24.0,251.39858666666666,100.12817,219.29696958333332,20.669859583333334,100.0,32.10161708333333,87.41488729166667,2.67922125,642.92,95817.7,3776.6,0,0,0,0,1,642.92,2121,3675735.69,149.03518322652897,5.8741367510732285,219.29696958333332,644.52,683.5842857142858,684.7236666666666
2013-12-04,24.0,251.429725625,100.12467104166667,219.35617270833333,20.641197708333333,100.0,32.073552916666664,87.819058125,2.6470660416666667,623.26,92088.63,3784.08,0,0,0,0,1,623.26,2122,3676358.9499999997,147.7531527773321,6.071430863524051,219.35617270833333,642.92,672.4,686.6596666666667
2013-12-05,23.55833,251.94372527462684,100.11854783066966,219.41855621502035,20.319125895456086,96.36707979166667,32.52516905960652,85.77347903306813,3.0899102782412844,609.47,91440.02,3598.97,0,0,0,0,1,620.8963029213021,2123,3676968.42,150.03202782745663,5.905081464223013,219.41855621502032,623.26,661.023757560186,684.7278767640435
2013-12-06,15.775,257.0768074326466,100.05034310618066,222.54065705229795,18.953687923930268,55.06015583333333,34.53615038034865,81.39658448494453,4.812090079239303,321.16,49921.44,2533.67,0,0,0,0,1,488.6110935023772,2124,3677289.58,155.44102627973595,7.889120687507784,222.54065705229795,620.8963029213021,631.3324852033827,679.4275798807892
2013-12-07,24.0,252.03772625,100.09212583333333,220.05535479166667,20.633859791666666,99.94553583333334,31.982371458333333,87.34114979166667,2.585964375,577.46,87739.17,3693.45,0,0,0,0,1,577.46,2125,3677867.04,151.9398226717002,6.396027430471374,220.05535479166667,488.6110935023772,613.9710566319542,677.8795798807894
2013-12-08,24.0,252.07494875,100.107540625,220.09023125,20.725471875,99.91191791666667,31.9847175,87.038359375,2.56640875,605.97,91773.12,3696.27,0,0,0,0,1,605.97,2126,3678473.0100000002,151.44828951928312,6.099757413733353,220.09023125000002,577.46,600.5196280605256,675.7265798807892
2013-12-09,13.5,258.2957745813926,100.02633703319259,223.3445735356815,19.30286010991852,54.54079395833333,34.95120104571111,83.03850456853333,5.750064197214815,308.67,47086.17,1880.09,0,0,0,0,1,548.7466666666667,2127,3678781.68,152.54533968315675,6.090938542780315,223.3445735356815,605.97,586.837723298621,671.9578021030115
2013-12-10,6.05833,257.16912425417564,100.09260158659235,223.0407940074245,20.160858972984304,18.188629583333334,34.12833024675117,86.37863623399518,4.3445867424851405,37.17,5352.35,341.39,0,0,0,0,1,147.24849917386476,2128,3678818.85,143.9965025558246,9.184557438794727,223.04079400742447,548.7466666666667,516.0275088948872,654.8704187421404
2013-12-11,0.0,298.54879,98.94696,296.89464,5.3614,1.277395,1.65415,11.60191,0.14488,0.0,0.0,0.0,1,0,0,0,1,0.0,2129,3678818.85,,,296.89464,147.24849917386476,426.9903660377444,632.4337520754738
2013-12-12,9.94167,263.67979841288235,100.01614583116317,225.16035136851252,16.39109273713571,18.995096875,38.51944704436981,79.65774163920146,9.899606171790051,56.35,8686.77,454.73,0,0,0,0,1,136.03348330813634,2130,3678875.2,154.15740905057675,8.069742679680568,225.16035136851252,0.0,357.7242489501493,613.3855348524116
2013-12-13,7.80833,255.55304864530572,100.09213393441364,221.41866896497714,19.842460510646962,20.869715625,34.13437968032857,85.70148507870441,5.020538486859546,111.55,18119.61,869.24,0,0,0,0,1,342.86460741285265,2131,3678986.75,162.43487225459435,7.792380098610489,221.41866896497714,136.03348330813634,336.9033223659315,601.50468843284
2013-12-14,22.275,256.82085373737374,100.02902922558923,222.15577094276094,18.77548367003367,100.0,34.66508279461279,81.70574359147025,5.7511064421997755,460.84,69337.06,3250.65,0,0,0,0,1,496.5279461279461,2132,3679447.59,150.45798975783353,7.053749674507422,222.15577094276094,342.86460741285265,325.34160038420947,594.4799533037715
2013-12-15,22.83334,255.86530263008828,100.07534610186245,221.58404023191088,20.326507345894207,83.82618833333333,34.281262398177404,85.34816633077772,4.756360350837854,552.54,83611.86,3932.97,0,0,0,0,1,580.7718012345106,2133,3680000.13,151.32272776631558,7.117982408513411,221.58404023191088,496.5279461279461,321.7418577034253,590.0273466782552
2013-12-16,24.0,252.11372645833333,100.09881895833334,219.43689854166666,20.668681875,92.349315,32.67682791666667,86.22375229166667,3.2155060416666665,627.43,93754.02,4192.45,0,0,0,0,1,627.43,2134,3680627.56,149.42546578901235,6.681940614889311,219.43689854166666,580.7718012345106,332.98233389390145,586.8883466782552
2013-12-17,24.0,251.89558375,100.095885,219.64620541666667,20.714395,100.0,32.24937833333333,86.22236145833334,2.791534375,649.17,96419.4,3788.63,0,0,0,0,1,649.17,2135,3681276.73,148.5271962660012,5.83611380686107,219.64620541666665,627.43,404.6854054404922,585.1440133449219
2013-12-18,24.0,251.59357041666667,100.15836854166666,219.41044270833333,20.724022083333335,100.0,32.18312770833333,85.45761916666666,2.7182441666666666,629.0,94082.09,3815.13,0,0,0,0,1,629.0,2136,3681905.73,149.57406995230525,6.065389507154213,219.41044270833333,649.17,494.5425482976351,582.7416800115885
2013-12-19,24.0,251.79757854166667,100.17596041666667,219.55127354166666,20.751768125,100.0,32.246305,85.73884270833334,2.7511929166666667,628.24,93880.7,3820.52,0,0,0,0,1,628.24,2137,3682533.97,149.43445180185915,6.081306507067363,219.55127354166666,629.0,564.8577649679013,580.7416800115885
2013-12-20,17.33333,257.21086714886866,100.10741643637431,222.05340735074566,19.740413693496865,62.55745833333334,35.157459798123035,82.22907296350442,6.226740760909761,388.08,54982.6,2817.86,0,0,0,0,1,537.3416417964695,2138,3682922.0500000003,141.6785198928056,7.2610286538857975,222.05340735074563,628.24,592.6401984512752,575.1370680714707
2013-12-21,24.0,252.78952916666665,100.13818541666667,220.301055,20.627574791666667,93.12877645833333,32.48847416666667,85.47198,3.195714166666667,589.05,89470.9,3800.57,0,0,0,0,1,589.05,2139,3683511.1,151.89016212545624,6.452032934385876,220.301055,537.3416417964695,605.8576347187116,571.2334014048041
2013-12-22,24.0,252.07513916666667,100.14381458333334,219.85637166666666,20.795684791666666,100.0,32.2187675,86.462915625,2.9086866666666666,632.5,94748.64,3845.31,0,0,0,0,1,632.5,2140,3684143.6,149.80022134387352,6.079541501976284,219.8563716666667,589.05,613.2473773994956,568.4734014048042
2013-12-23,24.0,252.11351,100.148374375,219.92152333333334,20.742063541666667,100.0,32.191986666666665,85.89505041666666,2.8464441666666667,628.71,94181.56,3874.47,0,0,0,0,1,628.71,2141,3684772.31,149.80127562787294,6.162570978670611,219.9215233333333,632.5,613.4302345423528,565.9174014048042
2013-12-24,24.0,252.06382770833332,100.13455583333334,219.88630354166668,20.616949583333334,100.0,32.177524166666664,85.72385895833334,2.7679947916666667,628.16,94070.84,3968.18,0,0,0,0,1,628.16,2142,3685400.47,149.75617677024962,6.317148497198166,219.88630354166665,628.71,610.4288059709243,563.5254014048041
2013-12-25,24.0,252.10473458333334,100.12972333333333,219.904406875,20.5348525,100.0,32.20032770833333,85.245761875,2.7531841666666668,646.65,96719.37,3862.56,0,0,0,0,1,646.65,2143,3686047.12,149.56989097657157,5.9731848758988635,219.904406875,628.16,612.9502345423527,561.7374014048041
2013-12-26,20.975,252.74296128400954,100.12716411276757,220.03077788018118,20.634743461349224,86.78559416666667,32.71218340382837,86.25981612324672,3.245708856643623,534.96,81128.13,3245.91,0,0,0,0,1,612.1115613825983,2144,3686582.08,151.65270300583222,6.067575145805293,220.03077788018118,646.65,610.646171882724,558.7281201175574
2013-12-27,15.525,260.5203082239098,100.03172335101449,223.327063382029,18.863908009011272,49.12223041666667,37.19324484188084,80.41860797325604,6.323282581191626,262.78,41596.87,1859.18,0,0,0,0,1,406.2299516908212,2145,3686844.86,158.29541822056476,7.075043762843444,223.32706338202897,612.1115613825983,591.9159304390598,548.8841185072514
2013-12-28,24.0,252.878875,100.08597958333333,220.43246083333332,20.5388475,100.0,32.44641416666666,85.91914708333333,2.9462897916666666,615.33,92927.17,3824.65,0,0,0,0,1,615.33,2146,3687460.19,151.02005427981732,6.2156078851998116,220.43246083333332,406.2299516908212,595.6702161533457,546.0441185072515
2013-12-29,24.0,252.75698625,100.102243125,220.513255,20.890936458333332,100.0,32.24373125,88.49631208333334,3.01075,627.72,94025.46,3867.43,0,0,0,0,1,627.72,2147,3688087.91,149.78885490346013,6.161075001593066,220.51325500000002,615.33,594.9873590104886,543.7531185072515
2013-12-30,24.0,252.65768458333332,100.08520854166666,220.50567,20.616748125,100.0,32.15201458333333,86.34376458333334,2.9362529166666667,626.64,94000.88,3853.45,0,0,0,0,1,626.64,2148,3688714.5500000003,150.00778756542832,6.149384016341121,220.50566999999998,627.72,594.6916447247742,541.3414518405849
2013-12-31,22.5,257.34540366436,100.02636398257778,222.34911784054222,20.27540075335111,81.12493145833334,34.99628582381778,85.38306169370667,5.433291160897777,529.54,81629.17,3241.57,0,0,0,0,1,564.8426666666667,2149,3689244.0900000003,154.15109340182045,6.12148279638932,222.34911784054222,626.64,585.6463113914409,536.8318740628071
2014-01-01,24.0,253.11639333333332,100.0769375,220.5691475,20.55959208333333,93.47029270833333,32.547245833333335,86.117946875,3.33385625,604.44,91618.13,3844.67,0,0,0,0,1,604.44,2150,3689848.5300000003,151.57522665607834,6.36071404936801,220.56914749999999,564.8426666666667,579.616311391441,535.495874062807
2014-01-02,24.0,252.68636083333334,100.08899666666667,220.54864625,20.563443958333334,100.0,32.137714583333334,86.192810625,2.903940208333333,631.61,94681.54,3943.13,0,0,0,0,1,631.61,2151,3690480.14,149.9050680008233,6.242982220040848,220.54864625,604.44,582.4018026224983,535.1188740628071
2014-01-03,24.0,252.50585208333334,100.09715166666666,220.51037395833333,20.553584791666665,100.0,31.995478125,85.96289354166667,2.933545,619.46,93415.04,3940.4,0,0,0,0,1,619.46,2152,3691099.6,150.8007619539599,6.361024117780001,220.51037395833333,631.61,612.863238095238,534.9922073961404
2014-01-04,14.14167,253.68971988588336,100.08367390457421,221.11308722654397,20.512527804976358,58.850620416666665,32.57663265933939,86.22425018736826,3.493050954830653,358.71,53975.96,2044.94,0,0,0,0,1,608.7710998771714,2153,3691458.31,150.47241504279222,5.7008168158122166,221.11308722654397,619.46,611.9262523634054,534.5880339613361
2014-01-05,6.35833,268.0966759136754,99.9167655842965,228.10610456951747,16.148768865739903,12.166943125,39.99057134415798,76.00744975374037,10.295705787620335,32.57,5066.41,322.78,0,0,0,0,1,122.93794125186959,2154,3691490.88,155.55449800429844,9.910346945041448,228.10610456951744,608.7710998771714,539.8145296851011,522.3989288863191
2014-01-06,24.0,254.44686916666666,100.050243125,221.3953575,20.118798125,82.56280645833333,33.05151166666667,86.18004541666667,3.8567820833333335,523.11,78815.26,3495.99,0,0,0,0,1,523.11,2155,3692013.9899999998,150.6667048995431,6.683087687102138,221.3953575,122.93794125186959,525.0245296851011,520.5872622196525
2014-01-07,24.0,252.57947104166666,99.87605916666666,220.44663416666666,20.511822708333334,100.0,32.132836875,86.62935541666667,2.9157591666666667,620.74,93904.68,3754.33,0,0,0,0,1,620.74,2156,3692634.73,151.27860295776009,6.048152205432226,220.44663416666666,523.11,533.0098630184344,521.0795955529858
2014-01-08,24.0,252.47064416666666,100.03886333333334,220.29477375,20.546558125,100.0,32.17587041666667,87.11159958333333,2.94883,647.63,96731.3,3872.19,0,0,0,0,1,647.63,2157,3693282.36,149.3619813782561,5.97901579605639,220.29477375,620.74,539.1798630184345,524.3757066640969
2014-01-09,24.0,252.12965541666668,100.01408458333333,219.9825,20.561476458333335,100.0,32.14715541666666,88.08041916666667,2.931948125,632.21,94759.57,3815.77,0,0,0,0,1,632.21,2158,3693914.57,149.88622451400641,6.035605257746634,219.98250000000002,647.63,539.2655773041487,540.5410900249681
2014-01-10,24.0,252.11646354166666,100.03781333333333,219.959774375,20.630830416666665,100.0,32.156689166666666,88.11689354166667,2.957176666666667,633.44,94515.54,3812.78,0,0,0,0,1,633.44,2159,3694548.01,149.209933063905,6.019165193230614,219.959774375,632.21,541.2627201612916,561.6557566916347
2014-01-11,24.0,252.07952458333332,100.05493333333334,219.89035229166666,20.5744825,100.0,32.189172291666665,88.13716229166667,2.9785145833333333,630.81,94043.52,3748.41,0,0,0,0,1,630.81,2160,3695178.82,149.08374946497364,5.94221714937937,219.89035229166666,633.44,544.4111344645528,578.1483072480302
2014-01-12,24.0,252.01889875,100.052709375,219.87753770833334,20.540055,100.0,32.14136104166667,87.52091645833333,2.94231125,628.08,93976.56,3654.9,0,0,0,0,1,628.08,2161,3695806.9,149.6251432938479,5.819163163928161,219.87753770833334,630.81,616.5742857142858,587.6554870009352
2014-01-13,24.0,252.09478041666668,100.03631395833334,220.03279541666666,20.253830208333333,100.0,32.061985,85.82973458333333,2.8632485416666666,633.9,95208.48,3771.95,0,0,0,0,1,633.9,2162,3696440.8,150.19479413156648,5.950386496292791,220.0327954166667,628.08,632.4014285714285,592.234555463337
2014-01-14,24.0,252.14486145833334,100.020725625,220.09852958333335,20.243732083333335,100.0,32.046331875,85.59222145833333,2.8547775,618.13,92634.9,3887.39,0,0,0,0,1,618.13,2163,3697058.9299999997,149.86313558636533,6.2889521621665345,220.09852958333335,633.9,632.0285714285714,593.47982875552
2014-01-15,24.0,251.97289729166667,100.01673833333334,220.09449083333334,20.089225208333332,100.0,31.878406458333334,84.08790875,2.8479329166666667,600.53,90464.52,3816.14,0,0,0,0,1,600.53,2164,3697659.4599999995,150.64113366526237,6.354620085591061,220.09449083333334,618.13,625.3000000000001,592.5831620888532
2014-01-16,24.0,252.17697382978724,100.01548127659575,220.24280659574467,19.979335957446807,97.91666666666667,31.934167234042555,83.42861021276596,2.8909831914893616,604.43,87303.08,3631.86,0,0,0,0,1,604.43,2165,3698263.8899999997,144.43869430703307,6.008735502870474,220.2428065957447,600.53,621.3314285714285,591.0918287555198
2014-01-17,24.0,252.4798810638298,100.00722604166667,220.25942404255318,19.863166382978722,97.91666666666667,32.220457021276594,84.59319829787233,2.9092448936170214,619.14,88958.23,3753.18,0,0,0,0,1,619.14,2166,3698883.03,143.6803146299706,6.061924605097393,220.2594240425532,604.43,619.2885714285713,590.7631620888532
2014-01-18,24.0,252.247355,100.010686875,220.26696645833334,19.80342125,100.0,31.980388541666667,83.37236375,2.9676691666666666,593.68,86887.02,4154.28,0,0,0,0,1,593.68,2167,3699476.71,146.35328796658135,6.997507074518259,220.26696645833334,619.14,613.9842857142856,589.6111620888532
2014-01-19,24.0,252.425201875,100.0255375,220.56346083333332,19.804783125,100.0,31.861741041666665,82.59933520833333,3.037279375,568.99,80709.57,3588.0,0,0,0,0,1,568.99,2168,3700045.7,141.847079913531,6.305910472943285,220.56346083333332,593.68,605.5428571428572,590.6661073623043
2014-01-20,24.0,252.62688021276597,100.03579829787235,220.71066723404255,19.877452127659573,97.91666666666667,31.916212978723404,83.2709085106383,3.1063163829787235,580.12,80339.03,3641.23,0,0,0,0,1,580.12,2169,3700625.8200000003,138.48691650003448,6.276684134317038,220.71066723404257,568.99,597.8599999999999,590.3684406956376
2014-01-21,24.0,252.75209375,100.04414791666666,220.79290395833334,19.981118958333333,100.0,31.959189791666667,84.228756875,3.1529289583333333,570.78,78543.41,4108.54,0,0,0,0,1,570.78,2170,3701196.6,137.6071516170854,7.198114860366516,220.79290395833334,580.12,591.0957142857143,588.3111073623043
2014-01-22,24.0,252.91948729166666,100.05522166666667,220.94120041666667,19.963365,100.0,31.978286875,83.62091395833333,3.1646539583333335,597.45,80910.21,3948.04,0,0,0,0,1,597.45,2171,3701794.0500000003,135.4259101180015,6.6081513097330316,220.94120041666665,570.78,590.6557142857143,587.2691073623042
2014-01-23,24.0,253.101340625,100.06384541666667,221.08044416666667,20.016098333333332,100.0,32.02089645833333,84.160718125,3.168296041666667,623.72,85314.33,3957.72,0,0,0,0,1,623.72,2172,3702417.7700000005,136.78305970627846,6.34534727121144,221.08044416666667,597.45,593.4114285714286,587.1211073623042
2014-01-24,24.0,253.2062575,100.07209208333333,221.18354,19.995912916666665,100.0,32.0227175,84.122301875,3.217089375,594.99,82866.57,4316.53,0,0,0,0,1,594.99,2173,3703012.7600000007,139.27388695608332,7.254794198221818,221.18354,623.72,589.9614285714285,585.3991073623042
2014-01-25,24.0,253.353739375,100.07777666666667,221.286066875,20.108589791666667,100.0,32.0676725,85.73800958333334,3.199956875,651.77,93104.58,4176.89,0,0,0,0,1,651.77,2174,3703664.5300000007,142.8488270402136,6.408533685195699,221.28606687500002,594.99,598.26,586.7210553162175
2014-01-26,24.0,253.44534395833332,100.08336458333333,221.39702958333334,20.119241875,100.0,32.048314375,84.98564708333333,3.195163125,527.7,73055.5,4106.52,0,0,0,0,1,527.7,2175,3704192.230000001,138.44134925146864,7.781921546333144,221.39702958333334,651.77,592.3614285714286,590.7700569265236
2014-01-27,24.0,253.646379375,100.08907208333333,221.58804291666667,19.879711875,100.0,32.058336458333336,84.54025479166667,3.148173125,526.02,70252.81,3779.71,0,0,0,0,1,526.02,2176,3704718.250000001,133.55539713318885,7.185487243831034,221.58804291666667,527.7,584.6328571428571,587.7930569265235
2014-01-28,24.0,253.65622145833333,100.09497541666667,221.64475166666668,19.958140416666666,100.0,32.01146979166667,84.33363270833334,3.1360941666666666,555.86,77747.87,3922.25,0,0,0,0,1,555.86,2177,3705274.110000001,139.86951750440758,7.056183211600043,221.64475166666665,526.02,582.5014285714286,585.3977235931903
2014-01-29,7.975,254.3722014128652,100.09171923405643,221.67660740189342,19.959015293141064,34.702852916666664,32.69559401097179,84.11640734573041,3.856783367034483,241.01,34306.27,1207.68,0,0,0,0,1,725.2965517241379,2178,3705515.1200000006,142.34376166964026,5.010912410273433,221.67660740189342,555.86,600.7652216748768,588.6862753173282
2014-01-31,20.775,261.371033622142,100.01706878459687,224.8088763898917,18.059442370637786,100.0,36.5621572322503,79.28682865222623,6.9989838387484955,415.55,62643.32,2707.54,0,0,0,0,2,480.057761732852,2180,3705930.6700000004,150.74797256647815,6.515557694621585,224.80887638989174,725.2965517241379,580.24204477957,585.8601118195344
2014-02-01,24.0,254.32514270833335,100.03805604166666,221.90594416666667,19.922437916666667,100.0,32.41919854166667,83.62160083333333,2.767533333333333,563.55,83086.55,4073.9,0,0,0,0,1,563.55,2181,3706494.22,147.4342116937273,7.228994765326946,221.90594416666667,480.057761732852,575.7506162081414,584.4971118195342
2014-02-02,24.0,254.37038270833332,100.07955625,221.96966895833333,20.357095416666667,100.0,32.40071375,85.46102270833333,2.770802916666667,578.73,83535.75,4112.64,0,0,0,0,1,578.73,2182,3707072.95,144.3432170442175,7.106319008864237,221.96966895833333,563.55,565.3163304938556,582.7344451528678
2014-02-03,24.0,253.94892625,100.03639958333333,221.577790625,20.295971666666667,100.0,32.371135625,86.14579625,2.7686802083333335,581.16,83408.78,4044.06,0,0,0,0,1,581.16,2183,3707654.1100000003,143.52119898134765,6.958600041296717,221.577790625,578.73,572.9534733509985,581.457778486201
2014-02-04,24.0,253.70067125,100.04129208333333,221.39950895833334,20.180656458333335,100.0,32.301162291666664,85.11979645833334,2.717026875,578.4,83062.09,4044.66,0,0,0,0,1,578.4,2184,3708232.5100000002,143.60665629322267,6.992842323651452,221.39950895833334,581.16,580.4363304938557,580.4454084902953
2014-02-05,24.0,253.354840625,100.062534375,220.98457375,20.173380208333334,100.0,32.370266875,84.36454166666667,2.677055,580.14,83171.18,4014.64,0,0,0,0,1,580.14,2185,3708812.6500000004,143.3639811080084,6.920122728996449,220.98457375,578.4,583.904901922427,595.6854771152329
2014-02-06,8.0,256.16363797344894,100.02964704010438,222.75176578543991,20.021246507888936,34.79387916666666,33.41187218800901,84.25632749878477,2.3632514434361194,195.27,28935.74,1005.36,0,0,0,0,1,585.8100000000001,2186,3709007.9200000004,148.18323347160342,5.148563527423567,222.75176578543994,580.14,563.9782516761218,597.775477115233
2014-02-08,20.94167,260.06984021123435,99.97969912657874,223.39444703651142,17.994566138913466,54.807582708333335,36.675393174722934,80.61530440008843,6.577011910067344,506.83,71856.61,2026.11,0,0,0,0,2,580.8476592363455,2188,3709514.7500000005,141.77655229564155,3.997612611723852,223.39444703651142,585.8100000000001,578.376808462335,596.4457324231112
2014-02-09,24.0,252.35748041666668,99.99305666666666,220.19961729166667,19.975121458333334,100.0,32.157863125,85.69120854166667,2.573225208333333,562.95,81684.8,3778.27,0,0,0,0,1,562.95,2189,3710077.7000000007,145.10134114930278,6.7115552002842165,220.19961729166667,580.8476592363455,578.2910941766207,593.6230657564445
2014-02-10,12.0,258.66290904328275,99.96388350871725,222.96399453116553,18.977660524875862,47.268500833333334,35.69891451211724,83.0434040202138,5.362159439034483,299.48,46472.48,2355.36,0,0,0,0,1,598.96,2190,3710377.1800000006,155.17724055028717,7.864832376118605,222.9639945311655,562.95,581.1810941766208,592.5147324231111
2014-02-11,15.39167,254.43757564504696,99.99784495408231,220.96326062246658,20.188285902140574,64.98126083333334,33.4743150225804,86.70839678330552,2.859724535778119,308.34,47953.3,2533.37,0,0,0,0,1,480.7899337758671,2191,3710685.5200000005,155.52085360316536,8.216157488486736,220.96326062246658,598.96,566.8425132874589,587.4263968823068
2014-02-12,21.94167,258.2277363422064,99.92703259201784,221.87789374181182,19.001879751286022,69.54222625,36.349842600394595,83.6427508938244,5.1130695503441626,433.55,63979.53,3055.39,0,0,0,0,1,474.2209685953713,2192,3711119.0700000003,147.57128358897475,7.0473763118440775,221.87789374181182,480.7899337758671,551.9597945153691,582.2067625021524
2014-02-13,24.0,252.8505175,100.03164041666666,220.19470645833334,20.104552916666666,100.0,32.65581104166667,84.78833333333333,2.627158125,597.34,87583.6,3887.9,0,0,0,0,1,597.34,2193,3711716.41,146.62269394314797,6.508688519101349,220.19470645833331,474.2209685953713,554.4169373725119,581.1820958354857
2014-02-14,24.0,252.768355625,100.05938416666666,220.13372333333334,20.336325833333333,100.0,32.63463229166667,86.599055625,2.726405,607.85,88910.79,3962.09,0,0,0,0,1,607.85,2194,3712324.2600000002,146.27093855391954,6.518203504153985,220.13372333333334,597.34,557.5655088010834,580.3137625021525
2014-02-15,24.0,252.72928020833334,100.043664375,220.34179708333335,20.301389166666667,100.0,32.387483125,86.59268375,2.738576666666667,600.91,87445.82,3956.09,0,0,0,0,1,600.91,2195,3712925.1700000004,145.52232447454696,6.583498360819425,220.34179708333335,607.85,560.4315574816055,579.7397625021525
2014-02-16,24.0,253.25278041666667,100.04362791666667,220.60747166666667,20.390663958333334,100.0,32.64530875,87.99910979166667,2.7652595833333335,609.6,88776.08,3965.12,0,0,0,0,1,609.6,2196,3713534.7700000005,145.6300524934383,6.504461942257217,220.60747166666667,600.91,567.0958431958912,580.0420958354858
2014-02-17,24.0,253.37424416666667,100.06068333333333,220.70860104166667,20.589446041666665,100.0,32.665643125,88.41932375,2.8012627083333332,616.6,91075.17,3986.73,0,0,0,0,1,616.6,2197,3714151.3700000006,147.70543301978591,6.46566655854687,220.70860104166667,609.6,569.6158431958912,580.4477625021524
2014-02-18,16.33333,259.43357766901175,100.00184529317659,223.68680203455756,19.379788543334396,52.36435854166667,35.74677563445421,83.62163919101616,6.0341905853797115,332.49,50938.58,2197.02,0,0,0,0,1,488.556834399354,2198,3714483.860000001,153.20334446148757,6.607777677524136,223.68680203455756,616.6,570.7254004278179,576.0949903154643
2014-02-19,24.0,253.68366770833333,100.061154375,220.85331083333332,20.502708125,97.27863145833334,32.830356875,88.043094375,3.202559583333333,597.13,87791.86,4009.05,0,0,0,0,1,597.13,2199,3715080.9900000007,147.02302681158207,6.713864652588214,220.85331083333332,488.556834399354,588.283833485622,576.2099903154643
2014-02-20,24.0,253.67178104166666,100.067826875,221.102225625,20.4965175,100.0,32.56955541666667,86.05434354166667,2.956569375,624.9,91560.67,3949.62,0,0,0,0,1,624.9,2200,3715705.8900000006,146.5205152824452,6.320403264522324,221.102225625,597.13,592.2209763427649,578.073656982131
2014-02-21,24.0,253.75614645833335,100.05911458333334,221.18816229166666,20.516474166666665,100.0,32.56798416666667,86.211116875,2.9442452083333333,631.46,92681.25,4042.4,0,0,0,0,1,631.46,2201,3716337.3500000006,146.77295473980934,6.401672314952649,221.18816229166669,624.9,595.593833485622,579.7849903154643
2014-02-22,24.0,253.512895625,100.03310770833333,220.9811275,20.454096041666666,100.0,32.531768125,86.02943270833333,2.9331379166666665,640.73,93454.27,4136.37,0,0,0,0,1,640.73,2202,3716978.0800000005,145.8559299548952,6.455714575562249,220.9811275,631.46,601.2824049141935,582.116656982131
2014-02-23,24.0,253.21274895833332,100.01136104166666,220.82816479166667,20.26419375,100.0,32.38458416666667,85.98931791666666,2.834180625,629.14,92621.74,4060.2,0,0,0,0,1,629.14,2203,3717607.2200000007,147.2196013605875,6.453571542105096,220.82816479166667,640.73,604.073833485622,583.1729903154643
2014-02-24,24.0,253.07839895833334,100.0,220.72451520833334,20.278504791666666,100.0,32.35388375,86.73010645833334,2.81946,631.65,92193.4,3848.47,0,0,0,0,1,631.65,2204,3718238.8700000006,145.95646323121983,6.092725401725639,220.72451520833334,629.14,606.223833485622,583.4373236487976
2014-02-25,24.0,252.35088166666668,99.16915333333333,220.01118875,20.290467708333335,100.0,32.339692916666664,86.300635625,2.80163375,615.86,90148.97,3834.62,0,0,0,0,1,615.86,2205,3718854.7300000004,146.37899847367908,6.226447569252752,220.01118875000003,631.65,624.41,584.1329903154643
2014-02-26,24.0,253.448385625,100.0,221.12679854166666,20.247234375,100.0,32.321587083333334,86.09665666666666,2.7967314583333334,615.02,89678.31,3863.8,0,0,0,0,1,615.02,2206,3719469.7500000005,145.81364833663946,6.282397320412345,221.12679854166666,615.86,626.9657142857143,582.9079903154642
2014-02-27,24.0,253.61116916666666,99.9994625,221.32707395833333,20.2357775,100.0,32.28409520833333,86.21620625,2.762444375,609.92,89335.89,3846.09,0,0,0,0,1,609.92,2207,3720079.6700000004,146.4714880640084,6.305892576075552,221.32707395833333,615.02,624.8257142857143,585.648656982131
2014-02-28,24.0,253.83819041666666,99.99283208333334,221.527736875,20.384187083333334,100.0,32.31045354166667,87.64862395833333,2.788545625,617.13,89928.36,3840.95,0,0,0,0,1,617.13,2208,3720696.8000000003,145.72028583928832,6.2238912384748755,221.527736875,609.92,622.7785714285714,588.6856569821309
2014-03-01,24.0,253.98094645833334,99.98930895833334,221.67684083333333,20.3089725,100.0,32.304105625,87.258786875,2.77447375,600.87,87857.65,3856.48,0,0,0,0,1,600.87,2209,3721297.6700000004,146.2174014345865,6.418160334182103,221.67684083333333,617.13,617.0842857142858,590.1859903154642
2014-03-02,24.0,254.082816875,99.97990895833334,221.718619375,20.160583541666668,100.0,32.3641975,86.090428125,2.67027625,600.82,88857.05,3864.11,0,0,0,0,1,600.82,2210,3721898.49,147.89296295063411,6.431393761858793,221.718619375,600.87,613.0385714285713,586.0367719246598
2014-03-03,24.0,253.7909470212766,99.97210127659575,221.65276743794325,20.078487021276597,97.91666666666667,32.13817958333333,84.72592425531914,2.633906604609929,616.36,90479.84,3835.29,0,0,0,0,1,616.36,2211,3722514.85,146.79706664936074,6.222483613472646,221.65276743794325,600.82,610.8542857142858,590.580179866898
2014-03-04,24.0,253.71280395833332,99.96334791666666,221.590849375,20.111111875,100.0,32.121954583333334,86.44250083333333,2.651802083333333,604.97,89042.79,3989.39,0,0,0,0,1,604.97,2212,3723119.8200000003,147.18546374200372,6.594360050911615,221.590849375,616.36,609.2985714285714,591.9608465335646
2014-03-05,24.0,253.85952729166667,99.95881104166666,221.68986270833332,20.194657083333333,100.0,32.169664583333336,87.264046875,2.6981766666666664,609.49,89290.86,3757.12,0,0,0,0,1,609.49,2213,3723729.3100000005,146.50094341170487,6.164366929728133,221.68986270833332,604.97,608.5085714285715,592.9861798668978
2014-03-06,24.0,254.06563291666666,99.9588,221.90410375,20.168490833333333,100.0,32.16152916666667,86.77007791666666,2.67932875,613.41,89162.98,3758.3,0,0,0,0,1,613.41,2214,3724342.7200000007,145.35625438124583,6.1268971813305955,221.90410375,609.49,609.0071428571429,594.0611798668979
2014-03-07,24.0,254.22235458333333,99.95878270833333,222.03354979166667,20.113337083333334,100.0,32.18880479166667,86.83267729166667,2.688651875,595.48,87807.9,3781.92,0,0,0,0,1,595.48,2215,3724938.2000000007,147.4573453348559,6.3510445355007725,222.03354979166664,613.41,605.9142857142857,594.6305132002312
2014-03-08,24.0,254.33059625,99.9588,222.22277958333333,20.058011875,100.0,32.107816666666665,86.37940020833334,2.6829360416666668,591.15,85603.08,3777.77,0,0,0,0,1,591.15,2216,3725529.3500000006,144.80771377822887,6.390543855197497,222.22277958333336,595.48,604.5257142857143,594.9975132002313
2014-03-09,24.0,254.48415729166666,99.95876791666667,222.30658020833334,20.175156875,100.0,32.17757708333333,86.45845145833333,2.6883445833333335,594.86,86389.51,3782.9,0,0,0,0,1,594.86,2217,3726124.2100000004,145.22662475204248,6.359311434623272,222.30658020833334,591.15,603.6742857142857,595.2991798668979
2014-03-10,24.0,254.60390958333332,99.9588,222.35675125,20.369024583333335,100.0,32.24715833333333,88.3489,2.748665625,534.84,77918.28,3756.39,0,0,0,0,1,534.84,2218,3726659.0500000003,145.68521426968812,7.023390172761947,222.35675125,594.86,592.0285714285714,593.7655912256865
2014-03-11,24.0,254.730144375,99.9588,222.55011875,20.325740416666665,100.0,32.180025625,87.76703333333333,2.717044583333333,529.99,77112.02,3758.02,0,0,0,0,1,529.99,2219,3727189.0400000005,145.49712258721863,7.090737561086058,222.55011875000002,534.84,581.3171428571428,592.6669245590198
2014-03-12,24.0,255.2303525,99.955370625,222.76770354166666,20.262717291666668,100.0,32.46264895833333,87.1226875,2.631002083333333,526.6,76409.63,3726.18,0,0,0,0,1,526.6,2220,3727715.6400000006,145.0999430307634,7.075921002658564,222.76770354166666,529.99,569.4757142857143,590.2549245590199
2014-03-13,24.0,254.87194,99.95979042553192,222.66740510638297,20.333037021276596,97.91666666666667,32.20453489361702,88.03085446808511,2.7209182978723403,543.99,79129.06,4033.79,0,0,0,0,1,543.99,2221,3728259.630000001,145.46050478869097,7.415191455725289,222.66740510638297,526.6,559.5585714285714,592.3615934331575
2014-03-14,24.0,254.76726875,99.95789895833333,222.624620625,20.203526666666665,100.0,32.142648125,87.10233958333333,2.650514375,542.98,79386.11,3680.28,0,0,0,0,1,542.98,2222,3728802.610000001,146.20448266971158,6.777929205495599,222.624620625,543.99,552.0585714285714,594.6535611466451
2014-03-15,24.0,254.76167,99.95344479166667,222.624858125,20.20069979166667,100.0,32.136811875,88.15198395833333,2.6737197916666666,543.6,78710.69,3737.65,0,0,0,0,1,543.6,2223,3729346.210000001,144.79523546725534,6.875735835172921,222.624858125,542.98,545.2657142857144,592.8622278133118
2014-03-16,24.0,254.80933875,99.949703125,222.69689145833334,20.149901041666666,100.0,32.11244729166667,87.84505666666666,2.6022260416666665,538.68,78763.49,3809.79,0,0,0,0,1,538.68,2224,3729884.890000001,146.21573104626125,7.072454889730452,222.6968914583333,543.6,537.24,590.5565611466451
2014-03-17,24.0,255.08321520833334,99.9496,222.79467145833334,20.229451875,100.0,32.28854375,88.176529375,2.6058347916666666,541.75,78661.22,3814.56,0,0,0,0,1,541.75,2225,3730426.640000001,145.19837563451776,7.041181356714351,222.79467145833334,538.68,538.2271428571429,588.5845611466451
2014-03-18,24.0,255.13940229166667,99.947535625,222.82175354166668,20.202236666666668,100.0,32.31764875,87.84685041666667,2.6162429166666668,535.24,78783.09,3742.52,0,0,0,0,1,535.24,2226,3730961.8800000013,147.19208205664748,6.992227785666243,222.82175354166668,541.75,538.9771428571429,586.1058944799785
2014-03-19,24.0,254.679845625,99.95158416666666,222.83643270833332,20.135659375,100.0,31.843412916666665,86.63893333333333,2.6056735416666665,539.1,78104.86,3573.17,0,0,0,0,1,539.1,2227,3731500.9800000014,144.88009645705804,6.628028195140048,222.83643270833335,535.24,540.7628571428571,583.5225611466452
2014-03-20,24.0,255.36830833333335,99.94876541666666,223.17269770833335,20.06638125,100.0,32.195610625,85.37165083333333,2.4905797916666668,547.51,79880.64,3618.06,0,0,0,0,1,547.51,2228,3732048.490000001,145.89804752424612,6.608208069259009,223.17269770833335,539.1,541.2657142857144,585.4876666666667
2014-03-21,24.0,255.329639375,99.95257666666667,223.08014770833333,20.079014166666667,100.0,32.249491666666664,85.55169041666667,2.5458014583333335,540.7,79307.7,3594.24,0,0,0,0,1,540.7,2229,3732589.1900000013,146.67597558720175,6.647383022008507,223.08014770833333,547.51,540.9399999999999,583.6066666666667
2014-03-22,14.16666,259.8843812894218,99.90605259491652,225.01516723802223,18.98293905919956,53.79984854166667,34.86921405139955,81.48273747078704,5.222412055509203,302.51,44815.77,1822.18,0,0,0,0,1,512.4877705824803,2230,3732891.700000001,148.14640838319394,6.023536412019438,225.01516723802226,540.7,536.4953957974973,579.8595923527494
2014-03-23,24.0,258.314903125,99.92081604166667,224.81617875,19.788971458333332,85.92787333333334,33.498724375,86.658873125,3.2006760416666666,432.1,65172.82,3226.24,0,0,0,0,1,432.1,2231,3733323.800000001,150.828095348299,7.466419810229112,224.81617875,512.4877705824803,521.2696815117829,573.214259019416
2014-03-24,6.225,257.2984200803213,99.92163935742973,225.83140670682732,20.381585662650604,27.234175208333333,31.467013373493977,87.99614176706827,2.3075466265060243,106.91,17772.83,696.14,0,0,0,0,1,412.18313253012053,2232,3733430.7100000014,166.2410438686746,6.5114582358993545,225.83140670682732,432.1,502.7601290160859,565.5960301037534
2014-03-25,6.60833,276.31511862201194,99.69698493797979,231.5290625822863,13.993013530816409,10.146368125,44.78605603972562,68.83216383490232,13.589076001803784,9.81,1368.43,122.3,0,0,0,0,1,35.62776072018196,2233,3733440.5200000014,139.49337410805302,12.466870540265035,231.52906258228631,412.18313253012053,431.38695197611185,545.8122887944261
2014-03-26,24.0,258.183935625,99.91681,224.46376,19.886105625,81.12274958333333,33.720175625,87.41789958333334,3.353301875,486.84,71112.75,3122.64,0,0,0,0,1,486.84,2234,3733927.3600000013,146.07006408676364,6.414099087996056,224.46376,35.62776072018196,423.92123769039756,540.9852887944261
2014-03-27,12.5,261.341869489216,99.867401401864,226.046236570416,18.96653785048,47.04731833333334,35.2956329188,81.206833719792,5.237335892768,164.78,24635.46,1509.83,0,0,0,0,1,316.3776,2235,3734092.140000001,149.50515839300886,9.162701784197111,226.04623657041597,486.84,390.9023234046832,531.0025421277594
2014-03-28,24.0,260.6207004166667,99.885025,225.11353479166667,19.923338125,89.79247270833334,35.507165625,86.731165,2.696576875,401.02,64425.39,3475.35,0,0,0,0,1,401.02,2236,3734493.160000001,160.65380779013515,8.666275996209665,225.1135347916667,316.3776,370.94803769039754,523.8692087944261
2014-03-29,14.66667,268.2931897072546,99.81639787446639,228.14167167034506,17.779824726812564,36.158613333333335,40.151518036909536,77.34888503482385,9.387452388640366,140.74,21942.42,1170.58,0,0,0,0,1,230.30176584050778,2237,3734633.9000000013,155.90748898678413,8.317322722751172,228.1416716703451,401.02,330.63575129868724,511.2152676557763
2014-03-30,23.0,255.79501,99.93151977272727,223.30289045454546,20.621434545454544,94.8627697826087,32.49211954545454,88.14949090909091,2.5576613636363636,487.12,70640.78,3430.13,0,0,0,0,1,508.29913043478257,2238,3735121.0200000014,145.01720315322711,7.041652980785022,223.30289045454543,230.30176584050778,341.52134136079894,507.5875720036025
2014-03-31,24.0,255.80096479166667,99.97123166666667,223.41559458333333,20.792459166666667,100.0,32.385370208333335,88.15224416666666,2.47696125,530.62,77837.92,3677.86,0,0,0,0,1,530.62,2239,3735651.6400000015,146.69239757265086,6.93125023557348,223.41559458333333,508.29913043478257,358.4408938564961,505.2459053369358
2014-04-01,24.0,255.78118,99.99645458333333,223.35449833333334,20.872984583333334,100.0,32.42668166666667,88.17802708333333,2.4901354166666665,528.32,77254.38,3694.08,0,0,0,0,1,528.32,2240,3736179.9600000014,146.22649152029072,6.992125984251968,223.35449833333334,530.62,428.8254994678986,502.8292386702691
2014-04-02,24.0,255.697329375,99.99983958333333,223.31233125,20.900981041666668,100.0,32.384998125,87.91211604166666,2.439900625,529.68,77203.24,3708.42,0,0,0,0,1,529.68,2241,3736709.6400000015,145.7544932789609,7.001246035342094,223.31233125,528.32,434.9454994678986,499.9399053369358
2014-04-03,24.0,255.81024791666667,100.002445625,223.45257166666667,20.856238333333334,100.0,32.35767625,87.14390041666667,2.418221875,531.58,77501.9,3725.35,0,0,0,0,1,531.58,2242,3737241.2200000016,145.79536476165393,7.008070281048948,223.45257166666667,529.68,465.68869946789863,497.4935720036025
2014-04-04,24.0,255.89589104166666,100.01338729166666,223.58473645833334,20.744172083333332,100.0,32.311154583333334,85.24195895833333,2.388615,539.14,79469.38,3280.28,0,0,0,0,1,539.14,2243,3737780.3600000017,147.40026709203548,6.084282375635271,223.58473645833334,531.58,485.4201280393272,495.14857200360245
2014-04-05,24.0,255.93436914893616,100.02282255319149,223.5860585106383,20.79701,97.91666666666667,32.348310638297875,86.51287382978724,2.4061897872340428,539.2,79101.66,3249.45,0,0,0,0,1,539.2,2244,3738319.560000002,146.70189169139465,6.026428041543026,223.58605851063828,539.14,529.548447204969,492.6749053369358
2014-04-06,18.225,256.69675699588475,100.0277277229081,224.19640528120712,20.873849451303155,74.97205791666667,32.50035171467764,87.18438253772291,2.7279512620027435,401.1,60024.39,2293.01,0,0,0,0,1,528.1975308641976,2245,3738720.660000002,149.64943904263276,5.716803789578659,224.19640528120712,539.2,532.3910758377425,490.4321563657424
2014-04-07,18.94167,260.6842038876984,99.98488775895156,225.57465332422115,19.538644857417534,59.6311375,35.10955056347724,83.26748014685083,6.111213905669352,428.03,64858.12,3101.81,0,0,0,0,1,542.3344404162885,2246,3739148.690000002,151.52704249702126,7.246711679087915,225.57465332422117,528.1975308641976,534.0645673257837,488.8049710462853
2014-04-08,24.0,255.671115625,100.00618520833333,223.4317275,20.93867,100.0,32.239388125,87.99150395833334,2.5894835416666666,543.96,80802.22,3614.91,0,0,0,0,1,543.96,2247,3739692.650000002,148.54441503051694,6.645543789984557,223.4317275,542.3344404162885,536.2988530400695,487.1083043796187
2014-04-09,24.0,255.92604354166667,100.02392125,223.53563416666665,21.103206041666667,100.0,32.390409375,88.30379833333333,2.5285489583333334,573.63,84289.97,3612.1,0,0,0,0,1,573.63,2248,3740266.2800000017,146.94135592629397,6.296916130606837,223.53563416666668,543.96,542.5774244686409,488.40130437961864
2014-04-10,16.29166,261.77901726597537,99.95570729716923,225.9999307591062,19.71259860300301,60.394487291666664,35.779086506869156,84.24317531285946,6.273087556111532,294.4,46395.19,1824.07,0,0,0,0,1,433.6942951178701,2249,3740560.6800000016,157.59235733695655,6.1958899456521745,225.9999307591062,573.63,528.5937523426223,485.1914475502143
2014-04-11,24.0,255.91725979166668,99.988280625,223.40003791666666,20.956190833333334,100.0,32.517221875,87.93212895833334,2.810380416666667,585.5,85785.41,3624.79,0,0,0,0,1,585.5,2250,3741146.1800000016,146.51649871904357,6.190930828351836,223.4000379166667,433.6942951178701,535.2166094854795,487.15478088354763
2014-04-12,24.0,256.13324895833335,100.003984375,223.67730479166667,20.912120625,100.0,32.45594416666667,86.28134416666667,2.734072916666667,584.55,85746.62,3619.35,0,0,0,0,1,584.55,2251,3741730.7300000014,146.68825592335986,6.191685912240185,223.6773047916667,585.5,541.6951809140509,488.50678088354766
2014-04-13,24.0,256.17131958333334,100.007953125,223.68434375,20.909845,100.0,32.48697583333333,87.77777104166667,2.774643125,577.19,85016.7,3649.33,0,0,0,0,1,577.19,2252,3742307.9200000013,147.29413191496732,6.32258008628008,223.68434375,584.55,548.6941050763083,489.64711421688094
2014-04-14,24.0,256.2812714893617,99.99995872340426,223.7873925531915,20.825921914893616,97.91666666666667,32.49387893617021,88.15408936170213,2.773073829787234,584.55,85832.38,3632.11,0,0,0,0,1,584.55,2253,3742892.470000001,146.83496706868533,6.213514669403816,223.7873925531915,577.19,554.7248993025529,491.012114216881
2014-04-15,24.0,256.42368708333333,100.00009895833334,223.931426875,20.950122083333333,100.0,32.492260208333335,88.26999583333334,2.802254583333333,577.68,84864.46,3667.07,0,0,0,0,1,577.68,2254,3743470.1500000013,146.90565711120345,6.347926187508656,223.931426875,584.55,559.5420421596957,492.312114216881
2014-04-16,24.0,255.86642229166668,99.73572333333334,223.46147208333332,20.836329166666665,100.0,32.40495020833333,86.68993958333333,2.7084072916666666,576.69,85259.92,3668.25,0,0,0,0,1,576.69,2255,3744046.8400000012,147.84359014375138,6.360869791395723,223.46147208333335,577.68,559.9791850168386,493.47678088354763
2014-04-17,24.0,256.675970625,100.00916,224.20914020833334,20.88822083333333,100.0,32.46683041666667,87.46060416666667,2.7581770833333334,583.62,85487.81,3663.09,0,0,0,0,1,583.62,2256,3744630.4600000014,146.47854768513758,6.276498406497379,224.20914020833334,576.69,581.3971428571429,495.08944755021435
2014-04-18,24.0,256.74566020833333,100.01160333333333,224.27209145833334,20.987059791666667,100.0,32.47356875,88.45017208333333,2.771915416666667,578.0,85145.7,3668.67,0,0,0,0,1,578.0,2257,3745208.4600000014,147.31089965397922,6.347179930795848,224.27209145833334,583.62,580.3257142857143,496.38611421688097
2014-04-19,24.0,256.8413120833333,100.013980625,224.43000520833334,21.099198125,100.0,32.411306875,88.43047729166666,2.73173,578.95,84773.72,3679.37,0,0,0,0,1,578.95,2258,3745787.4100000015,146.4266689696865,6.355246567061058,224.4300052083333,578.0,579.5257142857143,497.434114216881
2014-04-20,24.0,256.91263541666666,100.01449333333333,224.47915291666666,21.089126875,100.0,32.4334825,88.31000708333333,2.7399114583333333,574.74,84198.59,3676.4,0,0,0,0,1,574.74,2259,3746362.150000002,146.49857326791243,6.396631520339632,224.47915291666666,578.95,579.1757142857143,498.5687808835476
2014-04-21,24.0,256.30745875,100.01925375,224.31468104166666,21.100840625,100.0,31.992777708333332,88.40703041666667,2.8111108333333332,575.45,86417.94,3397.91,0,0,0,0,1,575.45,2260,3746937.600000002,150.1745416630463,5.904787557563645,224.3146810416667,574.74,577.8757142857143,500.6675218641316
2014-04-22,24.0,256.0447908333333,100.02975,224.437389375,21.108596041666665,100.0,31.60740145833333,88.22113645833333,2.8461795833333334,555.35,76972.11,3080.94,0,0,0,0,1,555.35,2261,3747492.950000002,138.6010803997479,5.547744665526245,224.43738937499998,575.45,574.6857142857143,504.775855197465
2014-04-23,24.0,256.2611885416667,100.02975,224.69003854166667,20.979676666666666,100.0,31.57115,86.117856875,2.78057125,581.4,79936.04,3427.95,0,0,0,0,1,581.4,2262,3748074.350000002,137.48888888888888,5.8960268317853455,224.6900385416667,555.35,575.3585714285715,510.41641744646097
2014-04-24,24.0,256.3915322916667,100.02975,224.81114729166666,20.908309791666667,100.0,31.580385,85.16578604166666,2.781026041666667,714.49,98914.09,3955.91,0,0,0,0,1,714.49,2263,3748788.840000002,138.44013212221304,5.536690506515137,224.81114729166669,581.4,594.0542857142857,533.0451587557883
2014-04-25,24.0,256.344845625,100.02975,224.70728958333333,21.055459166666665,100.0,31.637556041666667,88.24114270833333,2.7916589583333336,589.96,81414.33,3829.02,0,0,0,0,1,589.96,2264,3749378.800000002,137.99974574547426,6.490304427418808,224.70728958333333,714.49,595.7628571428571,536.4824920891216
2014-04-26,24.0,256.49305395833335,100.02961208333333,224.90759729166666,21.009025833333332,100.0,31.585456666666666,86.80102416666666,2.7204125,583.71,80844.42,3805.51,0,0,0,0,1,583.71,2265,3749962.510000002,138.50100221000153,6.519521680286443,224.9075972916667,589.96,596.4428571428572,545.3935720891216
2014-04-27,24.0,256.615710625,100.02037229166666,224.9466625,21.10627145833333,100.0,31.669048125,88.252004375,2.7605633333333333,584.82,81564.72,3690.76,0,0,0,0,1,584.82,2266,3750547.330000002,139.46978557504872,6.310933278615642,224.94666250000003,583.71,597.8828571428572,551.5202387557881
2014-04-28,24.0,256.7073502083333,100.01831,225.020779375,21.245727083333332,100.0,31.686570833333334,88.99248541666667,2.7801877083333335,582.58,80823.42,3671.32,0,0,0,0,1,582.58,2267,3751129.910000002,138.7335988190463,6.301829791616602,225.02077937499996,584.82,598.9014285714286,563.2628465611047
2014-04-29,24.0,256.81220520833335,100.01831,225.163155625,21.131821458333334,100.0,31.649049583333333,88.55494854166666,2.7610104166666667,554.65,77569.24,3675.44,0,0,0,0,1,554.65,2268,3751684.560000002,139.85259172451097,6.626593347155865,225.16315562500003,582.58,598.8014285714286,564.8078755466119
2014-04-30,24.0,256.9661775,100.01831,225.30651041666667,21.084835833333333,100.0,31.659667083333332,88.73347895833334,2.742920625,539.32,75420.02,3675.62,0,0,0,0,1,539.32,2269,3752223.8800000018,139.84280204702216,6.815285915597418,225.3065104166667,554.65,592.7900000000001,565.0978755466118
2014-05-01,24.0,257.11118791666667,100.01831,225.472150625,21.07979458333333,100.0,31.639037291666668,88.50426041666667,2.7359185416666665,532.62,74202.46,3669.33,0,0,0,0,1,532.62,2270,3752756.500000002,139.3159475798881,6.889208065787991,225.47215062499998,539.32,566.8085714285714,565.2412088799451
2014-05-02,24.0,257.39889270833334,100.016514375,225.64310354166668,21.115194583333334,100.0,31.755789166666666,88.77990145833333,2.741651666666667,530.32,74002.05,3651.3,0,0,0,0,1,530.32,2271,3753286.8200000017,139.5422575049027,6.885088248604616,225.64310354166668,532.62,558.2885714285715,565.2625422132785
2014-05-03,24.0,257.39048291666666,100.02192541666666,225.77117541666667,21.233018333333334,100.0,31.6193075,88.86018479166667,2.729931458333333,529.07,72536.09,3678.1,0,0,0,0,1,529.07,2272,3753815.8900000015,137.10112083467214,6.952010130984557,225.77117541666667,530.32,550.4828571428571,565.178875546612
2014-05-04,24.0,257.5395879166667,100.02907354166666,226.022215625,21.192204166666667,100.0,31.517372291666668,88.33013270833334,2.645315,523.92,72838.74,3681.09,0,0,0,0,1,523.92,2273,3754339.8100000015,139.02645442052224,7.026053595968851,226.022215625,529.07,541.7828571428571,564.6715422132785
2014-05-05,24.0,257.71218208333335,100.032116875,226.225824375,21.117320208333332,100.0,31.486357708333333,87.825756875,2.6000154166666665,544.38,78815.72,3551.18,0,0,0,0,1,544.38,2274,3754884.1900000013,144.7807046548367,6.5233476615599395,226.225824375,523.92,536.3257142857143,564.8442088799453
2014-05-06,24.0,257.927764375,100.039303125,226.410291875,21.124607291666667,100.0,31.5174725,87.588411875,2.585345625,535.8,77444.87,3556.1,0,0,0,0,1,535.8,2275,3755419.990000001,144.54063083240015,6.636991414706981,226.41029187499998,544.38,533.6328571428571,565.0976245178052
2014-05-07,24.0,258.9602,100.03329895833333,226.77825229166666,21.266093125,100.0,32.18194770833333,88.47581083333333,2.5115445833333334,533.97,77904.44,3532.36,0,0,0,0,1,533.97,2276,3755953.9600000014,145.89666086109708,6.615278011873326,226.77825229166666,535.8,532.8685714285714,564.8188098372624
2014-05-08,15.49166,260.69887140391023,100.01920049461452,227.1257679602767,21.2259124825164,63.679336041666666,33.57310344363354,88.18184538964191,2.8629055037484687,262.96,36706.42,2018.08,0,0,0,0,1,407.3830693418265,2277,3756216.9200000013,139.58936720413752,7.674475205354427,227.12576796027668,533.97,514.9775813345466,560.2662454819898
2014-05-09,0.0,302.26862,99.07847,230.44829,6.51021,1.28494125,71.82033,14.75407,42.67037,0.0,0.0,0.0,1,0,0,0,1,0.0,2278,3756216.9200000013,,,230.44829,407.3830693418265,439.2175813345466,541.14524548199
2014-05-10,14.00834,272.11245415378266,99.92422533637819,232.37967700891755,17.292484313044945,24.505812708333334,39.73277714486513,76.94786642922003,10.742584780066732,107.31,5928.54,1485.53,0,0,0,0,1,183.85047764403205,2279,3756324.2300000014,55.2468549063461,13.843351039045755,232.37967700891753,0.0,389.90050671226555,532.817118232862
2014-05-11,24.0,258.47763,99.97745166666667,226.650951875,20.922423958333333,93.83944791666667,31.826678125,87.31094541666667,2.5867,469.42,67117.18,3232.52,0,0,0,0,1,469.42,2280,3756793.6500000013,142.97895275020235,6.886199991478846,226.65095187499998,183.85047764403205,382.1147924265512,528.9477848995286
2014-05-12,24.0,257.4842316666667,99.9258775,225.994253125,21.077369791666666,100.0,31.489978541666666,88.22331875,2.246661666666667,479.16,69310.17,3133.21,0,0,0,0,1,479.16,2281,3757272.8100000015,144.64932381667919,6.5389640203689785,225.99425312500003,469.42,372.79764956940835,525.4347848995286
2014-05-13,24.0,256.33603063829787,99.90538638297872,225.12389425531916,20.910217234042552,97.91666666666667,31.212136382978724,87.86541808510638,2.085435531914894,481.15,69589.9,3038.39,0,0,0,0,1,481.15,2282,3757753.9600000014,144.6324431050608,6.31484983892757,225.12389425531916,479.16,364.9905067122655,522.2334515661953
2014-05-14,24.0,254.7117795744681,99.85410787234042,223.9419540425532,20.737064468085105,97.91666666666667,30.769825531914893,87.96386021276595,2.094768085106383,487.45,70311.89,2951.34,0,0,0,0,1,487.45,2283,3758241.4100000015,144.24431223715254,6.054651759154786,223.9419540425532,481.15,358.3447924265512,518.9967848995286
2014-05-15,24.0,254.79364404255318,99.84274638297872,224.1571010638298,20.73445489361702,97.91666666666667,30.636542978723405,87.21111744680852,2.0000063120567377,456.34,65489.28,3159.15,0,0,0,0,1,456.34,2284,3758697.7500000014,143.509839155016,6.922798790375598,224.15710106382977,487.45,365.3386396634332,514.952118232862
2014-05-16,24.0,255.72236723404257,99.86292170212766,224.70298425531914,20.835144042553193,97.91666666666667,31.019382978723403,87.4009985106383,1.9980302127659575,450.38,64160.86,3055.21,0,0,0,0,1,450.38,2285,3759148.1300000013,142.45938984857233,6.783627159287713,224.70298425531917,456.34,429.6786396634332,510.7417848995286
2014-05-17,24.0,255.77308104166667,99.90148916666666,224.77441916666666,21.006900208333334,100.0,30.998661875,87.74763270833333,2.0481752083333333,455.79,64087.57,3087.1,0,0,0,0,1,455.79,2286,3759603.9200000013,140.60767019899515,6.773075319774457,224.77441916666666,450.38,468.52714285714285,506.48078489952866
2014-05-18,24.0,255.48596617021278,99.92716617021277,224.91824489361701,20.945266808510638,97.91666666666667,30.567721276595744,86.48212489361703,2.015967234042553,455.57,64071.17,3177.82,0,0,0,0,1,455.57,2287,3760059.490000001,140.63957240380182,6.975481265228177,224.91824489361704,455.79,466.5485714285714,502.39978489952864
2014-05-19,24.0,255.65943041666668,99.93753553191489,225.02953770833332,21.063674468085107,97.91666666666667,30.629892708333333,86.5679574468085,2.0670537721631206,450.86,62598.53,3194.7,0,0,0,0,1,450.86,2288,3760510.350000001,138.84250099809253,7.085791598278845,225.02953770833335,455.57,462.5057142857143,498.13011823286195
2014-05-20,24.0,255.822333125,99.95245125,225.148136875,21.117984166666666,100.0,30.67419625,87.53505666666666,2.100784375,454.02,63408.64,3213.03,0,0,0,0,1,454.02,2289,3760964.370000001,139.66045548654245,7.076846834941192,225.148136875,450.86,458.63,494.10611823286195
2014-05-21,24.0,255.95010958333333,99.96540229166666,225.26512729166666,21.156989166666666,100.0,30.684982291666667,87.38080333333333,2.1015870833333334,454.45,64151.74,3212.34,0,0,0,0,1,454.45,2290,3761418.820000001,141.16347232918912,7.06863241280669,225.26512729166666,454.02,453.9157142857143,490.07278489952864
2014-05-22,24.0,256.5115685416667,100.00192875,225.64184604166667,21.346598125,100.0,30.8697225,87.79637395833333,2.227896041666667,459.04,66861.5,3321.19,0,0,0,0,1,459.04,2291,3761877.8600000013,145.65506273963052,7.235077553154409,225.6418460416667,454.45,454.3014285714286,486.86245156619526
2014-05-23,24.0,257.2639422916667,100.04563604166667,226.250818125,21.460736458333333,100.0,31.013124166666667,87.42556541666667,2.324670625,463.91,67492.26,3509.66,0,0,0,0,1,463.91,2292,3762341.7700000014,145.48567610096785,7.5653898385462695,226.25081812500002,459.04,456.2342857142857,482.94611823286203
2014-05-24,24.0,257.93922729166667,100.080300625,226.717949375,21.886451666666666,100.0,31.221277916666665,89.00763083333334,2.515731875,468.0,67946.62,3791.49,0,0,0,0,1,468.0,2293,3762809.7700000014,145.18508547008545,8.10147435897436,226.717949375,463.91,457.9785714285714,474.7297848995286
2014-05-25,24.0,258.21713520833333,100.10114583333333,226.88468395833334,21.926879375,100.0,31.33245125,88.926003125,2.5832989583333332,469.68,66212.0,3807.02,0,0,0,0,1,469.68,2294,3763279.4500000016,140.97257707375235,8.105561233180037,226.88468395833334,468.0,459.9942857142857,470.72045156619527
2014-05-26,24.0,258.4139370212766,100.11014723404256,226.99159340425533,21.879291063829786,97.91666666666667,31.422343617021276,88.25252145833333,2.5364344680851065,448.28,65655.42,3215.74,0,0,0,0,1,448.28,2295,3763727.7300000014,146.46073882394933,7.173507629160346,226.9915934042553,469.68,459.6257142857143,466.2061182328619
2014-05-27,24.0,258.5028247916667,100.11880916666667,226.98066729166666,21.917900416666665,100.0,31.5221575,88.84511583333334,2.56843875,449.19,66421.74,3443.92,0,0,0,0,1,449.19,2296,3764176.9200000013,147.8700327255727,7.666956076493244,226.9806672916667,448.28,458.9357142857143,461.68511823286195
2014-05-28,24.0,257.56798125,99.35208958333334,226.04346666666666,21.996356458333334,100.0,31.524514583333332,88.74500354166666,2.5631516666666667,416.03,61206.44,3584.5,0,0,0,0,1,416.03,2297,3764592.950000001,147.1202557507872,8.615965194817681,226.04346666666666,449.19,453.44714285714286,456.1334515661953
2014-05-29,24.0,258.73427458333333,100.125495625,227.179639375,22.092456875,100.0,31.554635208333334,89.183099375,2.5770285416666665,418.28,61549.68,3592.57,0,0,0,0,1,418.28,2298,3765011.230000001,147.14946925504447,8.588911733766857,227.179639375,416.03,447.6242857142857,451.58778489952863
2014-05-30,24.0,258.8888575,100.119248125,227.30245666666667,22.012485208333334,100.0,31.586400833333332,89.13496270833333,2.5821589583333333,420.8,62143.02,3625.55,0,0,0,0,1,420.8,2299,3765432.0300000007,147.6782794676806,8.615850760456274,227.30245666666664,418.28,441.4657142857142,447.63711823286195
2014-05-31,24.0,259.01325979166666,100.11902,227.41668541666667,21.967104166666665,100.0,31.596574375,89.11546354166667,2.6783689583333334,428.87,63354.43,3681.69,0,0,0,0,1,428.87,2300,3765860.900000001,147.72408888474362,8.584629374868841,227.41668541666667,420.8,435.8757142857143,444.1787848995286
2014-06-01,24.0,259.132528125,100.11865354166666,227.54421916666666,22.054710208333333,100.0,31.588308958333332,89.16958145833334,2.5995810416666667,431.47,63769.13,3712.49,0,0,0,0,1,431.47,2301,3766292.370000001,147.79504948200338,8.604283032424037,227.5442191666667,428.87,430.4171428571429,440.8837848995286
2014-06-02,22.0,265.38209732895456,100.05149302387727,229.57786119441818,20.97914082258182,72.32316166666666,35.80423613453636,84.8579343075,6.0913360095,325.75,48357.95,2547.44,0,0,0,0,1,355.3636363636364,2302,3766618.120000001,148.4511128165771,7.82023023791251,229.5778611944182,431.47,417.14337662337664,435.09357277831646
2014-06-03,24.0,259.4524125,100.10257708333333,227.71091833333332,21.822269375,96.17584333333333,31.741494166666666,87.40877208333333,2.61312125,411.55,60351.97,3614.06,0,0,0,0,1,411.55,2303,3767029.670000001,146.64553517191106,8.781581824808649,227.71091833333332,355.3636363636364,411.7662337662337,431.3479061116498
2014-06-04,24.0,259.46901729166666,100.0921725,227.86602291666668,21.920967291666667,99.185055,31.602994375,87.925433125,2.46547125,421.75,62196.83,3702.08,0,0,0,0,1,421.75,2304,3767451.420000001,147.473218731476,8.777901600474214,227.86602291666665,411.55,412.58337662337664,427.2602394449832
2014-06-05,24.0,259.60201458333336,100.09269645833334,227.94670958333333,21.99970875,99.13853145833333,31.655305,88.84640291666666,2.51372125,445.16,65409.27,3706.65,0,0,0,0,1,445.16,2305,3767896.580000001,146.9342932878066,8.326556743642735,227.94670958333336,421.75,416.4233766233766,424.23890611164984
2014-06-06,24.0,259.668705625,100.08252833333333,228.02581979166666,22.07616875,99.19029541666667,31.642885833333334,89.267845625,2.498246875,445.36,64412.73,3702.68,0,0,0,0,1,445.36,2306,3768341.940000001,144.63070325130232,8.313903359080294,228.02581979166663,445.16,419.9319480519481,421.2852394449832
2014-06-07,24.0,259.74414270833336,100.07595791666667,228.13484770833333,22.052876666666666,99.26899375,31.609295,89.02196916666666,2.481320833333333,448.72,64827.12,3705.14,0,0,0,0,1,448.72,2307,3768790.660000001,144.47120698876805,8.257131395970761,228.13484770833335,445.36,422.76766233766233,422.6631371335889
2014-06-08,24.0,259.79588583333333,100.06900625,228.26388083333333,21.95769479166667,100.0,31.532005,88.110923125,2.4113433333333334,452.13,65433.6,3719.26,0,0,0,0,1,452.13,2308,3769242.790000001,144.72297790458495,8.22608541791078,228.26388083333333,448.72,425.71909090909094,437.7341371335889
2014-06-09,24.0,259.91997729166667,100.06866,228.42027166666668,22.0426975,100.0,31.499705625,88.9964675,2.3769677083333334,509.65,74629.21,3746.07,0,0,0,0,1,509.65,2309,3769752.440000001,146.43227705287944,7.350279603649564,228.42027166666668,452.13,447.76000000000005,448.59412121212125
2014-06-10,24.0,260.0027327083333,100.06866,228.51971541666666,21.942099166666665,100.0,31.483017291666666,88.20039604166666,2.3505891666666665,451.41,66453.08,3686.59,0,0,0,0,1,451.41,2310,3770203.850000001,147.2122460734144,8.166832812742296,228.51971541666666,509.65,453.45428571428573,447.9937878787879
2014-06-11,24.0,260.0255970833333,100.06283166666667,228.52390291666666,21.963441875,100.0,31.501694166666667,88.62598333333334,2.3715439583333335,452.56,66006.51,3559.6,0,0,0,0,1,452.56,2311,3770656.410000001,145.8514009192151,7.865476400919215,228.52390291666666,451.41,457.8557142857143,447.1071212121212
2014-06-12,24.0,260.03666416666664,100.05951,228.48550770833333,22.048311458333334,100.0,31.551156458333335,89.37317583333333,2.4170891666666665,451.89,65441.27,3561.53,0,0,0,0,1,451.89,2312,3771108.300000001,144.81681382637368,7.881409192502601,228.4855077083333,452.56,458.8171428571428,446.13178787878786
2014-06-13,24.0,260.08951916666666,100.05074770833333,228.57533645833334,21.94895125,100.0,31.514182708333333,89.34130166666667,2.3937508333333333,503.1,73913.97,3655.3,0,0,0,0,1,503.1,2313,3771611.4000000013,146.9170542635659,7.26555356787915,228.57533645833334,451.89,467.0657142857143,446.6534545454545
2014-06-14,24.0,260.1227397916667,100.04787229166666,228.6401475,21.851712291666665,100.0,31.482592291666666,89.19946604166667,2.364449375,495.05,73111.33,3608.91,0,0,0,0,1,495.05,2314,3772106.450000001,147.68473891526108,7.28999091000909,228.6401475,503.1,473.6842857142857,447.9437878787879
2014-06-15,24.0,260.1347875,100.039960625,228.67236229166667,21.846339166666667,100.0,31.462425208333332,89.20813875,2.35454375,496.1,73237.62,3609.22,0,0,0,0,1,496.1,2315,3772602.550000001,147.62672848216084,7.275186454343881,228.67236229166667,495.05,479.96571428571434,449.4677878787879
2014-06-16,24.0,260.1441929787234,100.0388725531915,228.69995234042554,21.782684042553193,100.0,31.444240638297874,89.1507085106383,2.3426162632978724,500.94,73512.86,3595.03,0,0,0,0,1,500.94,2316,3773103.490000001,146.74983031900027,7.176568052062124,228.69995234042554,496.1,478.72142857142853,450.97278787878787
2014-06-17,24.0,260.1647610416667,100.03143229166666,228.724128125,21.801291666666668,100.0,31.440632916666665,89.25529375,2.3215047916666665,489.91,72189.45,3582.77,0,0,0,0,1,489.91,2317,3773593.4000000013,147.35247290318628,7.313118736094384,228.72412812500002,500.94,484.2214285714286,452.1174545454545
2014-06-18,24.0,260.18732708333334,100.02837729166667,228.756889375,21.8094275,100.0,31.430437708333333,89.29686020833333,2.3268870833333333,486.9,71596.88,3617.52,0,0,0,0,1,486.9,2318,3774080.300000001,147.04637502567263,7.4296980899568705,228.75688937500001,489.91,489.1271428571429,453.3187878787878
2014-06-19,24.0,260.255389375,100.01984979166667,228.84641770833332,21.688051041666668,100.0,31.408971666666666,89.07224166666667,2.2989729166666666,483.72,71567.31,3754.86,0,0,0,0,1,483.72,2319,3774564.0200000014,147.95193500372116,7.762465889357479,228.84641770833332,486.9,493.67428571428576,454.30878787878794
2014-06-20,24.0,260.3342083333333,100.01831,228.92566083333332,21.724189375,100.0,31.4085475,89.2091875,2.2904297916666665,482.36,71178.24,3620.34,0,0,0,0,1,482.36,2320,3775046.3800000013,147.56248445144706,7.505473090637698,228.92566083333332,483.72,490.7114285714286,455.2391212121212
2014-06-21,24.0,260.36776145833335,100.01310416666666,228.971906875,21.77620458333333,100.0,31.395854583333332,89.26220104166667,2.292035,478.49,70388.77,3576.71,0,0,0,0,1,478.49,2321,3775524.8700000015,147.10604192355117,7.474994252753453,228.971906875,482.36,488.3457142857143,455.8874545454546
2014-06-22,24.0,260.457258125,100.00916,229.05045583333333,21.759360833333332,100.0,31.406802291666665,89.27763458333334,2.2986508333333333,474.22,69113.5,3658.1,0,0,0,0,1,474.22,2322,3775999.0900000017,145.74142802918476,7.713930243346969,229.05045583333333,478.49,485.21999999999997,456.23112121212125
2014-06-23,24.0,260.92321416666664,100.00428270833333,229.214715625,21.852768333333334,100.0,31.708498541666668,89.30868895833333,2.2946383333333333,466.36,68561.96,3632.75,0,0,0,0,1,466.36,2323,3776465.4500000016,147.01509563427396,7.789583154644481,229.21471562499997,474.22,480.28000000000003,456.17645454545453
2014-06-24,24.0,260.59671083333336,100.00916,229.17260104166667,21.78084395833333,100.0,31.424109791666666,89.27890291666667,2.32832125,440.96,64744.14,3432.94,0,0,0,0,1,440.96,2324,3776906.4100000015,146.82542634252542,7.785150580551525,229.1726010416667,466.36,473.28714285714284,455.21912121212125
2014-06-25,24.0,260.6865389361702,100.00897510638298,229.2639629787234,21.852252127659575,100.0,31.42257595744681,89.37305765957447,2.335586170212766,462.73,68309.53,3449.48,0,0,0,0,1,462.73,2325,3777369.1400000015,147.62286862749335,7.454627968793897,229.2639629787234,440.96,469.83428571428567,455.7007878787879
2014-06-26,16.5,174.7931440653212,66.57397170054546,138.44210988871515,19.604749603660608,51.03020479166667,36.35103417660606,81.3003581252303,8.167492308418181,183.67,27523.85,1383.83,0,0,0,0,1,267.1563636363636,2326,3777552.8100000015,149.85490281483095,7.534327870637557,138.44210988871515,462.73,438.8966233766234,449.633
2014-06-27,23.5,147.20070812765957,54.63770774468085,111.7572265,21.051920978723405,74.26816416666666,35.44348162765957,87.02258061702128,5.7575564574468086,296.83,44840.61,2273.92,0,0,0,0,1,303.14553191489364,2327,3777849.6400000015,151.06495300340262,7.660681197992117,111.7572265,267.1563636363636,413.29455650732245,445.87018439716314
2014-06-28,24.0,260.6713829787234,99.96189723404255,229.06573872340425,21.88411106382979,91.18342333333334,31.60564425531915,89.17969234042553,2.539828510638298,394.59,59087.18,3325.23,0,0,0,0,1,394.59,2328,3778244.2300000014,149.7432271471654,8.427050862921007,229.06573872340425,303.14553191489364,401.3088422216082,445.08051773049647
2014-06-29,24.0,260.58821978723404,99.9609844680851,229.29647382978723,21.862279574468086,97.91666666666667,31.291745957446807,89.12920595744681,2.233848510638298,432.02,64677.42,3343.15,0,0,0,0,1,432.02,2329,3778676.2500000014,149.70931901300867,7.738414888199621,229.29647382978723,394.59,395.2802707930367,445.4545177304965
2014-06-30,24.0,260.6560946808511,99.95716914893617,229.37484531914893,21.795128510638296,97.91666666666667,31.281249361702127,89.14149425531915,2.2116151063829785,442.64,66483.19,3337.32,0,0,0,0,1,442.64,2330,3779118.8900000015,150.19697722754384,7.539580697632388,229.37484531914896,432.02,391.89169936446535,445.91351773049644
2014-07-01,24.0,260.61706979166667,99.94965,229.30638208333335,21.818041458333333,100.0,31.310687708333333,89.172885625,2.2508322916666668,439.06,65717.08,3321.27,0,0,0,0,1,439.06,2331,3779557.9500000016,149.67676399580924,7.564501434883615,229.30638208333335,442.64,391.6202707930368,446.1665177304965
2014-07-02,24.0,260.67957270833335,99.94965,229.3913225,21.855372291666665,100.0,31.288250208333334,88.66504916666666,2.2174060416666665,439.09,65650.53,3317.03,0,0,0,0,1,439.09,2332,3779997.0400000014,149.5149741510852,7.554328269830787,229.39132250000003,439.06,388.2431279358939,448.9573965183753
2014-07-03,24.0,260.73699833333336,99.94965,229.43697375,21.8432725,100.0,31.300024583333332,88.58433479166666,2.229893125,439.5,65605.42,3322.06,0,0,0,0,1,439.5,2333,3780436.5400000014,149.27285551763367,7.55872582480091,229.43697375000002,439.09,412.8636474164133,449.8890631850419
2014-07-04,24.0,260.79030666666665,99.953495,229.575250625,21.731949166666666,100.0,31.215056041666667,87.8012575,2.1493152083333333,435.95,65101.36,3330.96,0,0,0,0,1,435.95,2334,3780872.4900000016,149.33217112054135,7.640692739993119,229.575250625,439.5,431.8357142857143,450.36239651837525
2014-07-05,24.0,260.81742354166664,99.9588,229.56593708333332,21.757325208333334,100.0,31.251486458333332,87.90074145833333,2.1834420833333334,435.23,64782.33,3343.67,0,0,0,0,1,435.23,2335,3781307.7200000016,148.8461962640443,7.682535670794752,229.56593708333332,435.95,437.6414285714286,450.03139651837523
2014-07-06,24.0,260.875286875,99.96117104166666,229.55262916666666,21.935736458333334,100.0,31.322657708333335,88.83642229166666,2.243575416666667,434.67,64695.87,3354.79,0,0,0,0,1,434.67,2336,3781742.3900000015,148.83905031403134,7.718015966135229,229.55262916666663,435.23,438.02000000000004,449.6750631850419
2014-07-07,24.0,260.8954595833333,99.966884375,229.58171875,21.902979791666667,100.0,31.313740833333334,88.96378020833333,2.2419529166666665,442.68,66018.14,3298.06,0,0,0,0,1,442.68,2337,3782185.0700000017,149.13287250384025,7.450212343001716,229.58171875,434.67,438.0257142857143,449.4737298517086
2014-07-08,24.0,260.92747916666667,99.96796,229.57951,22.007797291666666,100.0,31.347969166666665,89.40263541666667,2.2741129166666667,445.32,66275.09,3283.38,0,0,0,0,1,445.32,2338,3782630.3900000015,148.82576574148925,7.373080032336298,229.57951,442.68,438.92,449.2467298517086
2014-07-09,24.0,260.91948875,99.971775,229.55110270833333,21.89983875,100.0,31.368386041666668,89.26144270833333,2.278948541666667,443.92,66216.24,3281.42,0,0,0,0,1,443.92,2339,3783074.3100000015,149.16255181113715,7.391917462605875,229.55110270833336,445.32,439.61000000000007,447.0557298517086
2014-07-10,24.0,260.69118375,99.9737675,229.38150229166666,21.945371041666668,100.0,31.309681458333333,89.08740083333333,2.2554145833333332,450.92,67331.7,3206.69,0,0,0,0,1,450.92,2340,3783525.2300000014,149.32072207930452,7.111438836157189,229.38150229166666,443.92,441.24142857142857,447.0393965183752
2014-07-11,24.0,260.5464177083333,99.96466166666667,229.26666520833334,21.912193125,100.0,31.2797525,88.99646520833333,2.2130645833333333,452.35,67059.63,3816.24,0,0,0,0,1,452.35,2341,3783977.5800000015,148.24722007295236,8.436476179949153,229.2666652083333,450.92,443.5842857142857,447.03239651837526
2014-07-12,24.0,260.2465172916667,99.95233916666666,229.057944375,21.833809791666667,100.0,31.188572916666665,88.86334,2.1323875,443.73,65989.39,3034.57,0,0,0,0,1,443.73,2342,3784421.3100000015,148.7151871633651,6.838775832150182,229.05794437500003,452.35,444.79857142857145,446.7603965183753
2014-07-13,24.0,259.99799479166666,99.93549666666667,228.895620625,21.725260416666668,100.0,31.102374166666667,88.265835,2.059405625,442.05,65643.4,3004.77,0,0,0,0,1,442.05,2343,3784863.3600000013,148.49768125777626,6.797353240583644,228.895620625,443.73,445.8528571428571,444.72539651837525
2014-07-14,24.0,259.8528220833333,99.92269125,228.73886,21.76434104166667,100.0,31.113962083333334,89.30669395833333,2.0740775,436.1,64788.43,3127.01,0,0,0,0,1,436.1,2344,3785299.4600000014,148.56324237560193,7.170396698005045,228.73886,442.05,444.9128571428572,442.7603965183752
2014-07-15,24.0,259.940468125,99.92139145833333,228.86708166666668,21.639697083333335,100.0,31.073386458333335,88.73981,2.04851625,444.23,65730.8,3129.02,0,0,0,0,1,444.23,2345,3785743.6900000013,147.96569344708823,7.043693582153389,228.86708166666665,436.1,444.75714285714287,441.03139651837523
2014-07-16,24.0,259.85519416666665,99.92905,228.82031479166668,21.603161875,100.0,31.034879375,88.45616145833333,2.025885,441.15,65583.24,3133.49,0,0,0,0,1,441.15,2346,3786184.8400000012,148.66426385583136,7.103003513544146,228.82031479166665,444.23,444.3614285714285,439.0383965183753
2014-07-17,24.0,259.91405354166665,99.92905,228.837465,21.562008333333335,100.0,31.076588541666666,88.52433625,2.0554460416666664,440.9,65441.04,3125.26,0,0,0,0,1,440.9,2347,3786625.740000001,148.42603765026084,7.088364708550692,228.83746499999998,441.15,442.93,437.4047298517086
2014-07-18,24.0,260.02441854166665,99.92905,228.891078125,21.750071875,100.0,31.133340416666666,89.332598125,2.1052454166666665,437.73,65140.97,3119.81,0,0,0,0,1,437.73,2348,3787063.470000001,148.81541132661687,7.127247389943572,228.89107812499998,440.9,440.84142857142854,435.7657298517086
2014-07-19,24.0,260.23430979166665,99.92905,229.132956875,21.684807916666667,100.0,31.101352916666666,88.84286729166666,2.063030208333333,436.95,65306.12,3119.11,0,0,0,0,1,436.95,2349,3787500.4200000013,149.45902277148417,7.138368234351757,229.132956875,437.73,439.8728571428571,434.2067298517086
2014-07-20,23.08334,263.8701024500787,99.89686181176121,230.11796439474963,21.134551631626966,84.31823645833333,33.752138055329084,85.36969990419931,4.003649802511249,380.77,58801.97,2477.87,0,0,0,0,1,395.89071598824086,2350,3787881.1900000013,154.4291041836279,6.507524227223783,230.11796439474963,436.95,433.27867371260584,431.32442038464995
2014-07-21,24.0,260.728026875,99.92490104166667,229.31852979166666,21.592721041666668,93.47770875,31.409497083333335,88.06172395833333,2.378493541666667,414.84,62112.31,2957.42,0,0,0,0,1,414.84,2351,3788296.030000001,149.72594253206054,7.129061806961721,229.31852979166666,395.89071598824086,430.24153085546305,429.2027537179832
2014-07-22,24.0,260.5175610416667,99.92027458333334,229.28048833333332,21.815632083333334,100.0,31.237072708333333,89.29578875,2.1943747916666667,446.27,65968.58,3134.42,0,0,0,0,1,446.27,2352,3788742.300000001,147.8221256190199,7.023595581150425,229.28048833333335,414.84,430.5329594268915,428.2710870513166
2014-07-23,24.0,260.53563,99.92189625,229.29032791666666,21.776720625,100.0,31.245302083333332,89.24484041666666,2.208675625,442.19,66426.82,3097.7,0,0,0,0,1,442.19,2353,3789184.490000001,150.2223478595174,7.00535968701237,229.29032791666668,446.27,430.681530855463,427.4654203846499
2014-07-24,24.0,260.60836333333333,99.92506979166667,229.35207479166667,21.887341041666666,100.0,31.256288541666667,89.518740625,2.2105158333333335,447.69,66918.84,3030.52,0,0,0,0,1,447.69,2354,3789632.180000001,149.47584265898277,6.76923764211843,229.35207479166667,442.19,431.65153085546297,427.68975371798325
2014-07-25,24.0,260.70623770833333,99.919973125,229.431204375,21.903625416666667,100.0,31.275033333333333,89.531126875,2.224442708333333,444.29,66265.46,3035.0,0,0,0,0,1,444.29,2355,3790076.470000001,149.14911431722524,6.831123815525895,229.431204375,447.69,432.5886737126058,427.07508705131664
2014-07-26,24.0,261.1920479166667,99.91280083333334,229.55764583333334,21.954442916666668,100.0,31.634402083333335,89.5784325,2.1758166666666665,441.5,66220.28,3287.65,0,0,0,0,1,441.5,2356,3790517.970000001,149.98930917327294,7.446545866364666,229.55764583333337,444.29,433.2386737126058,432.88654159677117
2014-07-27,24.0,261.49020520833335,99.90841541666667,229.65752854166666,21.83805125,100.0,31.832676666666668,89.14463541666667,2.121177708333333,444.28,66172.87,3407.49,0,0,0,0,1,444.28,2357,3790962.250000001,148.94406680471775,7.6696902854056,229.6575285416667,441.5,440.15142857142854,437.59102386627467
2014-07-28,24.0,261.5179870833333,99.908416875,229.62095541666667,21.8358225,100.0,31.897031666666667,89.481193125,2.1453433333333334,440.93,65792.15,3516.02,0,0,0,0,1,440.93,2358,3791403.180000001,149.21223323430021,7.97410019731023,229.62095541666665,444.28,443.8785714285714,439.13569053294134
2014-07-29,24.0,261.51988625,99.90841541666667,229.64929375,21.78564520833333,100.0,31.8705925,89.13074666666667,2.121918125,437.53,65319.75,3500.69,0,0,0,0,1,437.53,2359,3791840.710000001,149.2920485452426,8.001028500902796,229.64929375000003,440.93,442.63,439.319357199608
2014-07-30,24.0,261.00065729166664,99.91783916666667,229.58597916666668,21.7153775,100.0,31.414678125,88.72219833333334,2.1673510416666666,418.68,61830.19,3097.22,0,0,0,0,1,418.68,2360,3792259.390000001,147.67887169198434,7.397582879526129,229.58597916666665,437.53,439.2714285714286,438.5206905329414
2014-07-31,24.0,260.7969077083333,99.91989,229.52299333333335,21.756059375,100.0,31.273914375,89.29717375,2.2028660416666668,355.48,53006.64,3554.51,0,0,0,0,1,355.48,2361,3792614.870000001,149.11286148306513,9.99918420164285,229.52299333333332,418.68,426.09857142857146,435.7346905329414
2014-08-01,24.0,260.844675625,99.91989,229.60734041666666,21.778853541666667,100.0,31.237335208333334,89.22406541666666,2.1696791666666666,357.69,53315.18,3552.23,0,0,0,0,1,357.69,2362,3792972.560000001,149.05415303754648,9.931029662556963,229.60734041666666,355.48,413.72714285714284,433.0213571996081
2014-08-02,24.0,260.863484375,99.91989,229.626448125,21.763493958333335,100.0,31.23703625,88.898911875,2.164119791666667,359.24,53296.05,3552.42,0,0,0,0,1,359.24,2363,3793331.800000001,148.3577830976506,9.88870949782875,229.626448125,357.69,401.97571428571433,430.3460238662747
2014-08-03,24.0,260.6586675,99.91081604166666,229.50462729166668,21.686501458333332,100.0,31.154040208333335,88.62319041666667,2.0947204166666666,357.55,53590.72,3472.74,0,0,0,0,1,357.55,2364,3793689.350000001,149.88314920990072,9.712599636414486,229.50462729166665,359.24,389.5857142857143,427.7326905329413
2014-08-04,24.0,260.6441922916667,99.90841979166666,229.51910104166666,21.585354375,100.0,31.12509125,88.030204375,2.07900875,363.53,53847.06,3417.87,0,0,0,0,1,363.53,2365,3794052.880000001,148.12274090171377,9.40189255357192,229.5191010416667,357.55,378.52857142857147,425.3426905329414
2014-08-05,24.0,260.6921635416667,99.90375145833333,229.46945395833333,21.75461333333333,100.0,31.222709583333334,89.37777354166667,2.152399583333333,350.83,51874.62,3402.11,0,0,0,0,1,350.83,2366,3794403.710000001,147.8625545135821,9.697317789242653,229.46945395833333,363.53,366.14285714285717,422.5480238662747
2014-08-06,24.0,260.7513191666667,99.8992975,229.61239020833332,21.65670625,100.0,31.138928958333334,88.50019145833333,2.100909166666667,350.44,52008.39,3390.29,0,0,0,0,1,350.44,2367,3794754.150000001,148.40882890081042,9.67438077844995,229.61239020833335,350.83,356.39428571428573,419.47335719960796
2014-08-07,24.0,260.75742085106384,99.89929,229.57424425531914,21.673296170212765,97.91666666666667,31.18317659574468,89.14678914893616,2.1495178723404256,334.33,49637.53,3385.63,0,0,0,0,1,334.33,2368,3795088.480000001,148.46866868064487,10.126611431818862,229.57424425531917,350.44,353.3728571428572,415.7736905329413
2014-08-08,24.0,260.7852085106383,99.89923382978724,229.59784382978722,21.756348723404255,97.91666666666667,31.187364680851065,89.42599574468085,2.141926595744681,332.25,49355.0,3424.48,0,0,0,0,1,332.25,2369,3795420.730000001,148.54778028592926,10.306937547027841,229.59784382978725,334.33,349.73857142857145,412.051357199608
2014-08-09,24.0,260.8491941666667,99.890675625,229.72166145833333,21.471725,100.0,31.127532708333334,87.68003541666667,2.0679614583333334,330.84,49392.06,3495.13,0,0,0,0,1,330.84,2370,3795751.5700000008,149.29289082335873,10.56441180026599,229.72166145833336,332.25,345.6814285714285,408.04869053294135
2014-08-10,24.0,260.92618,99.88785,229.8044204255319,21.453757659574467,97.91666666666667,31.121759574468086,87.67896212765957,2.0570563829787236,326.08,48668.73,3489.8,0,0,0,0,1,326.08,2371,3796077.650000001,149.2539560843965,10.702281648675173,229.8044204255319,330.84,341.1857142857143,403.8396905329413
2014-08-11,24.0,261.0702414893617,99.88662085106382,229.96308595744682,21.345773617021276,97.91666666666667,31.107155531914895,86.60206723404255,2.0345304255319148,336.92,50734.17,3493.33,0,0,0,0,1,336.92,2372,3796414.5700000008,150.58224504333373,10.368425739047844,229.96308595744682,326.08,337.3842857142857,400.279357199608
2014-08-12,24.0,260.95168020833336,99.88653041666667,229.81916583333333,21.38253041666667,100.0,31.132514375,87.02690895833334,2.0600552083333334,340.72,53215.9,3525.54,0,0,0,0,1,340.72,2373,3796755.290000001,156.18660483681614,10.347323315332236,229.81916583333336,336.92,335.94,396.9016905329414
2014-08-13,24.0,260.90675833333336,99.88785,229.78997270833332,21.4712575,100.0,31.116785625,88.287544375,2.051690625,339.33,53959.74,3538.01,0,0,0,0,1,339.33,2374,3797094.620000001,159.0184775881885,10.426458020216309,229.78997270833335,340.72,334.3528571428571,393.6760238662747
2014-08-14,24.0,260.92875833333335,99.88785,229.7369775,21.58691875,100.0,31.191780833333333,89.20819208333333,2.12986875,341.09,54025.41,3531.55,0,0,0,0,1,341.09,2375,3797435.710000001,158.39048345011582,10.353718959805331,229.73697750000002,339.33,335.31857142857143,390.2380238662747
2014-08-15,24.0,260.8005620833333,99.884569375,229.655895,21.54133145833333,100.0,31.144667083333335,89.13873479166666,2.106192083333333,342.15,53465.5,3524.99,0,0,0,0,1,342.15,2376,3797777.860000001,156.2633347946807,10.302469677042232,229.655895,341.09,336.73285714285714,386.93802386627465
2014-08-16,24.0,260.76211041666664,99.87870166666667,229.63498083333334,21.468845,100.0,31.127129583333332,88.27752333333333,2.0831845833333333,340.59,50847.23,3503.42,0,0,0,0,1,340.59,2377,3798118.4500000007,149.29161161513846,10.286326668428316,229.63498083333332,342.15,338.1257142857143,383.594357199608
2014-08-17,24.0,260.7544252083333,99.878526875,229.68190229166666,21.48388625,100.0,31.072522916666667,88.3461825,2.095388541666667,340.72,50907.06,3514.42,0,0,0,0,1,340.72,2378,3798459.170000001,149.4102488847147,10.31468654613759,229.68190229166666,340.59,340.21714285714285,380.36069053294136
2014-08-18,24.0,260.70241145833336,99.87699479166666,229.68157395833333,21.3883,100.0,31.0208375,88.7753275,2.0921289583333333,338.4,50853.0,3519.96,0,0,0,0,1,338.4,2379,3798797.5700000008,150.27482269503548,10.40177304964539,229.68157395833336,340.72,340.42857142857144,377.07569053294134
2014-08-19,1.65833,265.7172345828032,99.88698489408019,234.3097296630345,21.251107978026088,11.011188958333333,31.407504919768684,87.96357478029101,6.070539409526451,4.3,1030.09,55.7,0,0,0,0,1,62.231280866896206,2380,3798801.8700000006,239.55581395348835,12.953488372093025,234.30972966303452,338.4,300.64446869527086,365.9537093622299
2014-08-20,0.0,302.09838,98.76878,301.75625,5.78703,1.2311095833333334,0.34213,14.38984,0.24802,0.0,0.0,0.0,1,0,0,0,1,0.0,2381,3798801.8700000006,,,301.75625,62.231280866896206,252.1687544095566,352.1257093622299
2014-08-21,0.0,302.46432,98.93993,302.10976,6.86105,1.28336,0.35456,19.78849,0.06308,0.0,0.0,0.0,1,0,0,0,1,0.0,2382,3798801.8700000006,,,302.10976,0.0,203.44161155241378,337.2500426955632
2014-08-22,0.0,302.46432,98.93993,302.10976,6.86105,1.28336,0.35456,19.78849,0.06308,0.0,0.0,0.0,1,0,0,0,1,0.0,2383,3798801.8700000006,,,302.10976,0.0,154.5630401238423,322.5103760288966
2014-08-23,0.0,302.46432,98.93993,302.10976,6.86105,1.28336,0.35456,19.78849,0.06308,0.0,0.0,0.0,1,0,0,0,1,0.0,2384,3798801.8700000006,,,302.10976,0.0,105.90732583812803,307.5873760288966
2014-08-24,0.0,302.46432,98.93993,302.10976,6.86105,1.28336,0.35456,19.78849,0.06308,0.0,0.0,0.0,1,0,0,0,1,0.0,2385,3798801.8700000006,,,302.10976,0.0,57.233040123842315,292.77770936222987
2014-08-25,22.625,267.62129447513814,99.87496425414365,232.52641950276242,18.14609187845304,51.86661854166667,35.09487497237569,82.22894270718233,6.282242044198895,155.58,26303.21,2117.23,0,0,0,0,1,165.03513812154696,2386,3798957.4500000007,169.0654968504949,13.608625787376269,232.52641950276245,0.0,32.46663128406331,283.5622139662814
2014-08-26,24.0,260.40987020833336,99.529446875,229.01283333333333,21.266935833333335,91.705796875,31.397036875,88.364788125,2.384365,332.73,58014.12,3031.48,0,0,0,0,1,332.73,2387,3799290.1800000006,174.35794788567307,9.110930784720344,229.01283333333336,165.03513812154696,71.10930544593529,279.84388063294807
2014-08-27,24.0,260.280578125,99.54823916666666,229.36040208333333,21.714977708333333,99.80907208333333,30.920176041666668,88.591885,2.032591875,358.23,63995.08,3080.71,0,0,0,0,1,358.23,2388,3799648.4100000006,178.6424364235268,8.59981017781872,229.3604020833333,332.73,122.28501973164957,277.08721396628147
2014-08-28,23.5,164.07405290817022,62.44089149497872,130.25845096797022,21.210400517268084,76.42802020833334,33.8156019402,85.06230472554468,5.779090819093617,290.24,50596.19,2400.19,0,0,0,0,1,296.4153191489362,2389,3799938.650000001,174.3253514332966,8.269673373759646,130.25845096797022,358.23,164.63006532435475,272.383391271246
2014-08-29,24.0,177.67372041666667,68.20561958333333,146.859601875,21.601306041666668,99.29056416666667,30.814118541666666,86.92400979166666,2.017606875,374.02,67084.42,3095.61,0,0,0,0,1,374.02,2390,3800312.670000001,179.3605154804556,8.276589487193199,146.859601875,296.4153191489362,218.06149389578331,270.8947246045793
2014-08-30,24.0,260.125598125,99.74990625,229.22873041666668,21.727684166666666,99.99927145833334,30.896867708333332,87.67280895833333,1.9852166666666666,368.61,66085.96,3081.58,0,0,0,0,1,368.61,2391,3800681.2800000007,179.28422994492826,8.360001085157755,229.22873041666668,374.02,270.7200653243548,271.33239127124597
2014-08-31,24.0,259.81422541666666,99.81778916666667,228.93274958333333,21.650196458333333,100.0,30.881475833333333,88.50575125,2.0640125,377.32,67664.22,3219.42,0,0,0,0,1,377.32,2392,3801058.6000000006,179.32847450439945,8.532333297996397,228.93274958333333,368.61,324.6229224672119,271.9867246045793
2014-09-01,24.0,259.7280877083333,99.86747541666666,228.69988166666667,21.665523333333333,100.0,31.028206041666667,88.02666375,2.07089,369.58,66720.78,3454.72,0,0,0,0,1,369.58,2393,3801428.1800000006,180.5313599220737,9.347691974673953,228.69988166666664,377.32,353.84361702127666,272.331391271246
2014-09-02,24.0,259.91553270833333,99.86783083333333,228.75484958333334,21.892292291666667,100.0,31.160683125,88.9796025,2.146925,419.29,71816.67,3462.16,0,0,0,0,1,419.29,2394,3801847.4700000007,171.28161892723412,8.257196689642013,228.75484958333334,369.58,366.2093313069909,274.3893912712459
2014-09-03,22.16666,263.5281091331035,99.82472532852942,230.34647046167532,21.360082688131637,76.38903645833334,33.181638671428175,87.11521503786769,3.943536453137279,305.75,49870.82,2706.89,0,0,0,0,1,331.03769354517095,2395,3802153.2200000007,163.10979558462796,8.853278822567457,230.34647046167532,419.29,362.3247160991582,273.3063143894184
2014-09-04,24.0,260.82510145833334,99.86396375,229.37716875,21.817091041666668,96.037640625,31.447932708333333,88.40696270833334,2.2028216666666665,327.3,52285.69,3299.04,0,0,0,0,1,327.3,2396,3802480.5200000005,159.74851817904064,10.079560036663612,229.37716875,331.03769354517095,366.73681336359584,272.521981056085
2014-09-05,24.0,260.55883875,99.86736791666667,229.46470979166668,21.924291458333332,100.0,31.094128958333332,88.67987166666667,2.1109704166666665,335.43,54505.41,3329.98,0,0,0,0,1,335.43,2397,3802815.9500000007,162.49414184777748,9.927496049846466,229.46470979166668,327.3,361.2239562207387,272.02164772275165
2014-09-06,24.0,260.56375404255317,99.87308276595745,229.4046404255319,21.966078936170213,97.91666666666667,31.159113617021276,88.98046553191489,2.157036170212766,333.78,54343.61,3336.8,0,0,0,0,1,333.78,2398,3803149.7300000004,162.81266103421416,9.99700401462041,229.4046404255319,335.43,356.2482419350244,272.00331438941834
2014-09-07,24.0,260.46847229166667,99.87790458333333,229.32524166666667,21.969055416666667,100.0,31.143230625,88.62380958333334,2.130944791666667,333.5,54398.17,3366.52,0,0,0,0,1,333.5,2399,3803483.2300000004,163.1129535232384,10.094512743628187,229.32524166666667,333.78,349.9882419350244,272.044981056085
2014-09-08,24.0,260.32825425531917,99.87869,229.16520085106384,21.912310425531913,100.0,31.16305340425532,88.84844765957446,2.1523968085106384,333.06,54175.25,3375.11,0,0,0,0,1,333.06,2400,3803816.2900000005,162.65913048699935,10.133639584459257,229.16520085106384,333.5,344.7710990778815,272.11898105608503
2014-09-09,24.0,260.2589389583333,99.87477083333333,229.08734541666666,21.851735833333333,100.0,31.171593541666667,88.82287458333333,2.17720875,331.54,53774.19,3343.73,0,0,0,0,1,331.54,2401,3804147.8300000005,162.19518006877,10.08544971949086,229.08734541666666,333.06,332.2353847921673,272.300981056085
2014-09-10,24.0,260.23591375,99.86840166666667,229.03416333333334,22.023410833333333,100.0,31.201750416666666,89.146378125,2.1933377083333334,332.39,53987.83,3323.01,0,0,0,0,1,332.39,2402,3804480.2200000007,162.4231475074461,9.99732242245555,229.03416333333334,331.54,332.42857142857144,272.14998105608504
2014-09-11,24.0,260.26498729166667,99.85872020833334,229.06632916666666,22.05996791666667,100.0,31.198658125,89.19959104166666,2.198647708333333,326.65,52391.25,3471.84,0,0,0,0,1,326.65,2403,3804806.8700000006,160.38956069187205,10.628623909383133,229.06632916666666,332.39,332.3357142857143,271.68098105608505
2014-09-12,24.0,260.32238020833336,99.85294229166666,229.116664375,22.028409375,100.0,31.205715833333333,89.10873770833334,2.203333125,338.03,49320.79,3467.35,0,0,0,0,1,338.03,2404,3805144.9000000004,145.90654675620507,10.257521521758424,229.11666437500003,326.65,332.70714285714286,271.63764772275164
2014-09-13,24.0,260.386204375,99.84630791666666,229.18945583333334,22.042140833333335,100.0,31.19674854166667,89.1362675,2.2164864583333332,336.76,49117.7,3491.79,0,0,0,0,1,336.76,2405,3805481.66,145.85372372015678,10.36877895236964,229.1894558333333,338.03,333.1328571428571,271.49331438941834
2014-09-14,24.0,260.46791479166666,99.83862729166667,229.26179354166666,22.013587916666665,100.0,31.20612125,89.03617354166667,2.2130102083333334,331.91,48875.13,3440.92,0,0,0,0,1,331.91,2406,3805813.5700000003,147.25416528577023,10.367027206170347,229.26179354166666,336.76,332.9057142857142,271.151981056085
2014-09-15,24.0,260.5295639583333,99.82821208333333,229.36159979166666,21.905727083333332,100.0,31.167964166666668,88.69468145833333,2.1782152083333335,339.41,50554.1,3429.7,0,0,0,0,1,339.41,2407,3806152.9800000004,148.94699625821278,10.104887893697887,229.36159979166663,331.91,333.8128571428571,271.11264772275166
2014-09-16,24.0,260.7201816666667,99.81751958333334,229.53319375,21.724775833333332,100.0,31.186987916666666,86.84667770833333,2.080679375,335.78,50481.13,3426.75,0,0,0,0,1,335.78,2408,3806488.7600000002,150.33989516945618,10.205342783965692,229.53319375,339.41,334.4185714285714,270.94798105608504
2014-09-17,24.0,260.68065574468085,99.80810319148937,229.58875741134753,21.708406875,97.91666666666667,31.091898333333333,86.80455744680852,2.0865730141843972,333.27,50234.4,3414.67,0,0,0,0,1,333.27,2409,3806822.0300000003,150.7318390494194,10.245956731779039,229.5887574113475,335.78,334.5442857142857,270.776981056085
2014-09-18,24.0,260.75309617021276,99.79981361702127,229.66294106382978,21.742448723404255,97.91666666666667,31.09015510638298,86.98758276595744,2.0867785106382977,333.09,49690.24,3469.47,0,0,0,0,1,333.09,2410,3807155.12,149.1796211234201,10.416013689993695,229.66294106382978,333.27,335.4642857142857,279.8056050271885
2014-09-19,24.0,260.85240765957445,99.7934185106383,229.74008042553191,21.83535574468085,97.91666666666667,31.112327234042553,88.39575170212765,2.115445319148936,331.24,49848.46,3463.8,0,0,0,0,1,331.24,2411,3807486.3600000003,150.4904600893612,10.457070402125348,229.74008042553191,333.09,334.4942857142857,290.8469383605218
2014-09-20,24.0,260.92052127659576,99.78651583333334,229.72669382978722,21.842950425531914,97.91666666666667,31.19382744680851,89.04354914893617,2.1950087234042552,340.08,50906.87,3468.02,0,0,0,0,1,340.08,2412,3807826.4400000004,149.6908668548577,10.197659374264878,229.72669382978725,331.24,334.9685714285714,302.1829383605218
2014-09-21,24.0,261.042585106383,99.77798,229.88022893617023,21.713372127659575,97.91666666666667,31.162356170212767,88.80100574468085,2.153762978723404,333.29,50107.0,3485.0,0,0,0,0,1,333.29,2413,3808159.7300000004,150.3405442707552,10.456359326712471,229.88022893617023,340.08,335.1657142857143,313.2926050271885
2014-09-22,24.0,261.11851723404254,99.77221468085106,229.9215059574468,21.810271489361703,97.91666666666667,31.197011276595745,88.99714191489362,2.1808921276595745,333.16,50057.88,3535.71,0,0,0,0,1,333.16,2414,3808492.8900000006,150.25177092087884,10.612648577260174,229.9215059574468,333.29,334.2728571428571,324.39793836052183
2014-09-23,24.0,261.180356875,99.76815666666667,229.98017166666668,21.84471125,100.0,31.200185208333334,88.9589525,2.1817675,338.89,50994.21,3576.59,0,0,0,0,1,338.89,2415,3808831.7800000007,150.4742246746732,10.553837528401546,229.98017166666665,333.16,334.71714285714285,335.6942716938551
2014-09-24,24.0,261.190729375,99.75741833333333,229.99300604166666,21.837109583333334,100.0,31.197723333333332,89.05934625,2.1631716666666665,337.74,51265.54,3621.29,0,0,0,0,1,337.74,2416,3809169.520000001,151.78995677148103,10.72212352697341,229.99300604166666,338.89,335.35571428571427,341.4511004231369
2014-09-25,24.0,261.200031875,99.74818083333334,230.036271875,21.704483958333334,100.0,31.16376,88.32477791666666,2.151755,338.79,51462.6,3621.75,0,0,0,0,1,338.79,2417,3809508.310000001,151.90117772071193,10.690250597715398,230.03627187499998,337.74,336.17,341.6531004231369
2014-09-26,24.0,261.2136345833333,99.74038645833333,230.092854375,21.604496666666666,100.0,31.120780208333333,87.8813825,2.11602125,338.8,51493.29,3604.31,0,0,0,0,1,338.8,2418,3809847.110000001,151.98727863046045,10.638459268004722,230.09285437499997,338.79,337.25,341.00543375647027
2014-09-27,24.0,261.263816875,99.73400729166667,230.124830625,21.568166666666666,100.0,31.13898625,87.63342958333334,2.1330597916666667,335.82,51349.31,3614.08,0,0,0,0,1,335.82,2419,3810182.9300000006,152.90724197486747,10.761955809659938,230.124830625,338.8,336.6414285714286,342.31892311817234
2014-09-28,24.0,261.28620729166664,99.727835625,230.14923729166668,21.628789375,100.0,31.13697,88.03341020833334,2.1301502083333332,334.71,51080.51,3587.47,0,0,0,0,1,334.71,2420,3810517.6400000006,152.61124555585434,10.718144065011503,230.14923729166665,335.82,336.8442857142857,341.00858978483905
2014-09-29,1.25833,269.5704997379066,99.71787814325336,236.66056438716393,21.672700999896687,10.411233125,32.90993535074265,88.11478267338457,4.406401103287691,5.42,1236.4,66.17,0,0,0,0,1,103.37510827843252,2421,3810523.0600000005,228.11808118081183,12.20848708487085,236.66056438716393,334.71,304.0178726112046,332.16742672745346
2014-09-30,18.24167,267.46997473561356,99.66251898475304,232.71371063009033,19.322216196483108,43.944816875,34.756264105523236,82.78288196624541,6.074560321988064,157.75,40359.14,1686.73,0,0,0,0,1,207.5467871088557,2422,3810680.8100000005,255.8424088748019,10.692424722662441,232.71371063009033,103.37510827843252,285.25455648389834,326.508319631082
2014-10-01,24.0,261.34031541666667,99.670701875,230.299541875,21.4934,100.0,31.040773541666667,87.89982666666667,2.3411902083333334,323.17,52469.26,3603.32,0,0,0,0,1,323.17,2423,3811003.9800000004,162.35807779187425,11.149921094160968,230.299541875,207.5467871088557,283.17312791246974,324.961319631082
2014-10-02,24.0,261.67950916666666,99.67839604166667,230.62216125,21.75653125,100.0,31.057347916666668,88.218344375,2.3714989583333335,341.36,54409.02,3562.52,0,0,0,0,1,341.36,2424,3811345.3400000003,159.38897351769393,10.436254980079681,230.62216125,323.17,283.5402707696126,322.36365296441534
2014-10-03,24.0,262.31680208333336,99.64091395833333,230.86599395833332,21.57293125,100.0,31.450808125,86.94432875,2.2802710416666665,311.3,48637.54,3466.39,0,0,0,0,1,311.3,2425,3811656.64,156.2400899453903,11.135207195631223,230.86599395833335,341.36,279.6116993410412,321.70572984624295
2014-10-04,24.0,261.48274833333335,99.64748041666667,230.41114041666665,21.624663333333334,100.0,31.071607916666668,87.37998,2.372715,325.86,49961.29,3511.2,0,0,0,0,1,325.86,2426,3811982.5,153.32133431535016,10.775179524949364,230.41114041666668,311.3,278.18884219818403,321.65772984624294
2014-10-05,24.0,261.664380625,99.648393125,230.50480645833332,21.724606875,100.0,31.159574166666665,88.13284625,2.4028452083333334,322.32,49369.92,3555.91,0,0,0,0,1,322.32,2427,3812304.82,153.1705137751303,11.032235045917101,230.50480645833332,325.86,276.41884219818405,321.22072984624293
2014-10-06,24.0,261.72260416666666,99.66004145833334,230.66106395833333,21.55411125,100.0,31.061540208333334,85.53838208333333,2.347870416666667,320.67,49050.43,3540.85,0,0,0,0,1,320.67,2428,3812625.4899999998,152.96232887392023,11.042036985062525,230.66106395833333,322.32,307.4609695869794,320.7837298462429
2014-10-07,24.0,261.42655145833334,99.68399104166667,230.39905354166666,21.338167916666666,100.0,31.02749791666667,85.608536875,2.3291402083333335,323.6,48374.0,3403.56,0,0,0,0,1,323.6,2429,3812949.09,149.48702101359703,10.51779975278121,230.39905354166666,320.67,324.04,320.45372984624294
2014-10-08,24.0,261.5319955319149,99.68906958333334,230.43609011524822,21.664611702127658,100.0,31.095905416666668,87.60336958333333,2.3537839583333335,320.46,49994.7,3492.76,0,0,0,0,1,320.46,2430,3813269.55,156.0091743119266,10.899207389377771,230.43609011524825,323.6,323.6528571428571,320.0337298462429
2014-10-09,24.0,261.3621275,99.68411,230.28487104166666,21.660944166666667,100.0,31.077256458333334,87.57903958333333,2.336291875,326.8,50614.71,3485.83,0,0,0,0,1,326.8,2431,3813596.3499999996,154.8797735618115,10.666554467564259,230.28487104166666,320.46,321.5728571428572,319.87572984624296
2014-10-10,24.0,261.26367166666665,99.67956,230.19433770833334,21.661500208333333,100.0,31.069333958333335,87.745848125,2.342395625,330.91,51158.01,3326.32,0,0,0,0,1,330.91,2432,3813927.26,154.59795714846936,10.052038318576047,230.1943377083333,326.8,324.3742857142857,319.82639651290964
2014-10-11,24.0,261.34857895833335,99.67950625,230.31228854166667,21.714850416666668,100.0,31.036290416666667,88.10527625,2.341570416666667,326.95,50457.8,3319.74,0,0,0,0,1,326.95,2433,3814254.21,154.3287964520569,10.153662639547331,230.31228854166667,330.91,324.53000000000003,319.8363965129096
2014-10-12,24.0,261.39129354166664,99.67795770833334,230.31628270833335,21.73695375,100.0,31.075010833333334,88.36861229166666,2.3687385416666666,325.64,50216.05,3318.18,0,0,0,0,1,325.64,2434,3814579.85,154.20725340867216,10.189718707775457,230.31628270833332,326.95,325.00428571428574,319.42339651290956
2014-10-13,24.0,261.26625875,99.67956,230.18788208333334,21.836744791666668,100.0,31.078376666666667,88.864298125,2.3709879166666665,323.25,50001.53,3423.77,0,0,0,0,1,323.25,2435,3814903.1,154.68377416860014,10.591709203402939,230.18788208333336,325.64,325.3728571428572,318.9730631795763
2014-10-14,24.0,261.32630770833333,99.67956,230.242463125,21.800220833333334,100.0,31.083844583333335,88.78916708333334,2.3987389583333334,322.94,49962.98,3442.81,0,0,0,0,1,322.94,2436,3815226.04,154.71288784294296,10.66083482999938,230.242463125,323.25,325.2785714285714,318.67406317957625
2014-10-15,24.0,261.417511875,99.67956,230.32523604166667,21.874533958333334,100.0,31.092275833333332,88.92079375,2.382394375,323.28,49843.79,3400.14,0,0,0,0,1,323.28,2437,3815549.32,154.18148354367733,10.517631774313289,230.32523604166667,322.94,325.68142857142857,318.1363965129096
2014-10-16,24.0,261.388946875,99.67956,230.355216875,21.714799166666666,100.0,31.03373,88.267381875,2.3340960416666667,321.24,49473.7,3342.45,0,0,0,0,1,321.24,2438,3815870.56,154.0085294483875,10.404837504669405,230.355216875,323.28,324.88714285714286,317.651729846243
2014-10-17,24.0,261.4063625,99.679028125,230.39854854166666,21.668801875,100.0,31.007813958333333,87.20104604166667,2.3037064583333335,320.17,49469.2,3330.6,0,0,0,0,1,320.17,2439,3816190.73,154.50916700502856,10.402598619483399,230.39854854166666,321.24,323.3528571428571,317.2150631795763
2014-10-18,24.0,261.423350625,99.670284375,230.45385270833333,21.54492541666667,100.0,30.96949791666667,86.42371354166667,2.2657297916666668,321.63,49812.03,3327.51,0,0,0,0,1,321.63,2440,3816512.36,154.87370581102508,10.34576998414327,230.45385270833333,320.17,322.59285714285716,316.83306317957624
2014-10-19,24.0,261.44503291666666,99.66811,230.444366875,21.616032916666665,100.0,31.000666041666666,86.874864375,2.2882527083333333,323.0,50014.1,3321.01,0,0,0,0,1,323.0,2441,3816835.36,154.84241486068112,10.281764705882354,230.444366875,321.63,322.21571428571434,316.5583965129096
2014-10-20,24.0,261.45486854166666,99.66658270833334,230.40289770833334,21.675407708333335,100.0,31.051970833333332,88.16390625,2.3309870833333335,319.88,49667.38,3315.85,0,0,0,0,1,319.88,2442,3817155.2399999998,155.26878829561085,10.365918469426035,230.4028977083333,323.0,321.7342857142857,315.8850631795763
2014-10-21,24.0,261.47391208333335,99.65993104166667,230.45467791666667,21.510828958333335,100.0,31.019234166666667,87.27926979166666,2.3002266666666666,326.36,50120.57,3307.73,0,0,0,0,1,326.36,2443,3817481.5999999996,153.5744882951342,10.135218776810884,230.45467791666667,319.88,322.22285714285715,315.6540631795762
2014-10-22,24.0,261.49282375,99.6587625,230.44022041666668,21.544723958333332,100.0,31.052603333333334,87.98453979166666,2.33050125,324.91,50143.95,3368.49,0,0,0,0,1,324.91,2444,3817806.51,154.3318149641439,10.367455603090084,230.44022041666668,326.36,322.4557142857143,315.3790631795763
2014-10-23,24.0,261.5358522916667,99.653865,230.51082041666666,21.567018541666666,100.0,31.025031875,87.20302729166667,2.3233535416666666,324.89,50321.44,3313.79,0,0,0,0,1,324.89,2445,3818131.4,154.8876235033396,10.199729139093233,230.5108204166667,324.91,322.9771428571429,314.9123965129096
2014-10-24,24.0,261.566591875,99.6496175,230.49061208333333,21.608632291666666,100.0,31.075979791666665,87.43379458333334,2.3465189583333332,325.66,50374.46,3342.4,0,0,0,0,1,325.66,2446,3818457.06,154.68421052631578,10.263464963458821,230.4906120833333,324.89,323.76142857142855,314.509729846243
2014-10-25,24.0,261.571558125,99.6498,230.56830729166666,21.522723125,100.0,31.003250833333333,86.49667229166667,2.2993679166666667,328.9,50980.83,3359.03,0,0,0,0,1,328.9,2447,3818785.96,155.00404378230468,10.212921860747949,230.56830729166668,325.66,324.8,314.1800631795762
2014-10-26,25.0,261.6027546,99.6454666,230.602211,21.4580536,100.0,31.0005436,85.6461272,2.290826,344.97,53208.23,3380.43,0,0,0,0,1,331.1712,2448,3819130.93,154.24016581151983,9.799199930428731,230.602211,328.9,325.9673142857143,313.925769846243
2014-10-27,24.0,261.92685375,99.634965625,230.65241583333332,21.592407708333333,100.0,31.274437916666667,87.14024458333333,2.305019375,329.71,50969.26,3348.38,0,0,0,0,1,329.71,2449,3819460.64,154.58815322556188,10.155530617815657,230.65241583333335,331.1712,327.3716,313.72210317957627
2014-10-28,24.0,262.40900229166664,99.62918145833333,230.77006083333333,21.53106125,100.0,31.638941458333335,87.23011895833334,2.243179375,329.27,50777.97,3302.37,0,0,0,0,1,329.27,2450,3819789.91,154.21377592856928,10.02936799586965,230.7700608333333,329.71,327.7873142857143,313.54076984624294
2014-10-29,24.0,262.0713583333333,99.63181479166667,231.277385625,21.235033125,100.0,30.79397270833333,88.58083416666666,2.304390833333333,318.0,48823.37,3249.99,0,0,0,0,1,318.0,2451,3820107.91,153.5326100628931,10.22009433962264,231.27738562499997,329.27,326.80017142857145,320.69493290362857
2014-10-30,24.0,261.290586875,99.63129479166666,230.327888125,21.535817291666667,100.0,30.96269875,87.36837166666666,2.2764914583333336,327.23,50153.78,3303.55,0,0,0,0,1,327.23,2452,3820435.14,153.26767105705466,10.095498578981145,230.32788812499996,318.0,327.1344571428572,324.6843733333333
2014-10-31,24.0,261.22207170212766,99.6292,230.30521638297873,21.48702170212766,97.91666666666667,30.916855319148937,87.28312595744681,2.2372517021276597,321.89,49962.94,3196.52,0,0,0,0,1,321.89,2453,3820757.0300000003,155.217434527323,9.930473142999162,230.30521638297873,327.23,326.59588571428566,324.64170666666666
2014-11-01,24.0,261.20466666666664,99.6292,230.284710625,21.469620833333334,100.0,30.919956041666666,86.91397520833333,2.2231889583333335,326.63,50612.25,3244.49,0,0,0,0,1,326.63,2454,3821083.66,154.95285185071793,9.933227198971313,230.28471062499997,321.89,326.2716,324.1507066666666
2014-11-02,24.0,261.202799787234,99.6292,230.28996638297872,21.428527021276597,97.91666666666667,30.91283340425532,86.62662,2.207252765957447,324.42,50256.18,3234.51,0,0,0,0,1,324.42,2455,3821408.08,154.91085629739226,9.970131311263177,230.28996638297872,326.63,325.3071428571429,324.58804
2014-11-03,24.0,261.2352468085106,99.62135382978724,230.32949872340424,21.47903833333333,100.0,30.90574808510638,87.45525531914893,2.19286787677305,340.8,52747.21,3400.27,0,0,0,0,1,340.8,2456,3821748.88,154.77467723004693,9.97731807511737,230.32949872340424,324.42,326.89142857142855,325.08603999999997
2014-11-04,24.0,261.27200125,99.61776,230.28117875,21.521384583333333,100.0,30.9908225,88.27019916666667,2.2720754166666666,335.94,52115.36,3420.74,0,0,0,0,1,335.94,2457,3822084.82,155.1329404060249,10.182592129546942,230.28117875,340.8,327.8442857142857,325.54004
2014-11-05,24.0,261.29215708333334,99.61776,230.30816104166666,21.522895625,100.0,30.983996041666668,88.40191020833333,2.2796527083333333,331.12,51497.81,3420.5,0,0,0,0,1,331.12,2458,3822415.94,155.5261234597729,10.33009180961585,230.30816104166666,335.94,329.7185714285714,325.88837333333333
2014-11-06,24.0,261.3210927083333,99.612581875,230.43903166666666,21.377853541666667,100.0,30.882061041666667,86.72609270833334,2.180811875,331.3,51498.85,3418.52,0,0,0,0,1,331.3,2459,3822747.2399999998,155.44476305463326,10.318502867491699,230.43903166666664,331.12,330.3,326.14504
2014-11-07,24.0,261.12686145833334,99.61192041666666,230.42838916666668,21.21229,100.0,30.69847229166667,84.9612625,2.1724858333333334,339.2,52350.96,3410.55,0,0,0,0,1,339.2,2460,3823086.44,154.3365566037736,10.0546875,230.42838916666668,331.3,332.7728571428571,326.7697066666667
2014-11-08,24.0,259.119321875,99.64107270833334,230.0200625,21.42216125,100.0,29.099259375,86.966325625,2.349610833333333,338.53,52879.08,3619.14,0,0,0,0,1,338.53,2461,3823424.9699999997,156.20205003987832,10.69075118896405,230.02006250000002,339.2,334.47285714285715,327.16070666666667
2014-11-09,24.0,258.69358604166666,99.64092333333333,230.02769916666668,21.450142083333333,100.0,28.665886875,87.22569625,2.3498385416666667,335.86,52868.38,3664.15,0,0,0,0,1,335.86,2462,3823760.8299999996,157.411957363187,10.909754064193415,230.02769916666665,338.53,336.10714285714283,327.32570666666663
2014-11-10,24.0,258.91392340425534,99.63634893617021,230.06083276595746,21.54427425531915,100.0,28.85309063829787,88.10469270833333,2.386711914893617,349.09,56794.2,3879.21,0,0,0,0,1,349.09,2463,3824109.9199999995,162.69214242745423,11.112349250909508,230.06083276595746,335.86,337.2914285714286,328.0637066666667
2014-11-11,24.0,258.751623125,99.63836,230.10581833333333,21.488418541666668,100.0,28.645804791666666,86.73265770833333,2.380491875,363.01,57466.09,3968.82,0,0,0,0,1,363.01,2464,3824472.9299999992,158.30442687529268,10.933087242775683,230.1058183333333,349.09,341.15857142857146,329.3093733333334
2014-11-12,24.0,258.81819291666665,99.63738020833334,230.17850145833333,21.285702083333334,100.0,28.639691458333335,84.82598416666667,2.366433333333333,364.46,57045.82,3811.93,0,0,0,0,1,364.46,2465,3824837.389999999,156.52148383910443,10.459117598639082,230.1785014583333,363.01,345.92142857142863,330.68304
2014-11-13,24.0,258.98688541666667,99.62931875,230.29279791666667,21.407875625,100.0,28.6940875,85.8497975,2.41114625,359.37,56408.19,3742.45,0,0,0,0,1,359.37,2466,3825196.7599999993,156.96410384840138,10.413918802348554,230.29279791666667,364.46,349.93142857142857,331.89737333333335
2014-11-14,24.0,258.938121875,99.62882416666666,230.27896958333332,21.319289166666668,100.0,28.65915229166667,84.94191125,2.38653,358.97,56225.16,3742.95,0,0,0,0,1,358.97,2467,3825555.7299999995,156.62913335376214,10.426915898264477,230.27896958333332,359.37,352.7557142857143,333.08704
2014-11-15,24.0,258.96281833333336,99.62573916666666,230.30533354166667,21.262643125,100.0,28.65748479166667,85.52874666666666,2.382036041666667,362.59,56635.46,3729.43,0,0,0,0,1,362.59,2468,3825918.3199999994,156.19697178631512,10.285529110014066,230.3053335416667,358.97,356.1928571428571,334.46537333333333
2014-11-16,24.0,258.949235,99.62189416666666,230.26792770833333,21.269766875,100.0,28.681307291666666,86.87421583333334,2.402486875,357.73,55908.38,3787.26,0,0,0,0,1,357.73,2469,3826276.0499999993,156.2865289464121,10.586923098426187,230.26792770833333,362.59,359.3171428571428,335.7173733333333
2014-11-17,24.0,258.7773202083333,99.61325541666666,230.10796833333333,21.325111875,100.0,28.669351875,87.05840291666667,2.3955477083333334,353.08,54254.62,3862.75,0,0,0,0,1,353.08,2470,3826629.1299999994,153.66098334655038,10.940155205619124,230.10796833333333,357.73,359.88714285714286,336.7657066666667
2014-11-18,24.0,258.5111972916667,99.59905041666667,229.93140145833334,21.282170208333334,100.0,28.579795833333332,86.93419458333334,2.3541445833333334,363.03,55449.11,3820.54,0,0,0,0,1,363.03,2471,3826992.159999999,152.7397460264992,10.524033826405532,229.93140145833337,353.08,359.89,338.10004000000004
2014-11-19,24.0,260.2678702083333,99.554284375,230.17751708333333,21.2179025,100.0,30.090353125,86.70324625,2.1717814583333332,353.98,54159.96,3732.56,0,0,0,0,1,353.98,2472,3827346.139999999,153.00288151872985,10.544550539578507,230.1775170833333,363.03,358.39285714285717,339.23670666666663
2014-11-20,24.0,260.30487895833335,99.54044083333334,230.02564770833334,21.2110025,100.0,30.27923125,87.03186104166667,2.124574791666667,358.38,54958.8,3691.12,0,0,0,0,1,358.38,2473,3827704.519999999,153.3534237401641,10.299458675149284,230.02564770833334,353.98,358.25142857142856,340.30404000000004
2014-11-21,24.0,259.3163020833333,99.53730416666667,229.7922825,21.200547708333332,100.0,29.524019583333335,87.12647958333334,2.1473691666666666,356.36,54880.14,3670.12,0,0,0,0,1,356.36,2474,3828060.879999999,154.0019643057582,10.298911213379728,229.79228249999997,358.38,357.87857142857143,341.3523733333333
2014-11-22,24.0,259.36487208333335,99.52933354166667,229.90128916666666,20.946374166666665,100.0,29.463582916666667,84.64141104166667,2.0775829166666666,355.82,54631.54,3668.0,0,0,0,0,1,355.82,2475,3828416.699999999,153.53701309650947,10.308582991400147,229.9012891666667,356.36,356.9114285714286,342.3833733333333
2014-11-23,24.0,259.212806875,99.40801583333334,229.64986291666668,21.250877916666667,100.0,29.562943958333335,88.17848395833333,2.149099166666667,343.6,53719.16,3662.96,0,0,0,0,1,343.6,2476,3828760.299999999,156.34214202561117,10.660535506402793,229.64986291666668,355.82,354.89285714285717,342.9813733333333
2014-11-24,24.0,260.32132375,99.50912270833334,230.06718416666666,21.231843333333334,100.0,30.254139583333334,88.15855041666667,2.138895833333333,357.14,54391.28,3859.6,0,0,0,0,1,357.14,2477,3829117.439999999,152.296802374419,10.806966455731645,230.06718416666664,343.6,355.47285714285715,343.92270666666667
2014-11-25,24.0,260.959165,99.42328291666666,230.20817395833333,21.292594791666666,100.0,30.750991041666666,88.00979479166666,2.09809875,340.37,50269.61,3331.48,0,0,0,0,1,340.37,2478,3829457.809999999,147.69107148103535,9.787819137996886,230.2081739583333,357.14,352.2357142857142,344.22933333333333
2014-11-26,24.0,261.055838125,98.96466708333334,229.56167125,21.05255125,100.0,31.494166875,86.91506520833333,1.9541747916666667,305.37,56252.36,3253.47,0,0,0,0,1,305.37,2479,3829763.1799999992,184.21049873923437,10.654189999017584,229.56167125,340.37,345.2914285714286,343.418
2014-11-27,24.0,261.8989089583333,99.47814,230.42677145833332,20.825746666666667,100.0,31.4721375,84.06298791666667,1.921493125,321.38,54039.74,3256.73,0,0,0,0,1,321.38,2480,3830084.559999999,168.14904474453917,10.133580185450246,230.42677145833332,305.37,340.0057142857143,343.155
2014-11-28,22.05833,266.17606452459,99.43772633055177,231.13186091936697,20.55516967631729,70.6455075,35.04420360522306,82.46880132463791,5.545286420168707,400.77,62459.42,2280.2,0,0,0,0,1,436.0475158364209,2481,3830485.329999999,155.84854155750182,5.689547620829902,231.13186091936694,321.38,351.3896451194887,347.08991719454735
2014-11-29,14.94167,273.240954667497,99.37789038408023,234.6949076459124,17.513009054362733,45.25967166666667,38.5460470215846,69.73262615079841,9.02919795854814,336.44,56293.49,762.02,0,0,0,0,1,540.4054566858993,2482,3830821.769999999,167.32103792652478,2.264950659850196,234.69490764591242,436.0475158364209,377.75899607461713,354.195765750744
2014-11-30,23.5,266.42674521410214,99.42259309867234,231.43509893210637,20.72263283955745,70.68658875,34.99164628199574,83.63194092595319,5.38718536693617,321.67,64024.13,3038.4,0,0,0,0,1,328.51404255319153,2483,3831143.439999999,199.03668355768332,9.445705225852581,231.4350989321064,540.4054566858993,375.60385929650164,354.4165671691837
2014-12-01,24.0,263.7234060416667,99.45822166666666,230.55522625,13.007445833333334,82.46091520833333,33.16817979166667,85.67552875,3.4593514583333334,198.35,42635.45,2938.33,0,0,0,0,1,198.35,2484,3831341.789999999,214.95059238719435,14.813864381144441,230.55522625000003,328.51404255319153,352.91957358221595,350.1405671691837
2014-12-02,24.0,262.0482275,99.48818604166667,230.36002916666666,11.225163333333333,100.0,31.688198333333332,87.60862333333333,1.9389983333333334,253.04,49673.2,3187.59,0,0,0,0,1,253.04,2485,3831594.829999999,196.3057224154284,12.597178311729373,230.36002916666666,198.35,340.4438592965016,347.76123383585036
2014-12-03,24.0,261.98364145833335,99.478305625,230.26851,11.317899166666667,100.0,31.71513145833333,87.73093416666667,1.957003125,262.77,51377.57,3188.74,0,0,0,0,1,262.77,2486,3831857.599999999,195.52296685314155,12.13509913612665,230.26851000000002,253.04,334.3581450107873,345.1602338358504
2014-12-04,23.33333,267.56399854048266,99.4424254538765,231.14495693132528,10.898757072492439,72.49158020833333,36.419041609157375,84.95367028935861,6.325902482376069,282.43,47107.63,2937.05,0,0,0,0,1,290.49947007135285,2487,3832140.0299999993,166.7940020536062,10.399213964522183,231.14495693132528,262.77,329.9466407352664,343.6455495048955
2014-12-05,24.0,265.18955229166664,99.45783791666666,230.355939375,11.185282916666667,73.69037270833333,34.83361291666667,87.04797145833334,5.047819583333333,483.94,76809.87,3202.93,0,0,0,0,1,483.94,2488,3832623.9699999993,158.7177542670579,6.618444435260569,230.355939375,290.49947007135285,336.7884241872062,348.7395495048955
2014-12-06,24.0,261.7003016666667,99.50954729166666,229.94609208333333,11.3187575,100.0,31.754209583333335,86.61327270833333,1.9103097916666667,339.06,55289.58,3270.06,0,0,0,0,1,339.06,2489,3832963.0299999993,163.06724473544506,9.644487701291807,229.94609208333335,483.94,308.02478751779205,348.99821617156215
2014-12-07,24.0,261.79020291666666,99.53109145833334,230.0229725,11.334149375,100.0,31.767230416666667,87.05418541666667,1.903001875,310.03,50566.99,3196.87,0,0,0,0,1,310.03,2490,3833273.059999999,163.1035383672548,10.311485985227236,230.02297249999998,339.06,305.38421001019327,348.02588283822877
2014-12-08,24.0,261.7811483333333,99.55416875,229.991988125,11.368195416666667,100.0,31.789160208333332,87.53410229166667,1.9232870833333333,295.37,48160.85,3200.63,0,0,0,0,1,295.37,2491,3833568.4299999992,163.05261197819684,10.836002302197244,229.99198812499998,310.03,319.2442100101933,346.5872161715622
2014-12-09,24.0,261.7364145833333,99.56753208333333,229.981455,11.38563,100.0,31.754959583333335,86.46940125,1.8961716666666666,302.9,49353.4,3219.62,0,0,0,0,1,302.9,2492,3833871.329999999,162.93628260151868,10.629316606140641,229.98145499999998,295.37,326.3670671530504,345.4885495048955
2014-12-10,24.0,261.69342020833335,99.57442208333333,229.9260875,11.336488333333334,100.0,31.767332708333335,85.64641229166666,1.8949141666666667,313.84,51178.48,3237.35,0,0,0,0,1,313.84,2493,3834185.169999999,163.07188376242675,10.315288044863625,229.92608750000002,302.9,333.6627814387647,344.3135495048955
2014-12-11,24.0,261.67892166666667,99.58109375,229.89270729166665,11.328515833333332,100.0,31.786214375,86.08681333333334,1.8985447916666667,281.74,45920.57,3198.84,0,0,0,0,1,281.74,2494,3834466.909999999,162.98917441612835,11.353872364591467,229.89270729166668,313.84,332.4114285714286,341.6045495048955
2014-12-12,24.0,261.5099817021277,99.58234106382979,229.715538160461,11.413826170212767,97.91666666666667,31.794443541666666,86.97017170212766,1.911161839539007,331.51,54061.34,2910.74,0,0,0,0,1,331.51,2495,3834798.419999999,163.0760459714639,8.780247956321077,229.715538160461,281.74,310.63571428571424,340.5062161715622
2014-12-13,24.0,261.51252212765957,99.59042659574467,229.71809489361704,11.444202340425532,97.91666666666667,31.794427234042555,87.42324063829787,1.9158097872340425,277.88,45252.89,2816.12,0,0,0,0,1,277.88,2496,3835076.299999999,162.85047502519072,10.134302576651791,229.718094893617,331.51,301.8957142857143,337.7898828382288
2014-12-14,24.0,261.469610212766,99.59890106382979,229.7362385106383,11.417368085106382,97.91666666666667,31.73337170212766,85.27065468085107,1.8679597872340425,328.13,53522.46,3276.46,0,0,0,0,1,328.13,2497,3835404.429999999,163.11358303111572,9.98524974857526,229.73623851063832,277.88,304.4814285714286,336.76188283822887
2014-12-15,24.0,261.46826234042555,99.60554212765958,229.66234191489363,11.464614680851064,97.91666666666667,31.805920425531916,86.8627870212766,1.931801914893617,306.76,49979.69,3368.41,0,0,0,0,1,306.76,2498,3835711.1899999985,162.9276633198592,10.980603729299778,229.66234191489363,328.13,306.10857142857145,334.90088283822877
2014-12-16,24.0,261.4884689583333,99.6086,229.679641875,11.5168625,100.0,31.808827083333334,87.38454458333334,1.93947125,324.63,52884.99,3340.56,0,0,0,0,1,324.63,2499,3836035.8199999984,162.90851122816744,10.290361334442288,229.679641875,306.76,309.2128571428571,333.7975495048955
2014-12-17,24.0,261.52487791666664,99.6086,229.72743208333333,11.58714,100.0,31.797445833333335,86.97035229166667,1.9228091666666667,333.97,54459.62,3318.03,0,0,0,0,1,333.97,2500,3836369.7899999986,163.06740126358653,9.935113932389136,229.7274320833333,324.63,312.0885714285714,333.16054950489547
2014-12-18,22.33334,264.6480397817389,99.57541909506146,230.5806551714298,11.39353106380416,75.489321875,34.06738461030907,85.03115643217718,4.148072051856104,278.73,45423.71,2952.45,0,0,0,0,1,299.53065685652035,2501,3836648.5199999986,162.9667061313816,10.592508879560864,230.5806551714298,333.97,314.63009383664576,331.04390473344614
2014-12-19,23.66667,264.4408666531455,99.58754322603053,230.30107383195016,11.491569331971926,80.43118791666667,34.13979282119538,84.5831821789842,3.9674741391078676,278.82,45469.63,3071.21,0,0,0,0,1,282.74700242999967,2502,3836927.3399999985,163.07879635607202,11.01502761638333,230.30107383195013,299.53065685652035,307.66395132664576,328.66947148111285
2014-12-20,24.0,261.6223710638298,99.60856680851064,229.72939252216312,11.671142765957446,97.91666666666667,31.89297854166667,87.16731659574468,2.25415625,329.27,53685.46,3334.15,0,0,0,0,1,329.27,2503,3837256.6099999985,163.04388495763357,10.125884532450574,229.72939252216312,282.74700242999967,315.0053798980743,327.6991381477794
2014-12-21,24.0,261.66909145833336,99.6148575,229.76640458333333,11.751631666666666,100.0,31.902686875,86.28968083333334,2.2835241666666666,319.65,52118.18,3315.76,0,0,0,0,1,319.65,2504,3837576.2599999984,163.0476458626623,10.37309557328328,229.76640458333335,329.27,313.7939513266457,326.47547148111283
2014-12-22,24.0,261.7279614893617,99.61776,229.84392063829787,11.786594042553192,97.91666666666667,31.88404085106383,86.26652425531915,2.2522876595744683,305.35,49814.82,3300.42,0,0,0,0,1,305.35,2505,3837881.6099999985,163.14006877353856,10.808645816276403,229.84392063829785,319.65,313.59252275521715,324.7931381477795
2014-12-23,24.0,261.72787708333334,99.61776,229.82320041666668,11.823808958333334,100.0,31.904676666666667,86.7630825,2.2722975,312.7,51012.62,3314.53,0,0,0,0,1,312.7,2506,3838194.3099999987,163.1359769747362,10.599712184202112,229.82320041666668,305.35,311.8882370409314,323.7631381477795
2014-12-24,24.0,261.7592154166667,99.61959375,229.78859833333334,11.88778,100.0,31.970617083333334,87.606105,2.339258958333333,312.55,50966.51,3326.06,0,0,0,0,1,312.55,2507,3838506.8599999985,163.06674132138858,10.641689329707246,229.78859833333334,312.7,308.82823704093147,322.2768048144461
2014-12-25,24.0,261.7915302083333,99.626509375,229.79634208333334,11.883043541666666,100.0,31.995188125,88.03444666666667,2.384902708333333,318.56,51915.18,3342.88,0,0,0,0,1,318.56,2508,3838825.4199999985,162.96829482672024,10.493721747865395,229.79634208333331,312.55,311.54671463285706,321.5498048144462
2014-12-26,24.0,261.8435997916667,99.6292,229.84879395833335,11.967056875,100.0,31.994805833333334,87.79987041666666,2.368210208333333,326.73,53256.86,3331.61,0,0,0,0,1,326.73,2509,3839152.1499999985,162.99960211795673,10.19682918617819,229.84879395833335,318.56,317.83,322.2618048144461
2014-12-27,24.0,261.91414833333334,99.6292,230.00144625,11.905625416666666,100.0,31.912702083333333,86.91334104166667,2.3098027083333332,314.02,51228.21,3380.34,0,0,0,0,1,314.02,2510,3839466.1699999985,163.13677472772434,10.764728361250876,230.00144625000001,326.73,315.65142857142854,322.01647148111283
2014-12-28,24.0,262.02007375,99.630765,230.02016416666666,11.969168541666667,100.0,31.999909583333334,87.984800625,2.3762420833333335,319.75,52094.61,3423.04,0,0,0,0,1,319.75,2511,3839785.9199999985,162.92293979671618,10.70536356528538,230.02016416666666,314.02,315.6657142857143,318.13988761989884
2014-12-29,23.5,265.0454783085106,99.5818834468085,230.95608181914895,11.984133372340425,83.284015625,34.089396489361704,87.92354052127659,4.257475882978723,292.71,47696.33,3322.86,0,0,0,0,1,298.93787234042554,2512,3840078.6299999985,162.94738819992486,11.352054934918522,230.9560818191489,319.75,314.74969604863225,310.0909681417163
2014-12-30,24.0,262.76601458333334,99.56862395833333,230.65647354166666,12.027649583333334,100.0,32.10954104166667,87.38680479166666,2.471333958333333,376.06,61315.68,3548.79,0,0,0,0,1,376.06,2513,3840454.6899999985,163.04759878742755,9.436765409775036,230.65647354166668,298.93787234042554,323.8011246200608,311.6758333899433
2014-12-31,24.0,262.467956875,99.556418125,230.44639729166667,11.930159791666666,100.0,32.021559583333335,86.64341291666666,2.39355625,353.86,57717.92,3482.51,0,0,0,0,1,353.86,2514,3840808.5499999984,163.1094783247612,9.841490985135364,230.4463972916667,376.06,329.70255319148936,316.85950005660993
2015-01-01,24.0,262.29179270833333,99.56316041666666,230.50517583333334,11.929215833333334,100.0,31.786616875,86.28049875,2.3763329166666667,488.21,87150.63,3288.66,0,0,0,0,1,488.21,2515,3841296.7599999984,178.51053849777762,6.736158620265869,230.50517583333334,353.86,353.9382674772036,324.69850005661
2015-01-02,24.0,261.9329804166667,99.57329208333333,230.62493375,11.96372,100.0,31.308046666666666,86.83684104166667,2.4425747916666665,324.9,48848.54,3365.41,0,0,0,0,1,324.9,2516,3841621.6599999983,150.34946137273008,10.35829485995691,230.62493375000003,488.21,353.67683890577507,326.76950005660996
2015-01-03,24.0,262.42792625,99.567775625,230.85516416666667,12.009501875,100.0,31.572762083333334,87.56201916666667,2.448735,343.85,55748.2,3367.16,0,0,0,0,1,343.85,2517,3841965.5099999984,162.1294168969027,9.792525810673258,230.85516416666664,324.9,357.9382674772036,328.54785105423156
2015-01-04,24.0,262.334459375,99.56809125,230.964316875,12.081017291666667,100.0,31.3701425,87.54608625,2.4699060416666665,337.58,49464.9,3367.25,0,0,0,0,1,337.58,2518,3842303.0899999985,146.52793411931987,9.974672670181883,230.964316875,343.85,360.48541033434645,323.6691843875649
2015-01-05,24.0,262.6286214583333,99.561925,231.1189225,12.124618125,100.0,31.509698958333335,87.78945479166667,2.4553941666666668,331.43,48419.26,3339.13,0,0,0,0,1,331.43,2519,3842634.5199999986,146.09196512084,10.074917780526809,231.1189225,337.58,365.1271428571428,323.4148510542316
2015-01-06,24.0,262.443014375,99.56751333333334,231.24487229166667,12.06798625,100.0,31.198142083333334,87.32487229166667,2.4004539583333333,324.45,47160.33,3346.23,0,0,0,0,1,324.45,2520,3842958.969999999,145.35469255663432,10.313546000924642,231.2448722916667,331.43,357.7542857142857,323.89551772089817
2015-01-07,24.0,262.63018875,99.56927604166667,231.37342708333333,12.075072708333334,100.0,31.256761666666666,86.72922645833333,2.3648433333333334,333.91,48860.14,3315.57,0,0,0,0,1,333.91,2521,3843292.879999999,146.3272738162978,9.929531909796053,231.37342708333333,324.45,354.9042857142858,325.1801843875648
2015-01-08,24.0,262.83769854166667,99.56661729166666,231.45988583333335,12.096647083333334,100.0,31.377812708333334,86.39889708333334,2.3519114583333334,322.41,46760.49,3262.31,0,0,0,0,1,322.41,2522,3843615.289999999,145.03424211407832,10.11851369374399,231.45988583333335,333.91,331.2185714285714,325.83051772089823
2015-01-09,18.0,267.4624935138889,99.510641125,233.0349928888889,11.468570611111112,56.219673541666666,34.427500625,82.55945009722222,5.148880930555555,189.48,27487.8,2284.57,0,0,0,0,1,252.64,2523,3843804.769999999,145.06966434452184,12.05705087608191,233.0349928888889,322.41,320.8957142857143,323.7905177208982
2015-01-10,20.75,268.0636775662651,99.49436965060241,232.16751691566265,11.538732795180723,65.139583125,35.89616065060241,81.98529407228915,5.152076614457831,231.0,33496.79,2582.68,0,0,0,0,1,267.18072289156623,2524,3844035.769999999,145.00774891774893,11.1804329004329,232.16751691566267,252.64,309.94296041308087,323.30520848395037
2015-01-11,24.0,264.86446770833334,99.53520833333333,231.899133125,12.31256375,84.24665645833333,32.96533458333333,86.58591625,3.1398110416666665,282.48,40767.51,3227.89,0,0,0,0,1,282.48,2525,3844318.249999999,144.31998725573493,11.426968280940242,231.899133125,267.18072289156623,302.07153184165236,321.670875150617
2015-01-12,24.0,264.00589770833335,99.54902229166666,232.06433520833335,12.320300625,100.0,31.9415625,85.25911458333333,2.072537083333333,312.71,45323.39,3324.36,0,0,0,0,1,312.71,2526,3844630.959999999,144.93745003357745,10.630808096958845,232.06433520833335,282.48,299.3972461273666,322.83187515061707
2015-01-13,24.0,263.73639333333335,99.548889375,232.03481125,12.323825208333334,100.0,31.701582083333335,85.68754791666667,2.084918958333333,315.5,45929.35,3337.39,0,0,0,0,1,315.5,2527,3844946.459999999,145.57638668779714,10.578098256735341,232.03481125000002,312.71,298.1186746987952,322.4108751506171
2015-01-14,24.0,263.9199341666667,99.53514604166666,232.05890833333333,12.320315833333334,100.0,31.861025833333333,85.87759875,2.1492864583333335,282.1,41372.75,3227.44,0,0,0,0,1,282.1,2528,3845228.559999999,146.65987238567882,11.440765685926976,232.05890833333333,315.5,290.7172461273666,321.58887515061707
2015-01-15,24.0,263.91248375,99.52205770833334,232.15309083333332,12.25936125,100.0,31.759392916666666,85.53272958333334,2.111124375,301.02,43716.64,3267.21,0,0,0,0,1,301.02,2529,3845529.579999999,145.228356919806,10.85379708989436,232.15309083333332,282.1,287.66153184165233,320.80187515061704
2015-01-16,24.0,263.86656958333333,99.51934,232.081086875,12.299670625,100.0,31.785482708333333,85.48498791666667,2.1328316666666667,305.23,43379.95,3139.86,0,0,0,0,1,305.23,2530,3845834.809999999,142.12217016675947,10.286865642302526,232.08108687499998,301.02,295.17438898450945,319.8438751506171
2015-01-17,24.0,263.8609,99.51934,232.07107,12.28353,100.0,31.78983,85.42272,2.15361,282.31,41462.71,2991.1,0,0,0,0,1,282.31,2531,3846117.119999999,146.86943430980128,10.595090503347384,232.07107000000002,305.23,297.3357142857143,319.2698532553997
2015-01-18,24.0,263.8609,99.51934,232.07107,12.28353,100.0,31.78983,85.42272,2.15361,297.94,43574.9,2991.96,0,0,0,0,1,297.94,2532,3846415.059999999,146.25394374706318,10.042156138819896,232.07107000000002,282.31,299.5442857142857,319.77628650773306
2015-01-19,24.0,263.8609,99.51934,232.07107,12.28353,100.0,31.78983,85.42272,2.15361,301.42,43941.9,3020.07,0,0,0,0,1,301.42,2533,3846716.479999999,145.78296065290957,10.019474487426184,232.07107000000002,297.94,297.93142857142857,318.8479531743998
2015-01-20,22.0,268.3664886732591,99.46396894150455,233.38862256167272,12.02397807729091,69.243973125,34.977866111586366,84.51233378643636,5.394217225759091,215.18,31472.86,2601.26,0,0,0,0,1,234.7418181818182,2534,3846931.659999999,146.26294265266287,12.088762896179944,233.38862256167272,301.42,286.39454545454544,316.01768044712696
2015-01-21,24.0,263.14410127659573,99.5052985106383,232.02906021276596,12.51870170212766,91.83016166666667,31.115041063829786,86.54617723404256,2.357146808510638,298.54,43829.29,3328.0,0,0,0,0,1,298.54,2535,3847230.1999999993,146.81211897903128,11.147584913244456,232.02906021276596,234.7418181818182,288.7431168831169,315.790680447127
2015-01-22,24.0,262.8784391666667,99.49874,232.087205625,12.545895416666667,100.0,30.791233541666667,86.80745458333334,2.047729791666667,314.32,46464.34,3335.21,0,0,0,0,1,314.32,2536,3847544.519999999,147.8249554594044,10.610874268261645,232.08720562500002,298.54,290.6431168831169,315.844680447127
2015-01-23,24.0,262.869698125,99.50052833333334,232.085398125,12.503107083333333,100.0,30.7843,86.24877416666666,2.0047145833333335,309.83,45952.37,3246.39,0,0,0,0,1,309.83,2537,3847854.349999999,148.31478552754737,10.477971790982151,232.085398125,314.32,291.3002597402598,315.7540137804604
2015-01-24,24.0,262.7914517021277,99.49826744680851,231.98290212765957,12.574914255319149,100.0,30.808549574468085,87.61308,2.025560425531915,308.19,45481.24,3210.5,0,0,0,0,1,308.19,2538,3848162.539999999,147.57532690872515,10.417275057594342,231.9829021276596,309.83,294.9974025974026,315.40834711379364
2015-01-25,24.0,262.70560191489363,99.49323829787234,231.92632574468084,12.562057021276596,100.0,30.779276170212764,87.06301319148936,1.9745108510638298,303.93,45263.08,3208.45,0,0,0,0,1,303.93,2539,3848466.4699999993,148.92600269798967,10.556542624946532,231.92632574468087,308.19,295.8531168831169,314.64834711379365
2015-01-26,22.0,263.71824444444445,99.47966628162817,232.50362330033002,12.557183553355335,100.0,31.21462114411441,87.73483810781079,1.9832692739273927,277.44,41260.51,2913.04,0,0,0,0,1,302.6618181818182,2540,3848743.909999999,148.7186779123414,10.49971164936563,232.50362330033005,303.93,296.0305194805195,314.26974105318754
2015-01-27,16.44167,266.667853810574,99.44397651107825,233.26343573680168,11.78662204630065,53.837049375,33.40441807377231,83.28187514864975,4.419805058470338,118.82,17461.65,1575.16,0,0,0,0,1,173.44223549067706,2541,3848862.729999999,146.95884531223703,13.256690792795826,233.26343573680168,302.6618181818182,287.2734362389279,309.39281556954353
2015-01-28,24.0,263.12446020833335,99.46628,231.80056520833332,12.631504791666666,100.0,31.323895,86.60274395833333,2.0638127083333333,309.9,45589.73,3117.16,0,0,0,0,1,309.9,2542,3849172.629999999,147.11110035495324,10.058599548241368,231.80056520833335,173.44223549067706,288.89629338178503,309.7582198248627
2015-01-29,24.0,263.261774375,99.46760333333333,231.94449104166668,12.686004166666667,100.0,31.317283333333332,87.41749875,2.012974375,308.96,45810.14,3099.82,0,0,0,0,1,308.96,2543,3849481.589999999,148.27207405489384,10.033078715691353,231.94449104166668,309.9,288.1305790960708,307.52155315819596
2015-01-30,24.0,263.2070772916667,99.47646958333333,231.929324375,12.716575208333333,100.0,31.277752916666667,87.46205229166667,2.010725208333333,277.58,40898.98,3120.11,0,0,0,0,1,277.58,2544,3849759.169999999,147.34123495929103,11.240399164204915,231.92932437500002,308.96,283.5234362389279,304.9788864915293
2015-01-31,18.94166,265.06054841645346,99.45142239654285,233.00327170835607,12.41544683455938,77.32078208333333,32.05727670809739,85.53159919859716,3.1685230080679307,170.36,24782.23,2223.5,0,0,0,0,1,215.85436545688185,2545,3849929.529999999,145.46976989903732,13.05177271660014,233.00327170835607,277.58,270.33263130419675,295.90036534009204
2015-02-01,21.05833,264.84484163729985,99.44614678645458,232.54352979482704,12.109633687980006,72.403036875,32.30131184247279,84.95939193374308,3.284138784922641,183.95,27129.25,2391.1,0,0,0,0,1,209.64625400019847,2546,3850113.479999999,147.4816526229954,12.998640935036695,232.54352979482707,215.85436545688185,256.8635247327965,292.05857380676537
2015-02-02,24.0,262.52670666666666,99.44990729166666,231.43153854166667,12.655584791666667,100.0,31.095168125,87.36112708333333,1.9257295833333334,270.25,39885.28,3093.28,0,0,0,0,1,270.25,2547,3850383.729999999,147.58660499537464,11.44599444958372,231.43153854166667,209.64625400019847,252.23326499253676,289.605240473432
2015-02-03,15.94167,262.9637539069056,99.45201628197673,231.8631110110296,12.770243234071462,76.40841854166666,31.100642895876028,87.58335750852953,2.085811306023773,139.66,20705.87,2729.82,0,0,0,0,1,210.25651641264685,2548,3850523.389999999,148.2591293140484,19.546183588715454,231.86311101102956,270.25,257.49244798138955,285.36112435385354
2015-02-04,18.05833,265.6054033407242,99.42608507007016,233.02247507134382,11.631007133406024,56.67800583333333,32.58292826938039,82.39003240682831,3.606693763531844,106.75,17013.49,2064.14,0,0,0,0,1,141.8735841021844,2549,3850630.139999999,159.3769555035129,19.336206088992974,233.02247507134382,210.25651641264685,233.48867428170163,279.0425771572597
2015-02-05,24.0,261.7488,99.43221145833333,230.86802604166667,12.768734375,100.0,30.880773958333332,87.10716208333334,1.86064875,338.0,55893.04,3071.02,0,0,0,0,1,338.0,2550,3850968.139999999,165.36402366863905,9.08585798816568,230.8680260416667,141.8735841021844,237.6372457102731,279.4942438239264
2015-02-06,24.0,261.074970625,99.43591833333333,230.68301166666666,12.876703125,100.0,30.391958958333333,87.501284375,1.9205754166666666,206.71,31370.36,2964.45,0,0,0,0,1,206.71,2551,3851174.849999999,151.76024381984422,14.341105897150596,230.68301166666666,338.0,227.51295999598736,275.25424382392634
2015-02-07,24.0,261.62807125,99.46617166666667,231.20413875,12.917358333333333,100.0,30.4239325,87.34171604166667,1.9586466666666666,249.26,38556.5,3096.49,0,0,0,0,1,249.26,2552,3851424.109999999,154.6838642381449,12.422731284602422,231.20413875,206.71,232.2851935021471,272.815910490593
2015-02-08,24.0,262.09430125,99.47379645833334,231.48582708333333,12.957088958333333,100.0,30.608474166666667,87.37568583333334,2.000547083333333,255.65,41048.47,3156.67,0,0,0,0,1,255.65,2553,3851679.759999999,160.56510854684137,12.3476237042832,231.48582708333333,249.26,238.85715721640446,272.9162438239264
2015-02-09,24.0,261.79407145833335,99.472379375,231.23150458333333,13.001064375,100.0,30.562566875,87.657598125,2.0227229166666665,293.78,47989.12,3179.1,0,0,0,0,1,293.78,2554,3851973.5399999986,163.35053441350672,10.821362924637485,231.23150458333333,255.65,242.21858578783304,273.80288639420746
2015-02-10,24.0,262.19870833333334,99.49618041666666,231.550341875,13.181020833333333,100.0,30.648366458333335,87.7247025,2.1398791666666668,250.89,38569.43,3173.08,0,0,0,0,1,250.89,2555,3852224.429999999,153.73043963489977,12.647295627565866,231.55034187500002,293.78,248.0233691574549,272.7498863942075
2015-02-11,24.0,262.6230522916667,99.51957083333333,231.88873645833334,13.2024375,100.0,30.734315833333334,86.90252041666666,2.183820208333333,272.56,41698.13,3265.93,0,0,0,0,1,272.56,2556,3852496.989999999,152.98697534487818,11.982425887877898,231.88873645833334,250.89,266.6928571428572,271.41155306087416
2015-02-12,24.0,262.9943779166667,99.54222041666667,232.179720625,13.31958,100.0,30.814657291666666,87.55573166666667,2.24171875,268.0,40884.38,3227.01,0,0,0,0,1,268.0,2557,3852764.989999999,152.5536567164179,12.041082089552239,232.17972062500002,272.56,256.6928571428571,269.82821972754084
2015-02-13,24.0,261.0517566155602,98.70545265796508,230.46372611280344,13.192359786671974,98.46565854166667,30.588030502756762,86.2648367626163,2.2229355741071117,271.96,41431.5,3232.17,0,0,0,0,1,271.96,2558,3853036.949999999,152.34409471981175,11.884725694955142,230.4637261128034,268.0,266.0142857142857,269.4902197275408
2015-02-14,24.0,263.46445458333335,99.59468041666666,232.61638875,13.375784791666666,100.0,30.848065833333333,85.793300625,2.298516041666667,270.78,41177.89,3290.36,0,0,0,0,1,270.78,2559,3853307.7299999986,152.07138636531502,12.151414432380532,232.61638875000003,271.96,269.0885714285714,268.48221972754084
2015-02-15,24.0,261.68287702319384,98.81354134335733,231.03121576695224,13.216792359110338,97.91178666666667,30.651661256241606,84.15242741561106,2.3379316887730983,269.97,40943.32,3267.13,0,0,0,0,1,269.97,2560,3853577.699999999,151.65877690113714,12.101826128829128,231.03121576695224,270.78,271.13428571428574,267.3068863942075
2015-02-16,24.0,264.0838860416667,99.64013270833334,233.11881125,13.422506875,100.0,30.965074791666666,85.86374416666666,2.384706875,269.67,40964.81,3546.17,0,0,0,0,1,269.67,2561,3853847.3699999987,151.90718285311675,13.150035228241924,233.11881125000002,269.97,267.69,266.88555306087414
2015-02-17,24.0,264.4002744186046,99.65910116279069,233.25870906976743,13.606674651162791,93.47826086956522,31.141565348837208,86.74537659090909,2.503127441860465,260.65,40026.14,3553.39,0,0,0,0,1,260.65,2562,3854108.0199999986,153.5627853443315,13.63280260886246,233.2587090697674,269.67,269.0842857142857,265.64255306087415
2015-02-18,24.0,264.5035677083333,99.66811,233.37312541666665,13.613963541666667,100.0,31.130442291666668,86.17444541666667,2.5018604166666667,274.9,41093.68,3434.84,0,0,0,0,1,274.9,2563,3854382.9199999985,149.4859221535104,12.494870862131686,233.37312541666665,260.65,269.4185714285714,264.7585530608742
2015-02-19,24.0,264.4216202083333,99.66811,233.323864375,13.609383333333334,100.0,31.097755833333334,86.251289375,2.464470625,278.07,41359.57,3501.67,0,0,0,0,1,278.07,2564,3854660.9899999984,148.73797964541302,12.592764411838747,233.32386437499997,274.9,270.85714285714283,266.20282578814687
2015-02-20,24.0,264.50410958333333,99.65913416666666,233.20902979166667,13.625492083333333,100.0,31.295079791666666,87.31706125,2.427563125,271.56,40594.17,3971.37,0,0,0,0,1,271.56,2565,3854932.5499999984,149.48508616880247,14.624281926646045,233.20902979166667,278.07,270.8,265.3034924548135
2015-02-21,24.0,264.16093020833335,99.65716916666666,233.09010458333333,13.658651458333333,100.0,31.070825625,88.25749791666667,2.4382854166666665,265.58,39656.26,3797.58,0,0,0,0,1,265.58,2566,3855198.1299999985,149.31945176594624,14.29919421643196,233.09010458333336,271.56,270.0571428571429,263.6788257881469
2015-02-22,24.0,264.2387,99.65896,233.251970625,13.573672083333333,100.0,30.986729375,87.19512270833333,2.3667727083333334,276.0,41180.25,3723.79,0,0,0,0,1,276.0,2567,3855474.1299999985,149.2038043478261,13.491992753623189,233.25197062499998,265.58,270.9185714285714,262.5511591214802
2015-02-23,24.0,264.30741666666665,99.65896,233.33984,13.552383333333333,100.0,30.967576666666666,86.42335479166667,2.3372295833333334,275.59,41454.56,3502.56,0,0,0,0,1,275.59,2568,3855749.7199999983,150.42113284226568,12.709314561486266,233.33983999999998,276.0,271.7642857142857,261.4644924548135
2015-02-24,24.0,264.6127670833333,99.655371875,233.44627958333334,13.590855625,100.0,31.1664875,87.29798916666667,2.3367241666666665,269.61,40049.23,3587.67,0,0,0,0,1,269.61,2569,3856019.329999998,148.54504654871852,13.306887726716369,233.44627958333334,275.59,273.0442857142857,260.3204924548136
2015-02-25,24.0,264.51843145833334,99.65553395833334,233.45632541666666,13.717971875,100.0,31.062106041666667,88.24142,2.397118125,272.17,39869.67,3620.46,0,0,0,0,1,272.17,2570,3856291.499999998,146.48811404636805,13.302200830363375,233.4563254166667,269.61,272.6542857142857,259.30409851541964
2015-02-26,24.0,264.48086708333335,99.65061791666666,233.534825625,13.567229791666668,100.0,30.946041458333333,86.61977833333333,2.319056041666667,271.87,39911.4,3298.67,0,0,0,0,1,271.87,2571,3856563.3699999982,146.80325155405157,12.133262220914407,233.53482562500002,272.17,271.7685714285714,262.5850239990637
2015-02-27,24.0,264.4507922916667,99.6498,233.48985104166667,13.606656875,100.0,30.96094125,86.53487104166666,2.364959375,273.25,40631.39,3557.33,0,0,0,0,1,273.25,2572,3856836.6199999982,148.69676120768526,13.018591033851784,233.4898510416667,271.87,272.01,261.3633573323971
2015-02-28,24.0,264.49672645833334,99.64909104166667,233.64758354166668,13.587730416666666,100.0,30.84914291666667,86.513361875,2.2841010416666667,271.71,41483.88,3547.21,0,0,0,0,1,271.71,2573,3857108.329999998,152.67704537926465,13.055132310183653,233.64758354166668,273.25,272.8857142857143,260.1216906657304
2015-03-01,24.0,264.83899979166665,99.64214458333333,233.73623979166666,13.568160208333333,100.0,31.10276,86.40413104166667,2.248243958333333,271.85,41265.1,3512.7,0,0,0,0,1,271.85,2574,3857380.1799999983,151.79363619643183,12.92146404267059,233.73623979166666,271.71,272.29285714285714,259.93069066573037
2015-03-02,24.0,265.3493564583333,99.63560666666666,233.78440333333333,13.711392291666666,100.0,31.564953125,88.22393458333333,2.2500127083333332,270.42,40978.9,3495.2,0,0,0,0,1,270.42,2575,3857650.599999998,151.53797796021004,12.9250795059537,233.78440333333333,271.85,271.55428571428575,261.749545150501
2015-03-03,24.0,265.304694375,99.63836,233.75048708333333,13.677017916666667,100.0,31.554207291666668,87.471259375,2.254655625,271.12,40881.46,3458.92,0,0,0,0,1,271.12,2576,3857921.7199999983,150.78732664502803,12.757893183830038,233.75048708333333,270.42,271.77,263.79867001716104
2015-03-04,24.0,263.489528946472,98.80555919120023,232.18133499627015,13.651075275440217,100.0,31.308193950201805,87.71122391939585,2.251248830564528,282.91,42711.71,3514.27,0,0,0,0,1,282.91,2577,3858204.6299999985,150.97278286380825,12.421865610971686,232.18133499627018,271.12,273.3042857142857,264.22067001716107
2015-03-05,24.0,264.98606229166666,99.64472041666667,233.81049916666666,13.717886041666667,100.0,31.175563125,87.17929770833334,2.2844066666666665,270.27,40908.89,3476.18,0,0,0,0,1,270.27,2578,3858474.8999999985,151.36304436304437,12.861878861878862,233.81049916666666,282.91,273.0757142857143,266.22111947007284
2015-03-06,24.0,264.73131520833334,99.6498,233.90654416666666,13.722994166666666,100.0,30.824771041666665,87.22264916666667,2.26138875,261.96,39442.79,3472.88,0,0,0,0,1,261.96,2579,3858736.8599999985,150.56798747900444,13.25729118949458,233.90654416666666,270.27,271.46285714285716,270.224
2015-03-07,24.0,264.80017625,99.6498,234.00794520833333,13.621451041666667,100.0,30.792231041666668,85.59341583333334,2.201880625,259.79,39391.03,3475.14,0,0,0,0,1,259.79,2580,3858996.6499999985,151.62642903883904,13.376727356711188,234.00794520833333,261.96,269.76,267.617
2015-03-08,24.0,264.841434893617,99.6498,233.97750021276596,13.768029787234042,97.91666666666667,30.863934680851063,87.54728319148936,2.2727617021276596,258.51,39158.41,3462.89,0,0,0,0,1,258.51,2581,3859255.1599999983,151.47735097288307,13.395574639278944,233.97750021276596,259.79,267.8542857142857,269.3436666666667
2015-03-09,24.0,264.894539375,99.6498,234.10269166666666,13.68835,100.0,30.791847708333332,86.66092208333333,2.2019822916666665,263.44,39567.06,3489.09,0,0,0,0,1,263.44,2582,3859518.599999998,150.1938202247191,13.244344063164288,234.1026916666667,258.51,266.85714285714283,269.8163333333333
2015-03-10,24.0,264.93250895833336,99.65264125,234.109991875,13.671956458333334,100.0,30.822517083333334,87.17763916666667,2.247671875,261.71,38863.69,3474.29,0,0,0,0,1,261.71,2583,3859780.309999998,148.49906384929886,13.275342936838486,234.10999187500002,263.44,265.5128571428572,270.0183333333333
2015-03-11,24.0,264.98174708333335,99.65586416666666,234.230715,13.733734583333334,100.0,30.75103208333333,86.80739333333334,2.2014520833333333,261.22,38705.69,3486.14,0,0,0,0,1,261.22,2584,3860041.5299999984,148.17276625066992,13.345609065155806,234.230715,261.71,262.4142857142857,268.933
2015-03-12,24.0,264.92574479166666,99.653701875,234.15760145833335,13.756661458333333,100.0,30.768143333333335,87.10458833333334,2.2287825,260.65,38671.33,3589.14,0,0,0,0,1,260.65,2585,3860302.1799999983,148.36497218492232,13.76995971609438,234.15760145833332,261.22,261.04,269.2583333333333
2015-03-13,24.0,264.94250854166665,99.64983270833334,234.23410958333332,13.697737291666666,100.0,30.708398958333333,86.80200229166667,2.1678075,257.26,38618.48,3475.69,0,0,0,0,1,257.26,2586,3860559.439999998,150.1145922413123,13.510417476482937,234.23410958333332,260.65,260.36857142857144,268.74833333333333
2015-03-14,24.0,265.0015422916667,99.64991916666666,234.28054645833333,13.777467083333333,100.0,30.720995833333333,86.857775,2.197257291666667,258.79,38583.83,3477.86,0,0,0,0,1,258.79,2587,3860818.229999998,149.0932029831137,13.438927315584063,234.28054645833333,257.26,260.2257142857143,268.4413333333333
2015-03-15,24.0,265.0656016666667,99.65285479166667,234.32316458333332,13.78352375,100.0,30.742437083333332,87.15532375,2.2042520833333334,256.56,37868.18,3485.97,0,0,0,0,1,256.56,2588,3861074.789999998,147.59970377299658,13.587347988774555,234.32316458333335,258.79,259.94714285714286,267.928
2015-03-16,24.0,265.10370875,99.65384229166666,234.39874770833333,13.727802291666666,100.0,30.704961041666667,86.387791875,2.1688022916666667,259.2,38085.63,3540.45,0,0,0,0,1,259.2,2589,3861333.9899999984,146.93530092592593,13.659143518518519,234.39874770833333,256.56,259.34142857142854,267.54200000000003
2015-03-17,24.0,265.18112229166667,99.6498,234.49805166666667,13.709258333333333,100.0,30.683070625,85.55223916666667,2.137444375,262.19,38190.61,3461.46,0,0,0,0,1,262.19,2590,3861596.1799999983,145.66005568480873,13.202105343453221,234.49805166666667,259.2,259.40999999999997,267.28266666666667
2015-03-18,24.0,265.2800516666667,99.64892291666666,234.43237541666667,13.978459791666667,100.0,30.84767625,88.54798833333334,2.2112295833333335,263.83,38355.18,3454.06,0,0,0,0,1,263.83,2591,3861860.0099999984,145.37838759807454,13.091991054845924,234.43237541666667,262.19,259.78285714285715,267.08799999999997
2015-03-19,24.0,265.2422354166667,99.648850625,234.43116270833335,13.946620833333334,100.0,30.811072708333334,88.20056104166666,2.233520208333333,264.35,38692.82,3462.68,0,0,0,0,1,264.35,2592,3862124.3599999985,146.3696614337053,13.09884622659353,234.43116270833335,263.83,260.31142857142856,267.21133333333336
2015-03-20,24.0,265.218328125,99.640159375,234.450985625,13.88036,100.0,30.7673425,88.09880208333334,2.1762045833333334,271.47,39567.36,3749.96,0,0,0,0,1,271.47,2593,3862395.8299999987,145.7522378163333,13.81353372380005,234.45098562500002,264.35,262.3414285714286,267.097
2015-03-21,24.0,265.19209770833334,99.63836,234.438161875,13.843658333333334,100.0,30.753935833333333,88.39523833333334,2.173700833333333,274.32,39882.43,3525.19,0,0,0,0,1,274.32,2594,3862670.1499999985,145.38651939340917,12.850648877223682,234.438161875,271.47,264.56,266.972
2015-03-22,24.0,265.23962708333335,99.636674375,234.48507145833332,13.748816458333334,100.0,30.754555625,86.34776645833334,2.106210208333333,257.66,39059.29,3476.03,0,0,0,0,1,257.66,2595,3862927.8099999987,151.59236978964526,13.490763021035473,234.48507145833335,274.32,264.71714285714285,266.50866666666667
2015-03-23,24.0,265.139513125,99.64064270833333,234.41651541666667,13.845310625,99.99409270833333,30.722997708333335,87.488621875,2.155826875,229.5,35767.27,3196.62,0,0,0,0,1,229.5,2596,3863157.3099999987,155.84867102396512,13.928627450980391,234.41651541666667,257.66,260.4742857142857,265.306
2015-03-24,24.0,265.87483645833333,99.64213791666667,234.43110416666667,13.995772083333334,79.223428125,31.443732291666667,88.50771083333333,2.86758375,195.3,30082.67,2999.25,0,0,0,0,1,195.3,2597,3863352.6099999985,154.0331285202253,15.357142857142856,234.43110416666667,229.5,250.91857142857143,262.61600000000004
2015-03-25,24.0,265.9848622916667,99.652149375,234.41791541666666,13.987168125,81.28986208333333,31.566946875,88.21616520833334,2.825207916666667,250.48,37831.77,3438.37,0,0,0,0,1,250.48,2598,3863603.0899999985,151.03708878952412,13.727123922069627,234.4179154166667,195.3,249.01142857142855,261.77900000000005
2015-03-26,24.0,266.7317258333333,99.64754041666667,234.597435,13.788804791666667,100.0,32.13429083333333,86.09609104166667,2.1042316666666667,269.7,39629.47,3566.24,0,0,0,0,1,269.7,2599,3863872.7899999986,146.93908045977014,13.222988505747127,234.597435,250.48,249.7757142857143,261.782
2015-03-27,24.0,265.55589541666666,99.66086958333334,234.45666583333335,14.078619791666666,100.0,31.099229583333333,88.56255854166666,2.304161458333333,273.87,39429.06,3493.55,0,0,0,0,1,273.87,2600,3864146.6599999988,143.969985759667,12.756234709898857,234.45666583333332,269.7,250.1185714285714,261.83866666666665
2015-03-28,24.0,265.45391291666664,99.65896,234.639641875,13.89257125,100.0,30.814271041666668,86.81226333333333,2.1941366666666666,261.25,34983.55,3476.32,0,0,0,0,1,261.25,2601,3864407.9099999988,133.9083253588517,13.306488038277513,234.63964187499997,273.87,248.2514285714286,261.48466666666667
2015-03-29,24.0,265.4505640909091,99.65764477272727,234.56939613636365,14.061146363636364,97.82608695652173,30.881167954545454,88.54538795454546,2.2403677272727274,250.31,35982.96,3310.68,0,0,0,0,1,250.31,2602,3864658.219999999,143.75358555391315,13.226319363988653,234.56939613636365,261.25,247.20142857142858,260.71999999999997
2015-03-30,24.0,265.6942331914894,99.64644340425532,234.62887893617022,13.974470425531916,97.91666666666667,31.06535425531915,88.2026144680851,2.1988071719858158,257.61,37200.36,3494.89,0,0,0,0,1,257.61,2603,3864915.8299999987,144.40572959124256,13.566592911765847,234.62887893617022,250.31,251.21714285714285,260.25
2015-03-31,24.0,265.43625979166666,99.64669145833334,234.61574041666665,13.923778125,100.0,30.820519375,87.96663958333333,2.169543125,261.54,37167.27,3462.22,0,0,0,0,1,261.54,2604,3865177.3699999987,142.10931406285843,13.237822130458055,234.61574041666665,257.61,260.68,259.90633333333335
2015-04-01,24.0,265.44401375,99.63505708333334,234.65228479166666,13.869158541666666,100.0,30.791728958333334,88.01470145833333,2.1949727083333332,251.24,36784.44,3426.24,0,0,0,0,1,251.24,2605,3865428.609999999,146.41155866900175,13.637318898264606,234.6522847916667,261.54,260.7885714285714,259.267
2015-04-02,24.0,265.5121125,99.6292,234.7525125,13.909958333333334,100.0,30.7596,88.25633375,2.2048316666666667,256.09,37323.39,3426.19,0,0,0,0,1,256.09,2606,3865684.699999999,145.7432543246515,13.378851185130229,234.7525125,251.24,258.8442857142857,258.766
2015-04-03,24.0,265.56313020833335,99.62662770833333,234.77216291666667,14.06592875,100.0,30.790967291666668,88.513725,2.175045416666667,254.14,36480.09,3405.12,0,0,0,0,1,254.14,2607,3865938.839999999,143.5432832297159,13.398599197292832,234.77216291666667,256.09,256.0257142857143,257.807
2015-04-04,24.0,265.4950166666667,99.61954583333333,234.781635625,14.0515325,100.0,30.71338104166667,88.42445833333333,2.1553575,253.43,36856.85,3397.62,0,0,0,0,1,253.43,2608,3866192.269999999,145.4320719725368,13.406542240460876,234.781635625,254.14,254.9085714285714,257.24566666666664
2015-04-05,24.0,265.44621916666665,99.619024375,234.77012958333333,14.001827708333334,100.0,30.676089583333333,88.34043666666666,2.13492375,252.16,36772.07,3373.03,0,0,0,0,1,252.16,2609,3866444.4299999992,145.82832328680203,13.376546637055839,234.77012958333333,253.43,255.17285714285714,256.919
2015-04-06,24.0,265.32388,99.61776,234.66136895833333,13.99983,100.0,30.662511041666665,88.052293125,2.1385089583333334,252.07,36654.21,3418.69,0,0,0,0,1,252.07,2610,3866696.499999999,145.4128218352045,13.562462807950173,234.6613689583333,252.16,254.3814285714286,256.6616666666667
2015-04-07,24.0,265.09710979166664,99.49596625,234.51602104166668,13.920145416666667,100.0,30.58108875,88.26509645833333,2.0634260416666668,250.49,36391.81,3176.07,0,0,0,0,1,250.49,2611,3866946.9899999993,145.28248632679947,12.679428320491835,234.51602104166665,252.07,252.80285714285716,256.39433333333335
2015-04-08,24.0,265.07886541666664,99.59928770833334,234.546179375,13.933781666666667,100.0,30.53268604166667,88.15101916666667,2.012730625,251.63,36481.1,3186.56,0,0,0,0,1,251.63,2612,3867198.619999999,144.9791360330644,12.66367285299845,234.54617937499998,250.49,252.85857142857142,256.0006666666667
2015-04-09,24.0,265.088045625,99.59945,234.612836875,13.876652083333333,100.0,30.47520875,87.264453125,1.96295125,250.8,36394.66,3177.18,0,0,0,0,1,250.8,2613,3867449.419999999,145.11427432216905,12.668181818181816,234.612836875,251.63,252.10285714285715,255.63700000000003
2015-04-10,24.0,265.06561958333333,99.59945,234.61203395833334,13.855413958333333,100.0,30.453585625,87.1038575,1.9202220833333334,248.18,36319.35,3189.91,0,0,0,0,1,248.18,2614,3867697.599999999,146.34277540494801,12.853211378837939,234.61203395833334,250.8,251.25142857142856,255.2023333333333
2015-04-11,24.0,265.0528772916667,99.59945,234.60681583333334,13.811005625,100.0,30.446061458333332,86.84265645833334,1.912968125,249.16,36177.03,3176.45,0,0,0,0,1,249.16,2615,3867946.7599999993,145.19597848771872,12.74863541499438,234.60681583333334,248.18,250.64142857142858,254.81933333333333
2015-04-12,24.0,265.0858083333333,99.59947354166667,234.58521625,13.828364375,100.0,30.500592083333334,86.63506770833334,1.966318125,249.64,36522.06,3173.63,0,0,0,0,1,249.64,2616,3868196.3999999994,146.29891043102066,12.712826470116969,234.58521624999997,249.16,250.28142857142853,254.56533333333334
2015-04-13,24.0,265.5432108333333,99.61370583333333,234.99135833333332,13.964118541666666,100.0,30.5518525,87.86771458333334,1.9961195833333334,249.2,37369.45,3217.63,0,0,0,0,1,249.2,2617,3868445.5999999996,149.95766452648473,12.911837881219904,234.99135833333332,249.64,249.87142857142857,254.24566666666666
2015-04-14,24.0,265.970871875,99.63612125,235.29962708333332,14.085322708333333,100.0,30.671244791666666,87.42990666666667,2.1095225,250.23,37532.02,3333.89,0,0,0,0,1,250.23,2618,3868695.8299999996,149.9900891180114,13.323302561643288,235.29962708333335,249.2,249.8342857142857,254.03466666666665
2015-04-15,24.0,266.3607789361702,99.65518021276596,235.57689234042553,14.29665914893617,97.91666666666667,30.78388659574468,88.70226319148937,2.2105022207446807,249.89,37039.67,3375.2,0,0,0,0,1,249.89,2619,3868945.7199999997,148.22389851534675,13.506742966905438,235.57689234042553,250.23,249.58571428571432,253.7243333333333
2015-04-16,24.0,266.540264375,99.666913125,235.69177791666667,14.343801875,100.0,30.848486458333333,88.7627375,2.2374533333333333,252.44,37472.55,3460.38,0,0,0,0,1,252.44,2620,3869198.1599999997,148.44141182063066,13.707732530502298,235.69177791666667,249.89,249.81999999999996,253.39933333333335
2015-04-17,24.0,266.7597580851064,99.6737044680851,235.84781234042552,14.467698510638298,97.91666666666667,30.91194574468085,88.9442259574468,2.304658085106383,254.67,37879.69,3484.44,0,0,0,0,1,254.67,2621,3869452.8299999996,148.74029135744297,13.682176934856875,235.84781234042555,252.44,250.74714285714285,253.09400000000002
2015-04-18,24.0,267.1339889361702,99.6882129787234,236.16610276595745,14.491881489361703,97.91666666666667,30.967886170212765,88.92003595744681,2.351108085106383,252.32,37571.89,3550.23,0,0,0,0,1,252.32,2622,3869705.1499999994,148.90571496512365,14.07034717818643,236.16610276595748,254.67,251.1985714285714,252.693
2015-04-19,24.0,267.19060319148934,99.69683425531915,236.20637127659575,14.53961085106383,97.91666666666667,30.984231914893616,88.99125255319149,2.385035319148936,254.68,36786.2,3584.51,0,0,0,0,1,254.68,2623,3869959.8299999996,144.44086697031568,14.074564158944558,236.20637127659572,252.32,251.91857142857143,252.13333333333333
2015-04-20,24.0,267.03227979166667,99.68950083333333,236.050350625,14.564283125,100.0,30.981929166666667,89.00747729166666,2.3673320833333333,255.71,37126.86,3592.75,0,0,0,0,1,255.71,2624,3870215.5399999996,145.19127136208988,14.050095811661647,236.050350625,254.68,252.84857142857143,251.513
2015-04-21,24.0,266.936783125,99.68819020833334,235.96967541666666,14.521650416666667,100.0,30.967107708333334,88.97455270833333,2.3401664583333335,257.81,37945.22,3413.32,0,0,0,0,1,257.81,2625,3870473.3499999996,147.1828866219309,13.239672627128506,235.96967541666663,255.71,253.93142857142857,251.518
2015-04-22,24.0,266.835783125,99.681515625,235.90431395833335,14.497517291666666,100.0,30.931469166666666,88.95561,2.3118027083333335,257.92,37733.62,3488.72,0,0,0,0,1,257.92,2626,3870731.2699999996,146.2997053349876,13.526364764267989,235.90431395833332,257.81,255.07857142857142,252.46533333333335
2015-04-23,24.0,266.73866895833334,99.67956,235.85658729166667,14.490527708333333,100.0,30.882081666666668,88.871610625,2.2845164583333335,269.39,38970.11,3450.88,0,0,0,0,1,269.39,2627,3871000.6599999997,144.66056646497643,12.809978098667361,235.85658729166667,257.92,257.5,254.935
2015-04-24,24.0,266.62133520833333,99.67956,235.80750833333335,14.497472916666666,100.0,30.813826875,88.84164833333334,2.251057708333333,268.14,38810.72,3442.74,0,0,0,0,1,268.14,2628,3871268.8,144.74050868949058,12.83933765943164,235.80750833333335,269.39,259.4242857142857,255.52366666666663
2015-04-25,24.0,266.5748904166667,99.67956,235.76845354166667,14.429118333333333,100.0,30.806436875,88.61391375,2.230160833333333,265.67,38446.47,3483.44,0,0,0,0,1,265.67,2629,3871534.4699999997,144.71513531825195,13.111905747732148,235.76845354166667,268.14,261.3314285714286,255.38933333333333
2015-04-26,24.0,266.535898125,99.67389270833333,235.752820625,14.417753333333334,100.0,30.7830775,88.68599770833333,2.2237339583333333,265.19,38335.96,3424.63,0,0,0,0,1,265.19,2630,3871799.6599999997,144.56035295448547,12.913873072136958,235.75282062500003,265.67,262.8328571428571,255.1
2015-04-27,24.0,266.51102583333335,99.66801791666667,235.77074041666665,14.398410833333333,100.0,30.740285416666666,88.50425,2.18031,266.54,38420.55,3438.38,0,0,0,0,1,266.54,2631,3872066.1999999997,144.14553162752307,12.90005252494935,235.77074041666668,265.19,264.38,255.27633333333333
2015-04-28,24.0,266.48192083333333,99.663495625,235.81900958333333,14.326980625,100.0,30.66291125,87.84822291666667,2.119865625,265.58,38221.54,3406.96,0,0,0,0,1,265.58,2632,3872331.78,143.91723774380603,12.828375630695083,235.81900958333333,266.54,265.49,255.78533333333334
2015-04-29,24.0,266.4779389583333,99.65896,235.787353125,14.3822225,100.0,30.690585833333333,88.01207979166666,2.119436875,265.86,38132.97,3334.59,0,0,0,0,1,265.86,2633,3872597.6399999997,143.43252087564883,12.542654028436019,235.78735312499998,265.58,266.6242857142857,256.0603333333333
2015-04-30,24.0,266.590141875,99.65318291666667,235.73403395833333,14.373149166666666,100.0,30.856107916666666,88.58036770833333,2.1384675,266.93,38283.95,3293.68,0,0,0,0,1,266.93,2634,3872864.57,143.42318210766865,12.339115123815231,235.7340339583333,265.86,266.27285714285716,256.24
2015-05-01,24.0,266.42974166666664,99.64918979166667,235.69723479166666,14.362264583333333,100.0,30.732506875,88.66864416666667,2.1357860416666665,266.77,38059.97,3291.32,0,0,0,0,1,266.77,2635,3873131.34,142.66960302882634,12.337669153203136,235.69723479166663,266.93,266.07714285714286,256.75766666666664
2015-05-02,24.0,266.38894375,99.641275625,235.69473479166666,14.371200833333333,100.0,30.694208958333334,88.632848125,2.119604375,264.65,37706.63,3278.55,0,0,0,0,1,264.65,2636,3873395.9899999998,142.4773474400151,12.388248630266391,235.6947347916667,266.77,265.93142857142857,257.043
2015-05-03,24.0,266.3170891666667,99.63836,235.73974708333333,14.286111666666667,100.0,30.577342083333335,87.48447125,2.035665,261.21,37646.76,3268.61,0,0,0,0,1,261.21,2637,3873657.1999999997,144.12449753072244,12.513341755675512,235.73974708333333,264.65,265.36285714285714,257.27866666666665
2015-05-04,24.0,266.2883504166667,99.63102770833333,235.733748125,14.223494166666667,100.0,30.554602291666665,87.349265,2.0043989583333333,256.3,37262.04,3292.79,0,0,0,0,1,256.3,2638,3873913.4999999995,145.38447132266873,12.847405384315255,235.733748125,261.21,263.90000000000003,257.37433333333337
2015-05-05,24.0,266.2791422916667,99.62648416666667,235.72079291666665,14.258510625,100.0,30.558349375,87.38325479166667,1.991939375,256.05,37457.9,3284.53,0,0,0,0,1,256.05,2639,3874169.5499999993,146.2913493458309,12.827689904315564,235.72079291666668,256.3,262.5385714285714,257.504
2015-05-06,24.0,266.27385541666666,99.61779979166667,235.773624375,14.21551875,100.0,30.500231041666666,87.06208416666666,1.926345625,251.22,36700.18,3284.73,0,0,0,0,1,251.22,2640,3874420.7699999996,146.08781147997772,13.075113446381657,235.773624375,256.05,260.44714285714286,257.47566666666665
2015-05-07,24.0,266.23943770833336,99.6156425,235.65565958333335,14.24826125,100.0,30.583778125,88.15143708333333,1.9995964583333334,251.83,36547.25,3272.78,0,0,0,0,1,251.83,2641,3874672.5999999996,145.12667275543023,12.995989357900172,235.65565958333335,251.22,258.29,257.5203333333333
2015-05-08,24.0,266.22883729166665,99.60863895833333,235.65537458333333,14.294117916666666,100.0,30.573462708333334,88.19151354166667,1.9998822916666668,248.81,37109.76,3270.46,0,0,0,0,1,248.81,2642,3874921.4099999997,149.14898918853746,13.144407379124633,235.65537458333333,251.83,255.7242857142857,257.42633333333333
2015-05-09,24.0,266.205526875,99.60735645833333,235.69324791666668,14.236100833333333,100.0,30.512278958333333,87.47579666666667,1.9602254166666666,249.54,36304.49,3277.83,0,0,0,0,1,249.54,2643,3875170.9499999997,145.48565360262884,13.135489300312575,235.69324791666665,248.81,253.56571428571428,257.3843333333333
2015-05-10,24.0,266.192500625,99.6002225,235.689414375,14.295591458333334,100.0,30.50308625,87.78131541666667,1.953214375,249.52,36396.68,3270.31,0,0,0,0,1,249.52,2644,3875420.4699999997,145.86678422571336,13.106404296248797,235.68941437499998,249.54,251.8957142857143,257.429
2015-05-11,24.0,266.1572929166667,99.59840854166667,235.70867354166666,14.217928958333333,100.0,30.448619375,86.98814104166667,1.895375,249.57,36359.07,3255.98,0,0,0,0,1,249.57,2645,3875670.0399999996,145.68686140161077,13.04635973875065,235.70867354166668,249.52,250.93428571428572,257.44266666666664
2015-05-12,24.0,266.140186875,99.58907958333333,235.698206875,14.239721666666666,100.0,30.44198,86.386704375,1.8732379166666666,249.17,36248.95,3250.77,0,0,0,0,1,249.17,2646,3875919.2099999995,145.47878958141027,13.046394028173538,235.69820687499998,249.57,249.95142857142855,257.427
2015-05-13,24.0,266.4337414583333,99.58313229166667,235.66868854166665,14.23271,100.0,30.765052916666665,88.06220895833333,1.9243489583333333,247.01,35872.74,3230.43,0,0,0,0,1,247.01,2647,3876166.2199999993,145.22788551070806,13.078134488482247,235.66868854166665,249.17,249.34999999999997,257.354
2015-05-14,24.0,266.664524375,99.576394375,235.62670125,14.245819791666667,100.0,31.037823125,88.33196416666667,1.9746572916666667,218.91,31744.29,3241.86,0,0,0,0,1,218.91,2648,3876385.1299999994,145.01068932437988,14.809099629984926,235.62670125,247.01,244.64714285714285,256.31
2015-05-15,24.0,266.65559291666665,99.570270625,235.61777520833334,14.273660625,100.0,31.037817708333332,88.08566041666667,1.9320529166666667,218.85,31669.44,3229.75,0,0,0,0,1,218.85,2649,3876603.9799999995,144.7084304318026,14.757824994288326,235.6177752083333,218.91,240.36714285714285,255.27533333333335
2015-05-16,24.0,266.65355791666667,99.569506875,235.62290270833333,14.257452291666667,100.0,31.030655208333332,87.99332291666667,1.9100727083333333,220.18,31763.16,3226.07,0,0,0,0,1,220.18,2650,3876824.1599999997,144.25996911617767,14.651966572804069,235.62290270833333,218.85,236.17285714285714,254.2
2015-05-17,24.0,266.66289520833334,99.565709375,235.633345625,14.269534166666666,100.0,31.029549583333335,88.05142375,1.9093775,219.57,31790.61,3221.22,0,0,0,0,1,219.57,2651,3877043.7299999995,144.7857630823883,14.670583413034567,235.633345625,220.18,231.8942857142857,253.03
2015-05-18,24.0,266.64554416666664,99.55865104166666,235.746834375,14.216466875,100.0,30.89870979166667,87.23357458333334,1.8230933333333332,218.22,31783.85,3217.35,0,0,0,0,1,218.22,2652,3877261.9499999997,145.65049033085876,14.743607368710475,235.74683437499996,219.57,227.41571428571427,251.89333333333335
2015-05-19,24.0,266.6005125,99.55783583333333,235.59151895833332,14.28102,100.0,31.008993541666666,87.62096333333334,1.8733116666666667,219.36,31727.63,3210.16,0,0,0,0,1,219.36,2653,3877481.3099999996,144.6372629467542,14.634208606856308,235.59151895833332,218.22,223.15714285714287,250.71599999999998
2015-05-20,24.0,266.5741164583333,99.55409229166666,235.55725625,14.39136625,100.0,31.016860208333334,88.466806875,1.898421875,219.12,31639.95,3202.96,0,0,0,0,1,219.12,2654,3877700.4299999997,144.39553669222343,14.617378605330412,235.55725625,219.36,219.17285714285714,249.49633333333333
2015-05-21,24.0,266.54990583333336,99.54964541666666,235.58731708333335,14.348062291666666,100.0,30.96258875,87.483478125,1.8673920833333333,216.11,31600.98,3245.34,0,0,0,0,1,216.11,2655,3877916.5399999996,146.22636620239692,15.017074637915876,235.58731708333335,219.12,218.77285714285716,248.10633333333334
2015-05-22,24.0,266.3195797916667,99.55204875,235.51370979166666,14.313197291666667,100.0,30.80587,87.72480166666666,1.8967935416666666,213.4,31156.53,3553.58,0,0,0,0,1,213.4,2656,3878129.9399999995,146.00060918462978,16.65220243673852,235.51370979166668,216.11,217.99428571428572,246.62233333333333
2015-05-23,24.0,265.9006229166667,99.55149583333333,235.45465375,14.363526458333334,100.0,30.445969166666668,88.21747958333333,1.901069375,202.34,30665.59,3230.27,0,0,0,0,1,202.34,2657,3878332.2799999993,151.55475931600276,15.964564594247307,235.45465375000003,213.4,215.4457142857143,244.38733333333332
2015-05-24,24.0,266.180334375,99.54340625,235.49732375,14.301379791666667,100.0,30.683010625,87.65274791666667,1.83917875,216.49,31777.82,3638.85,0,0,0,0,1,216.49,2658,3878548.7699999996,146.78654903228787,16.808397616518082,235.49732374999996,202.34,215.0057142857143,242.66566666666668
2015-05-25,24.0,265.81581270833334,99.54253416666667,235.3573275,14.362396875,100.0,30.458485208333332,88.2706825,1.88368,204.02,30027.03,3391.07,0,0,0,0,1,204.02,2659,3878752.7899999996,147.17689442211545,16.621262621311637,235.3573275,216.49,212.97714285714287,240.61066666666667
2015-05-26,24.0,265.736289375,99.53994,235.32652791666666,14.379173125,100.0,30.40976145833333,88.286109375,1.8846714583333333,210.6,30953.54,3350.03,0,0,0,0,1,210.6,2660,3878963.3899999997,146.9778727445394,15.907075023741692,235.3265279166667,204.02,211.72571428571428,238.791
2015-05-27,24.0,265.65507234042553,99.53674,235.32463085106383,14.359750425531915,97.91666666666667,30.330441489361704,87.85370893617021,1.8408327659574468,205.59,30105.92,3334.37,0,0,0,0,1,205.59,2661,3879168.9799999995,146.43669439175056,16.218541757867598,235.32463085106383,210.6,209.79285714285717,236.75933333333333
2015-05-28,24.0,265.6006521276596,99.52851936170212,235.27718829787233,14.308634375,97.91666666666667,30.323463829787233,87.69172680851064,1.8356019148936171,209.54,30888.27,3695.19,0,0,0,0,1,209.54,2662,3879378.5199999996,147.40989787152813,17.634771404027873,235.27718829787236,205.59,208.8542857142857,234.89133333333334
2015-05-29,24.0,265.555595625,99.52843166666666,235.23400458333333,14.328612083333333,100.0,30.321591041666668,87.42951166666667,1.8277327083333332,212.97,31325.27,3495.86,0,0,0,0,1,212.97,2663,3879591.4899999998,147.08771188430296,16.41480020660187,235.23400458333336,209.54,208.79285714285717,233.12833333333336
2015-05-30,24.0,265.526861875,99.52275729166666,235.183539375,14.401236875,100.0,30.3433225,88.24027645833333,1.8579283333333334,211.21,31172.18,3626.25,0,0,0,0,1,211.21,2664,3879802.6999999997,147.58856114767292,17.168931395293782,235.183539375,212.97,210.06,231.27100000000002
2015-05-31,24.0,265.4997274468085,99.51934,235.24649382978723,14.363064893617022,97.91666666666667,30.253233617021277,87.28498531914893,1.7787765957446808,209.66,31042.34,3288.2,0,0,0,0,1,209.66,2665,3880012.36,148.06038347801203,15.68348755127349,235.24649382978723,211.21,209.0842857142857,229.36733333333333
2015-06-01,24.0,265.5024202083333,99.51934,235.24718583333333,14.236168541666666,100.0,30.255234375,86.69178916666667,1.7845145833333333,212.13,31604.86,3575.05,0,0,0,0,1,212.13,2666,3880224.4899999998,148.9881676330552,16.85310894262952,235.24718583333333,209.66,210.24285714285716,227.61666666666667
2015-06-02,24.0,265.52189354166666,99.51616416666667,235.28041041666665,14.212137916666666,100.0,30.241483125,85.90185916666667,1.7253245833333333,211.86,31656.12,3575.71,0,0,0,0,1,211.86,2667,3880436.3499999996,149.41999433588217,16.877702256206927,235.28041041666665,212.13,210.42285714285714,225.97166666666666
2015-06-03,24.0,265.471984375,99.50906145833333,235.18053083333334,14.367154375,100.0,30.291453541666666,88.10146583333334,1.8141241666666668,210.38,31240.33,3522.27,0,0,0,0,1,210.38,2668,3880646.7299999995,148.49477136609946,16.742418480844186,235.1805308333333,211.86,211.10714285714286,224.44099999999997
2015-06-04,24.0,265.44770270833334,99.5079,235.17576375,14.424664791666666,100.0,30.271938958333333,87.9484275,1.8138804166666667,209.98,31051.19,3407.31,0,0,0,0,1,209.98,2669,3880856.7099999995,147.87689303743213,16.22683112677398,235.17576375000002,210.38,211.17000000000002,222.90533333333335
2015-06-05,24.0,265.445408125,99.507850625,235.27881125,14.300346666666666,100.0,30.166596875,85.889011875,1.7433408333333333,209.93,30587.58,3275.37,0,0,0,0,1,209.93,2670,3881066.6399999997,145.70371076072976,15.602200733577858,235.27881124999996,209.98,210.73571428571427,221.529
2015-06-06,24.0,265.492389375,99.50614083333333,235.30597854166666,14.312570625,100.0,30.186410833333333,86.12058145833333,1.723219375,209.42,30498.59,3276.71,0,0,0,0,1,209.42,2671,3881276.0599999996,145.63360710533857,15.646595358609494,235.3059785416667,209.93,210.48000000000002,220.11533333333333
2015-06-07,22.81667,268.38505537845356,99.4718220351962,236.12069378347059,14.02913428346906,74.92783458333334,32.264361594982965,86.13613654493403,3.486633706233206,158.34,23689.64,2934.01,0,0,0,0,1,166.55191138759514,2672,3881434.3999999994,149.61247947454842,18.529809271188583,236.12069378347059,209.42,204.3217016267993,217.37339704625316
2015-06-08,24.0,265.59027208333333,99.49591520833333,235.18201833333333,14.450896875,98.83031270833334,30.40825375,87.98826208333334,1.8927814583333333,207.56,30190.15,3289.01,0,0,0,0,1,207.56,2673,3881641.9599999995,145.45264020042399,15.846068606667952,235.18201833333333,166.55191138759514,203.66884448394214,215.97406371291984
2015-06-09,24.0,265.698513125,99.4896525,235.309043125,14.555260833333334,100.0,30.38947,88.25513541666666,1.8617070833333333,208.95,30361.39,3241.03,0,0,0,0,1,208.95,2674,3881850.9099999997,145.30457047140465,15.511031347212253,235.309043125,207.56,203.25313019822786,214.62173037958652
2015-06-10,24.0,265.726731875,99.49756583333334,235.36661416666666,14.551796875,100.0,30.360117708333334,88.117079375,1.85427,207.44,30120.03,3171.39,0,0,0,0,1,207.44,2675,3882058.3499999996,145.19875626687235,15.288227921326648,235.36661416666664,208.95,202.83313019822785,213.21739704625315
2015-06-11,24.0,265.7422022916667,99.49855229166667,235.386631875,14.587664375,100.0,30.355570416666666,88.072113125,1.7862520833333333,205.45,29899.7,3447.26,0,0,0,0,1,205.45,2676,3882263.8,145.53273302506693,16.77907033341446,235.386631875,207.44,202.185987341085,211.76006371291982
2015-06-12,24.0,265.7695210416667,99.49357604166667,235.42898166666666,14.591902708333333,100.0,30.340539375,87.95826104166666,1.815075,205.93,30045.38,3176.58,0,0,0,0,1,205.93,2677,3882469.73,145.90093721167386,15.425532948089156,235.4289816666667,205.45,201.61455876965647,210.3907303795865
2015-06-13,24.0,265.64194729166667,99.48414208333334,235.27189791666666,14.591541875,100.0,30.370049375,88.371811875,1.8437597916666666,203.36,29321.7,3151.83,0,0,0,0,1,203.36,2678,3882673.09,144.18617230527144,15.49877065302911,235.27189791666666,205.93,200.74884448394215,209.87239704625318
2015-06-14,24.0,265.5883525,99.47814,235.26927083333334,14.45078125,100.0,30.319081666666666,87.96059645833333,1.80274125,199.6,29051.15,3311.59,0,0,0,0,1,199.6,2679,3882872.69,145.54684368737477,16.591132264529058,235.2692708333333,203.36,205.47,209.2307303795865
2015-06-15,24.0,265.56304958333334,99.47771229166666,235.23070854166667,14.474466458333334,100.0,30.332341041666666,88.04022604166667,1.8121320833333334,200.25,29019.82,3228.86,0,0,0,0,1,200.25,2680,3883072.94,144.9179525593009,16.12414481897628,235.23070854166667,199.6,204.4257142857143,208.56639704625317
2015-06-16,24.0,265.54081729166666,99.47084375,235.2489775,14.532840625,100.0,30.291839791666668,87.906275,1.7846439583333333,198.29,28719.78,3276.15,0,0,0,0,1,198.29,2681,3883271.23,144.83725856069393,16.5220132129709,235.2489775,200.25,202.90285714285716,207.85706371291982
2015-06-17,24.0,265.50076708333336,99.46899,235.20898604166666,14.477634791666667,100.0,30.291781041666667,87.51573583333334,1.7654866666666666,197.29,28851.13,3293.2,0,0,0,0,1,197.29,2682,3883468.52,146.2371635663237,16.692179025799582,235.2089860416667,198.29,201.45285714285714,207.15939704625316
2015-06-18,24.0,265.88352125,99.462681875,235.26678041666668,14.442521041666666,100.0,30.616740833333335,87.90946375,1.7564058333333334,197.15,28681.12,3229.55,0,0,0,0,1,197.15,2683,3883665.67,145.47867106264266,16.381181841237638,235.26678041666668,197.29,200.26714285714283,206.41906371291986
2015-06-19,24.0,266.28888333333333,99.473035625,235.48916416666665,14.522244583333332,100.0,30.799719166666666,88.06332583333334,1.8123395833333333,194.1,28806.64,3147.1,0,0,0,0,1,194.1,2684,3883859.77,148.41133436373005,16.213807315816588,235.48916416666665,197.15,198.5771428571429,205.58506371291983
2015-06-20,24.0,266.15293770833335,99.49575,235.70426395833334,14.752230833333334,100.0,30.44867375,88.556388125,1.8904891666666668,199.56,29526.79,3243.68,0,0,0,0,1,199.56,2685,3884059.33,147.95946081379034,16.254159150130285,235.70426395833334,194.1,198.03428571428572,205.03339704625316
2015-06-21,24.0,266.45499916666665,99.51247625,236.02585729166665,14.708889375,100.0,30.429141875,87.41994166666667,1.8931,197.87,29476.07,3315.39,0,0,0,0,1,197.87,2686,3884257.2,148.96684691969475,16.755394956284427,236.02585729166665,199.56,197.78714285714287,204.5157303795865
2015-06-22,24.0,266.71746291666665,99.52412770833334,236.14455666666666,14.825730625,100.0,30.57290625,88.50379479166666,1.9837385416666666,202.06,29887.05,3358.87,0,0,0,0,1,202.06,2687,3884459.2600000002,147.91175888349994,16.62313174304662,236.14455666666666,197.87,198.0457142857143,204.50639704625317
2015-06-23,24.0,267.00819416666667,99.53720541666667,236.36483625,14.847568541666666,100.0,30.643357916666666,88.557141875,2.049148333333333,199.63,29530.83,3402.25,0,0,0,0,1,199.63,2688,3884658.89,147.92781646045185,17.04277914141161,236.36483625,202.06,198.23714285714286,203.94439704625316
2015-06-24,24.0,267.25747020833336,99.54509375,236.55936791666667,14.943323125,100.0,30.698102291666668,88.710525625,2.092300625,200.27,29484.37,3439.04,0,0,0,0,1,200.27,2689,3884859.16,147.22309881659757,17.172017776002395,236.5593679166667,199.63,198.66285714285712,203.81939704625316
2015-06-25,24.0,267.51333895833335,99.552869375,236.73430458333334,15.135473333333334,100.0,30.779034375,88.99095458333333,2.15718875,199.69,29406.13,3512.97,0,0,0,0,1,199.69,2690,3885058.85,147.25890129701037,17.592117782562973,236.73430458333334,200.27,199.0257142857143,203.4557303795865
2015-06-26,24.0,267.744471875,99.56379145833333,237.0242175,15.024079583333334,100.0,30.720254375,87.33086604166667,2.1141539583333335,195.5,28608.42,3499.55,0,0,0,0,1,195.5,2691,3885254.35,146.3346291560102,17.900511508951407,237.0242175,199.69,199.22571428571428,203.11939704625317
2015-06-27,24.0,268.1131110416667,99.56868916666667,237.114960625,15.16544375,100.0,30.998150416666668,88.87357375,2.191530625,198.1,28936.49,3549.18,0,0,0,0,1,198.1,2692,3885452.45,146.07011610297832,17.91610297829379,237.114960625,195.5,199.01714285714283,202.73806371291985
2015-06-28,24.0,267.749030625,99.56565854166666,237.00155979166666,15.11314125,100.0,30.747470833333335,88.19267354166666,2.1361920833333334,209.52,30633.42,3638.32,0,0,0,0,1,209.52,2693,3885661.97,146.20761741122564,17.365024818633067,237.00155979166666,198.1,200.68142857142857,202.62306371291982
2015-06-29,24.0,267.86120645833336,99.55448104166666,236.82846458333333,15.174444166666667,100.0,31.032741875,88.9603075,2.151413125,209.13,30058.55,3490.05,0,0,0,0,1,209.13,2694,3885871.1,143.73141108401472,16.688423468655863,236.82846458333336,209.52,201.69142857142856,202.55373037958648
2015-06-30,24.0,267.50006041666666,99.55386729166666,236.78223520833333,15.089464166666666,100.0,30.717825208333334,88.20913729166666,2.0980077083333333,211.19,30111.44,3387.79,0,0,0,0,1,211.19,2695,3886082.29,142.57985700080496,16.04143188597945,236.78223520833333,209.13,203.34285714285716,202.60473037958653
2015-07-01,24.0,267.345855,99.55198770833333,236.76794645833334,14.99174125,100.0,30.577908541666666,86.95716395833334,2.0335508333333334,195.17,28873.6,3608.08,0,0,0,0,1,195.17,2696,3886277.46,147.94076958548956,18.486857611313216,236.7679464583333,211.19,202.6142857142857,202.03939704625319
2015-07-02,24.0,267.27718833333336,99.55559166666667,236.724061875,14.986271458333333,100.0,30.553126458333335,86.89134895833334,2.0080745833333333,238.65,35232.92,3357.76,0,0,0,0,1,238.65,2697,3886516.11,147.6342761366017,14.069809344227949,236.72406187500002,195.17,208.18,202.9323970462532
2015-07-03,24.0,267.1566183333333,99.54911458333333,236.477728125,15.064919166666666,100.0,30.678890208333332,88.698868125,2.0387970833333333,237.7,35008.01,3357.83,0,0,0,0,1,237.7,2698,3886753.81,147.27812368531764,14.126335717290702,236.47772812499997,238.65,214.20857142857145,203.84306371291984
2015-07-04,24.0,267.004523125,99.544034375,236.40501395833334,15.034985625,100.0,30.599509166666667,88.55387541666667,2.011541875,233.92,34378.92,3309.16,0,0,0,0,1,233.92,2699,3886987.73,146.968707250342,14.146545827633378,236.4050139583333,237.7,219.32571428571427,204.64106371291982
2015-07-05,24.0,266.963325,99.53994,236.41798,15.060821458333333,100.0,30.545345,88.41603229166667,1.9595847916666667,232.49,34232.01,3209.77,0,0,0,0,1,232.49,2700,3887220.22,147.24078454987313,13.806056174459115,236.41798,233.92,222.60714285714283,205.39306371291983
2015-07-06,24.0,266.95249083333334,99.53994,236.36482,15.066744375,100.0,30.587670833333334,88.81395916666666,1.9885264583333333,230.42,33895.51,3210.42,0,0,0,0,1,230.42,2701,3887450.64,147.1031594479646,13.932905129763043,236.36482,232.49,225.64857142857142,206.09306371291984
2015-07-07,24.0,266.91772104166665,99.53994,236.41372229166666,15.00900125,100.0,30.50399875,88.44673083333333,1.9265625,229.25,33579.42,3292.79,0,0,0,0,1,229.25,2702,3887679.89,146.4751145038168,14.363315158124319,236.41372229166666,230.42,228.22857142857143,208.183
2015-07-08,24.0,266.912515625,99.53994,236.39277854166667,14.946544166666667,100.0,30.519737083333332,88.47944270833334,1.9278083333333333,226.43,33360.62,3071.6,0,0,0,0,1,226.43,2703,3887906.3200000003,147.33303890827187,13.565340281764783,236.3927785416667,229.25,232.69428571428574,208.81199999999998
2015-07-09,24.0,266.90220208333335,99.53692645833334,236.40685208333332,14.854350625,100.0,30.49535,88.082944375,1.926974375,224.74,32997.35,2958.66,0,0,0,0,1,224.74,2704,3888131.0600000005,146.82455281658804,13.164812672421464,236.40685208333335,226.43,230.70714285714286,209.3383333333333
2015-07-10,24.0,266.8862080851064,99.53190042553192,236.40506212765956,15.02023744680851,97.91666666666667,30.48114595744681,88.16295021276596,1.9231010638297872,217.63,31908.45,2934.34,0,0,0,0,1,217.63,2705,3888348.6900000004,146.6178835638469,13.483159490879016,236.40506212765956,224.74,227.83999999999997,209.678
2015-07-11,24.0,266.86705520833334,99.52854425531915,236.4542692508865,14.963630416666666,97.91666666666667,30.412785957446808,87.68491063829788,1.866301489361702,214.0,31738.65,2895.52,0,0,0,0,1,214.0,2706,3888562.6900000004,148.31144859813085,13.530467289719626,236.45426925088654,217.63,224.99428571428572,209.96300000000002
2015-07-12,24.0,266.85495729166666,99.5285,236.425770625,15.008923333333334,100.0,30.429186666666666,88.126189375,1.8613883333333334,217.93,32053.21,2913.97,0,0,0,0,1,217.93,2707,3888780.6200000006,147.08030101408707,13.371128343963656,236.42577062499998,214.0,222.91428571428574,210.363
2015-07-13,24.0,266.8231983333333,99.5285,236.35676208333334,15.170339375,100.0,30.46643625,88.81690041666667,1.9194116666666667,230.04,33920.52,3030.43,0,0,0,0,1,230.04,2708,3889010.6600000006,147.4548774126239,13.173491566684055,236.3567620833333,217.93,222.85999999999999,211.25233333333335
2015-07-14,24.0,266.82668333333334,99.5285,236.36594416666668,15.145944583333334,100.0,30.460739166666666,88.84331916666666,1.8988902083333334,226.32,33375.55,2997.06,0,0,0,0,1,226.32,2709,3889236.9800000004,147.4706168257335,13.242576882290562,236.36594416666668,230.04,222.44142857142856,212.143
2015-07-15,24.0,266.830838125,99.5285,236.35219354166668,15.126970208333333,100.0,30.478644583333335,88.77823791666667,1.9162739583333332,223.37,32999.87,2939.28,0,0,0,0,1,223.37,2710,3889460.3500000006,147.73635671755383,13.158794824730268,236.35219354166668,226.32,222.00428571428571,212.91366666666667
2015-07-16,24.0,266.816419375,99.5285,236.34730458333334,15.180736875,100.0,30.469114791666666,88.85735395833333,1.9057997916666667,220.64,32595.51,2927.52,0,0,0,0,1,220.64,2711,3889680.9900000007,147.7316443074692,13.268310369833213,236.34730458333334,223.37,221.4185714285714,213.65866666666668
2015-07-17,24.0,266.7923714583333,99.5279375,236.41193375,14.989227083333333,100.0,30.380437708333332,87.27136791666666,1.8483041666666666,218.99,32368.03,2925.9,0,0,0,0,1,218.99,2712,3889899.980000001,147.80597287547374,13.360884058632815,236.41193375,220.64,221.61285714285714,214.382
2015-07-18,24.0,266.79827708333335,99.52089583333333,236.40721666666667,14.92438,100.0,30.391060416666665,86.713095625,1.8223510416666666,218.66,32686.87,3122.75,0,0,0,0,1,218.66,2713,3890118.640000001,149.48719473154668,14.281304308058173,236.40721666666667,218.99,222.27857142857144,215.099
2015-07-19,24.0,266.83122625,99.51934,236.41019291666666,15.061304166666666,100.0,30.421033333333334,88.25324354166666,1.8628925,215.45,32332.28,3157.19,0,0,0,0,1,215.45,2714,3890334.0900000012,150.06860060338826,14.653933627291716,236.41019291666666,218.66,221.92428571428573,215.81066666666666
2015-07-20,24.0,266.865219375,99.51934,236.46408770833332,15.10792375,100.0,30.401131666666668,88.27971520833333,1.8384852083333334,213.78,31982.69,3133.24,0,0,0,0,1,213.78,2715,3890547.870000001,149.60562260267565,14.656375713350172,236.46408770833332,215.45,219.60142857142858,216.28466666666665
2015-07-21,24.0,266.8832120833333,99.51934,236.491121875,14.984225625,100.0,30.392090208333332,86.92779875,1.8382610416666667,215.67,32366.68,3152.34,0,0,0,0,1,215.67,2716,3890763.540000001,150.0750220243891,14.61649742662401,236.49112187499998,213.78,218.07999999999998,216.87800000000001
2015-07-22,24.0,266.91316166666667,99.51934,236.45969416666668,15.211025,100.0,30.4534675,88.83850541666666,1.8921441666666667,217.6,33091.83,3155.3,0,0,0,0,1,217.6,2717,3890981.140000001,152.07642463235294,14.50045955882353,236.45969416666668,215.67,217.25571428571428,217.39600000000002
2015-07-23,24.0,266.91687083333335,99.51453916666667,236.49408208333332,15.126413541666667,100.0,30.42278875,87.98270958333333,1.865623125,217.68,32893.24,3150.12,0,0,0,0,1,217.68,2718,3891198.820000001,151.1082322675487,14.471334068357221,236.49408208333335,217.6,216.83285714285716,217.99766666666667
2015-07-24,24.0,266.90251375,99.50794041666667,236.466790625,15.131445833333334,100.0,30.435723125,88.242695625,1.8764566666666667,215.49,32454.35,3165.9,0,0,0,0,1,215.49,2719,3891414.3100000015,150.60722075270314,14.691633022414033,236.46679062500002,217.68,216.33285714285716,218.505
2015-07-25,24.0,266.905861875,99.5079,236.45597791666665,15.183593333333333,100.0,30.449883958333334,88.749129375,1.8866133333333333,213.27,32133.08,3151.35,0,0,0,0,1,213.27,2720,3891627.5800000015,150.6685422234726,14.776339850893233,236.45597791666668,215.49,215.56285714285715,218.95766666666668
2015-07-26,24.0,266.903401875,99.50583770833333,236.47106729166666,15.143995625,100.0,30.432334583333333,88.640755625,1.8649154166666666,210.61,31633.5,3141.38,0,0,0,0,1,210.61,2721,3891838.1900000013,150.1994207302597,14.915626038649636,236.47106729166666,213.27,214.87142857142857,219.46133333333333
2015-07-27,24.0,266.88617416666665,99.49908083333334,236.45149541666666,15.212877708333334,100.0,30.43467875,88.76270166666667,1.8701754166666666,208.91,31383.36,3143.59,0,0,0,0,1,208.91,2722,3892047.1000000015,150.22430711789767,15.047580297735868,236.45149541666666,210.61,214.1757142857143,219.82166666666666
2015-07-28,24.0,266.88636291666666,99.49874,236.45535145833333,15.171643333333334,100.0,30.431011458333334,88.75837375,1.857710625,205.32,31034.47,3109.92,0,0,0,0,1,205.32,2723,3892252.4200000013,151.15171439703877,15.146697837521918,236.45535145833333,208.91,212.69714285714284,219.6816666666667
2015-07-29,21.04194,268.36994315599225,99.47864868135733,237.12347948845022,14.800828166442829,81.42266875,31.246463667542063,87.19570535169285,2.643191791127624,143.98,21709.0,2432.79,0,0,0,0,1,164.22059943142122,2724,3892396.4000000013,150.77788581747467,16.896721766912073,237.1234794884502,205.32,205.07151420448875,218.18468664771405
2015-07-30,24.0,267.073285625,99.492834375,236.64138604166666,15.196200416666667,100.0,30.431899583333333,88.15735291666667,1.8825389583333334,205.34,30788.78,3134.32,0,0,0,0,1,205.34,2725,3892601.740000001,149.9404889451641,15.264049868510764,236.64138604166664,164.22059943142122,203.30865706163158,217.98968664771402
2015-07-31,24.0,267.1367408333333,99.48517395833333,236.720418125,15.299831458333333,100.0,30.416322708333333,88.27361979166666,1.8814333333333333,201.29,30133.96,3134.26,0,0,0,0,1,201.29,2726,3892803.030000001,149.70420785930747,15.570867902031896,236.72041812499998,205.34,201.28008563306017,218.19368664771403
2015-08-01,24.0,267.123683125,99.48970583333333,236.75214854166666,15.239762083333334,100.0,30.371534583333332,87.64435291666666,1.8402558333333334,200.38,29941.25,3129.41,0,0,0,0,1,200.38,2727,3893003.410000001,149.42234753967463,15.61737698373091,236.75214854166668,201.29,199.4386570616316,216.9180199810474
2015-08-02,24.0,267.114909375,99.48664895833333,236.68962208333335,15.336331666666666,100.0,30.425287291666667,88.20219854166666,1.8785860416666667,200.32,29808.92,3134.87,0,0,0,0,1,200.32,2728,3893203.730000001,148.80650958466452,15.649311102236421,236.68962208333335,200.38,197.9686570616316,215.67201998104738
2015-08-03,24.0,267.1013654166667,99.47774166666666,236.80493729166668,15.179784375,100.0,30.296428125,85.92056354166667,1.786465625,198.27,29771.94,3131.77,0,0,0,0,1,198.27,2729,3893402.000000001,150.15857164472686,15.795480909870378,236.80493729166668,200.32,196.4486570616316,214.48368664771405
2015-08-04,24.0,267.06727083333334,99.47105854166666,236.772504375,15.202738125,100.0,30.294766458333335,87.11583354166666,1.8117639583333334,199.08,29974.88,3133.92,0,0,0,0,1,199.08,2730,3893601.080000001,150.5670082378943,15.742013261000602,236.772504375,198.27,195.55722849020302,213.3700199810474
2015-08-05,24.0,267.117454375,99.46765895833333,236.77173979166668,15.2114575,100.0,30.345714583333333,87.78913979166667,1.7993660416666666,199.66,29381.58,3123.12,0,0,0,0,1,199.66,2731,3893800.740000001,147.1580687168186,15.642191725934088,236.77173979166668,199.08,200.61999999999998,212.34468664771404
2015-08-06,24.0,267.0390810416667,99.46820020833333,236.7024175,15.218127083333334,100.0,30.336663541666667,87.651513125,1.8218039583333334,196.53,29227.28,3137.67,0,0,0,0,1,196.53,2732,3893997.270000001,148.7166335928357,15.965348801709663,236.70241750000002,199.66,199.36142857142858,211.25401998104738
2015-08-07,24.0,267.00863,99.460616875,236.58830854166666,15.390170416666667,100.0,30.420321458333333,88.74040229166667,1.8728572916666666,194.38,29681.47,3136.96,0,0,0,0,1,194.38,2733,3894191.650000001,152.6981685358576,16.13828583187571,236.58830854166666,196.53,198.37428571428572,210.18568664771405
2015-08-08,24.0,266.98110291666666,99.45983,236.60870125,15.315091875,100.0,30.372401666666665,88.29284833333334,1.8479864583333334,190.88,29603.16,3140.54,0,0,0,0,1,190.88,2734,3894382.5300000007,155.08780385582565,16.452954735959764,236.60870125,194.38,197.01714285714283,209.05701998104738
2015-08-09,24.0,266.9464070833333,99.45729895833334,236.634446875,15.189857916666666,100.0,30.311960208333332,87.583370625,1.810861875,192.44,29487.55,3135.61,0,0,0,0,1,192.44,2735,3894574.9700000007,153.22983787154436,16.293961754313035,236.63444687499998,190.88,195.89142857142858,208.2173533143807
2015-08-10,24.0,266.92070333333334,99.45133708333333,236.628904375,15.227316458333334,100.0,30.291798958333334,87.67567291666667,1.7863379166666666,191.28,29325.52,3135.28,0,0,0,0,1,191.28,2736,3894766.2500000005,153.31200334588038,16.391049769970724,236.628904375,192.44,194.89285714285714,207.4600199810474
2015-08-11,24.0,266.87151479166664,99.44839,236.54395625,15.225295,100.0,30.327558541666665,87.758184375,1.803500625,188.45,29222.06,2981.01,0,0,0,0,1,188.45,2737,3894954.7000000007,155.06532236667553,15.818572565667289,236.54395624999998,191.28,193.37428571428572,206.4773533143807
2015-08-12,24.0,266.872035,99.44839,236.51920791666666,15.315061041666667,100.0,30.352827083333334,88.47680375,1.8300041666666667,190.09,29089.95,3099.93,0,0,0,0,1,190.09,2738,3895144.7900000005,153.03251091588194,16.30769635435846,236.51920791666666,188.45,192.00714285714284,205.14568664771406
2015-08-13,24.0,266.89023729166666,99.44839,236.57174,15.29559125,100.0,30.318497291666667,88.38544333333333,1.8029360416666667,188.64,29071.2,3091.4,0,0,0,0,1,188.64,2739,3895333.4300000006,154.10941475826974,16.38782866836302,236.57174,190.09,190.88000000000002,203.88968664771403
2015-08-14,24.0,266.86032,99.44839,236.590968125,15.17314625,100.0,30.269351875,86.73649729166667,1.7565164583333333,189.0,29056.74,3091.56,0,0,0,0,1,189.0,2740,3895522.4300000006,153.7393650793651,16.357460317460315,236.590968125,188.64,190.11142857142858,202.7440199810474
2015-08-15,24.0,266.87424020833333,99.44839,236.58640416666665,15.172003333333333,100.0,30.287836041666665,86.757455,1.7623854166666666,188.94,28736.85,3095.8,0,0,0,0,1,188.94,2741,3895711.3700000006,152.09510955859002,16.385095797607708,236.58640416666668,189.0,189.83428571428573,201.68735331438072
2015-08-16,24.0,266.899099375,99.44839,236.51049166666667,15.386755833333334,100.0,30.388607708333332,88.692371875,1.852571875,188.47,28325.83,3036.11,0,0,0,0,1,188.47,2742,3895899.840000001,150.2935745742028,16.109248156205233,236.51049166666667,188.94,189.26714285714283,200.67001998104737
2015-08-17,24.0,266.87999479166666,99.448358125,236.50534708333333,15.30299875,100.0,30.374647708333335,88.4651225,1.8521283333333334,186.14,28198.92,3032.23,0,0,0,0,1,186.14,2743,3896085.980000001,151.49306973245945,16.29005049962394,236.50534708333333,188.47,188.53285714285715,199.58601998104737
2015-08-18,24.0,266.82132666666666,99.44839,236.54864895833333,15.137623333333334,100.0,30.272677708333333,87.61097083333334,1.7737464583333333,187.29,28190.44,2926.29,0,0,0,0,1,187.29,2744,3896273.270000001,150.51759303753536,15.624379304821401,236.54864895833333,186.14,188.36714285714285,198.64735331438072
2015-08-19,24.0,266.81481808510637,99.44839,236.57052765957448,15.138042340425532,97.91666666666667,30.244290425531915,85.94213083333334,1.7427765957446808,184.81,27827.56,3181.17,0,0,0,0,1,184.81,2745,3896458.080000001,150.57388669444293,17.213191926843784,236.57052765957445,187.29,187.61285714285714,197.68168664771403
2015-08-20,24.0,266.8092560416667,99.44839,236.55538958333332,15.189552916666667,100.0,30.253866458333334,87.333825,1.7507679166666668,188.93,28367.4,3148.36,0,0,0,0,1,188.93,2746,3896647.010000001,150.14767374159743,16.66416132959297,236.55538958333335,184.81,187.6542857142857,196.7903533143807
2015-08-21,24.0,266.808834893617,99.44839,236.55783510638298,15.18669,100.0,30.250999787234043,87.02278,1.760837234042553,187.31,28213.84,3070.07,0,0,0,0,1,187.31,2747,3896834.320000001,150.62644813410924,16.390315519726656,236.55783510638298,188.93,187.41285714285712,195.78068664771405
2015-08-22,24.0,266.80777510638296,99.45336361702128,236.57420510638298,15.24892744680851,100.0,30.23357,87.118174375,1.7324734042553191,187.04,27947.99,3030.9,0,0,0,0,1,187.04,2748,3897021.3600000013,149.42252994011977,16.20455517536356,236.57420510638298,187.31,187.14142857142855,194.75935331438072
2015-08-23,24.0,266.5759620833333,99.44535395833333,236.360585,15.167845416666667,100.0,30.215377083333333,87.06510541666667,1.7350552083333333,182.72,27160.26,3091.95,0,0,0,0,1,182.72,2749,3897204.0800000015,148.64415499124343,16.921792907180386,236.360585,187.04,186.32,193.6670199810474
2015-08-24,24.0,266.3566025,99.42919125,236.16753229166667,15.103175625,100.0,30.189070208333334,87.968229375,1.6918539583333334,182.3,27276.64,3061.3,0,0,0,0,1,182.3,2750,3897386.3800000013,149.6250137136588,16.792649478880964,236.16753229166667,182.72,185.77142857142857,192.634686647714
2015-08-25,24.0,266.45233541666664,99.43725416666666,236.21318125,15.226616666666667,100.0,30.239154166666665,87.833915,1.728560625,181.85,27121.24,3045.59,0,0,0,0,1,181.85,2751,3897568.2300000014,149.14072037393458,16.74781413252681,236.21318125,182.3,184.99428571428572,191.67601998104738
2015-08-26,15.15014,267.0397006467003,99.43772480349357,236.83400152888356,1.946032246870326,61.81982229166667,30.20569911781673,87.08705176344245,1.9470952527831427,83.33,12685.21,1565.89,0,0,0,0,1,132.00670092817623,2752,3897651.5600000015,152.22860914436578,18.79143165726629,236.83400152888356,181.85,177.45095727545373,189.11257667865326
2015-08-27,0.0,294.84653,98.62699,294.5199,0.0,1.2914870833333334,0.32663,18.23578,0.29469,0.0,0.0,0.0,1,0,0,0,1,0.0,2753,3897651.5600000015,,,294.51989999999995,132.00670092817623,150.46095727545375,182.26857667865323
2015-08-28,0.0,294.12381,98.41462,293.88997,0.0,1.284878125,0.23384,14.46952,0.23384,0.0,0.0,0.0,1,0,0,0,1,0.0,2754,3897651.5600000015,,,293.88997,0.0,123.70238584688232,176.79455669760588
2015-08-29,0.0,218.19121,73.26877,218.02491,0.0,1.2714027083333332,0.1663,14.83413,0.1663,0.0,0.0,0.0,1,0,0,0,1,0.0,2755,3897651.5600000015,,,218.02491,0.0,96.98238584688231,169.9498900309392
2015-08-30,0.0,0.0,0.0,0.14797,0.0,1.2486822916666667,0.14797,14.91691,0.0462,0.0,0.0,0.0,1,0,0,0,1,0.0,2756,3897651.5600000015,,,-0.14797,0.0,70.87952870402518,163.24022336427254
2015-08-31,14.24167,273.7245946055905,99.32777954015225,239.2693808950074,1.076560894895051,25.529494375,34.4552137105831,76.74031523249029,4.6889642454922775,27.78,4808.85,707.93,0,0,0,0,1,46.8147345079615,2757,3897679.3400000012,173.10475161987043,25.48344132469402,239.26938089500737,0.0,51.5244907765911,158.12138118120458
2015-09-01,24.0,267.21037625,99.50432270833333,236.741903125,10.125619166666667,90.28783979166667,30.468473125,87.55927729166666,1.6647520833333334,157.03,25270.51,2900.8,0,0,0,0,1,157.03,2758,3897836.370000001,160.92791186397503,18.472903266891677,236.74190312500002,46.8147345079615,47.978776490876825,156.6783811812046
2015-09-02,24.0,266.858598125,99.40050041666667,236.40457375,12.52397875,100.0,30.454024375,87.48798208333334,1.4560077083333334,167.01,25630.82,3004.8,0,0,0,0,1,167.01,2759,3898003.380000001,153.46877432489075,17.99173702173523,236.40457375000003,157.03,52.979247786851644,155.6363811812046
2015-09-03,24.0,269.27487625,99.41461833333334,236.81214333333332,12.705638333333333,93.20938,32.46273291666667,87.45923270833333,2.4327322916666665,149.36,23607.11,2802.46,0,0,0,0,1,149.36,2760,3898152.7400000007,158.0551017675415,18.76312265666845,236.81214333333332,167.01,74.31639064399451,153.97904784787124
2015-09-04,24.0,271.565746875,99.36904583333333,237.63800145833332,12.375568333333334,78.19403979166667,33.92774541666667,85.08978104166667,4.494560833333333,116.5,18074.91,2356.83,0,0,0,0,1,116.5,2761,3898269.2400000007,155.14944206008585,20.23030042918455,237.63800145833335,149.36,90.95924778685165,151.20704784787125
2015-09-05,24.0,266.970904375,99.41417208333333,236.69001875,12.743976875,98.93661833333333,30.280885625,87.33009479166667,1.501575625,194.21,29378.51,2983.41,0,0,0,0,1,194.21,2762,3898463.4500000007,151.27187065547602,15.361773338139127,236.69001874999998,116.5,118.70353350113736,151.12971451453794
2015-09-06,24.0,267.039988125,99.39342625,236.75064333333333,12.776824583333333,100.0,30.289344791666668,87.76157916666666,1.5253710416666666,189.75,28482.94,2748.15,0,0,0,0,1,189.75,2763,3898653.2000000007,150.10772068511199,14.48300395256917,236.7506433333333,194.21,145.8106763582802,150.9753811812046
2015-09-07,24.0,267.0239579166667,99.38928020833333,236.723510625,12.821702916666666,100.0,30.300447291666668,87.99236958333333,1.5420689583333334,188.42,28214.41,2876.86,0,0,0,0,1,188.42,2764,3898841.6200000006,149.74211867105404,15.268336694618407,236.72351062500002,189.75,166.04,150.89338118120457
2015-09-08,24.0,266.98390229166665,99.373939375,236.65587333333335,12.866394375,100.0,30.328028958333334,88.17268354166667,1.5658997916666666,186.89,28018.82,2924.27,0,0,0,0,1,186.89,2765,3899028.5100000007,149.92145112098027,15.64701161110814,236.65587333333332,188.42,170.3057142857143,150.7083811812046
2015-09-09,24.0,266.945300625,99.360090625,236.61387875,12.928592291666666,100.0,30.331421875,88.28507270833333,1.57254625,187.0,27949.58,2931.08,0,0,0,0,1,187.0,2766,3899215.5100000007,149.46299465240642,15.674224598930481,236.61387875000003,186.89,173.1614285714286,150.56571451453792
2015-09-10,24.0,266.83388791666664,99.360545,236.54993416666667,12.884217083333333,100.0,30.28395375,87.58674020833334,1.534341875,186.39,27862.36,2995.11,0,0,0,0,1,186.39,2767,3899401.900000001,149.4841997961264,16.06904876871077,236.54993416666665,187.0,178.45142857142855,150.49704784787124
2015-09-11,24.0,266.70006020833335,99.36782020833333,236.46668833333334,12.786956666666667,100.0,30.233371875,86.02760854166667,1.482966875,187.0,28136.21,2994.49,0,0,0,0,1,187.0,2768,3899588.900000001,150.46101604278076,16.01331550802139,236.46668833333337,186.39,188.52285714285713,150.39404784787124
2015-09-12,24.0,266.5425735416667,99.379285625,236.32814604166666,12.75343125,100.0,30.2144275,85.19295625,1.470469375,189.52,28104.7,2966.98,0,0,0,0,1,189.52,2769,3899778.420000001,148.2941114394259,15.65523427606585,236.32814604166668,187.0,187.85285714285712,150.4233811812046
2015-09-13,24.0,266.43079416666666,99.38877541666666,236.17470916666667,12.833512083333334,100.0,30.256085,87.00392666666667,1.4881947916666667,187.91,27812.03,2970.3,0,0,0,0,1,187.91,2770,3899966.330000001,148.00718429035177,15.807035282848172,236.17470916666667,189.52,187.58999999999997,150.38704784787126
2015-09-14,24.0,266.321811875,99.397585,236.042790625,12.843855416666667,100.0,30.27902125,87.25018395833334,1.5011825,182.96,27446.47,2957.7,0,0,0,0,1,182.96,2771,3900149.290000001,150.01350021862703,16.165828596414514,236.04279062499998,187.91,186.81,150.18771451453793
2015-09-15,24.0,266.24850979166666,99.407336875,235.98020083333333,12.876245416666666,100.0,30.268308958333332,87.51583520833333,1.4765302083333334,189.43,28069.49,2944.75,0,0,0,0,1,189.43,2772,3900338.720000001,148.17869397666684,15.545320171039434,235.98020083333333,182.96,187.17285714285714,150.21971451453794
2015-09-16,24.0,266.2000210416667,99.40948,235.9418025,12.923786041666666,100.0,30.25821854166667,87.79554145833333,1.4757339583333333,191.27,28213.52,2932.14,0,0,0,0,1,191.27,2773,3900529.990000001,147.50624771265748,15.329847859047419,235.9418025,189.43,187.78285714285715,150.39071451453793
2015-09-17,24.0,266.18232625,99.40948,235.84375770833333,12.936603541666667,100.0,30.338568541666667,88.23965166666666,1.536175625,189.42,28135.58,2954.5,0,0,0,0,1,189.42,2774,3900719.410000001,148.53542392566786,15.597613768345477,235.84375770833336,191.27,188.21571428571428,150.46171451453793
2015-09-18,24.0,266.16644145833334,99.40976583333334,235.83412333333334,12.93139125,100.0,30.332318125,88.166599375,1.5367864583333333,197.04,28827.01,2753.0,0,0,0,0,1,197.04,2775,3900916.450000001,146.30029435647583,13.971782379212343,235.83412333333334,189.42,189.65000000000003,150.86938118120457
2015-09-19,24.0,266.22609604166666,99.40860125,235.820124375,12.946730416666666,100.0,30.405971666666666,88.23653083333333,1.5528708333333334,191.34,27919.98,2700.5,0,0,0,0,1,191.34,2776,3901107.790000001,145.9181561618062,14.113619734504024,235.820124375,197.04,189.91000000000003,150.94971451453793
2015-09-20,24.0,266.3020745833333,99.40857375,235.83801833333334,12.988037708333334,100.0,30.46405625,88.34292270833333,1.5476891666666666,183.18,27523.64,2557.29,0,0,0,0,1,183.18,2777,3901290.970000001,150.2546129490119,13.96053062561415,235.8380183333333,191.34,189.23428571428573,150.81204784787127
2015-09-21,24.0,266.17388166666666,99.409294375,235.9148875,12.920537916666667,100.0,30.258994166666668,87.92055229166667,1.4592175,193.91,29224.31,2650.47,0,0,0,0,1,193.91,2778,3901484.8800000013,150.71069052653294,13.668557578257953,235.9148875,183.18,190.79857142857142,151.04104784787125
2015-09-22,23.07486,257.2839594985755,94.19206268035862,221.87067263455987,12.379898017192737,58.89590583333333,35.413286864015646,84.94864955610998,5.751557006777072,99.34,15525.09,1370.18,0,0,0,0,1,103.32283706163331,2779,3901584.220000001,156.2823635997584,13.792832695792228,221.87067263455984,193.91,178.4975481516619,148.3944757499257
2015-09-23,24.0,266.434865,99.40164729166666,235.63681479166667,12.934064166666667,97.54720895833333,30.798050208333333,88.13307875,1.5660254166666667,190.37,28705.6,2789.04,0,0,0,0,1,190.37,2780,3901774.5900000012,150.7884645689972,14.650627724956664,235.63681479166667,103.32283706163331,178.36897672309047,148.6634757499257
2015-09-24,24.0,266.56416729166665,99.39121854166666,235.82221770833334,12.837914583333333,100.0,30.741949583333334,87.18614645833334,1.480190625,194.61,29333.48,2901.84,0,0,0,0,1,194.61,2781,3901969.200000001,150.7295616874775,14.911052874980731,235.8222177083333,190.37,179.11040529451907,149.08880908325904
2015-09-25,24.0,266.6608591666667,99.40520666666667,235.86330104166666,12.868355208333334,100.0,30.797558125,87.45983270833334,1.5078454166666666,169.33,25840.68,3001.96,0,0,0,0,1,169.33,2782,3902138.530000001,152.60544498907458,17.72845922163822,235.8633010416667,194.61,175.1518338659476,150.33291905231982
2015-09-26,24.0,266.71738875,99.41616625,235.88946791666666,12.972604791666667,100.0,30.827920833333334,88.229595625,1.519006875,169.8,25650.44,2991.38,0,0,0,0,1,169.8,2783,3902308.330000001,151.06266195524145,17.6170789163722,235.88946791666666,169.33,172.07469100880476,155.99291905231982
2015-09-27,24.0,266.7533183333333,99.41764270833333,235.94917083333334,13.011625416666666,100.0,30.8041475,88.36769479166666,1.5462895833333334,167.65,25650.07,2987.55,0,0,0,0,1,167.65,2784,3902475.980000001,152.9977333730987,17.820161049806146,235.9491708333333,169.8,169.85611958023335,161.58125238565313
2015-09-28,24.0,266.7440472916667,99.41863,236.01170020833334,12.918201875,100.0,30.732347083333334,87.81551208333333,1.493159375,167.02,25399.56,2972.61,0,0,0,0,1,167.02,2785,3902643.000000001,152.0749610825051,17.797928391809364,236.01170020833334,167.65,166.01469100880476,167.14858571898648
2015-09-29,24.0,266.7433355319149,99.422956875,236.0577070212766,12.860322765957447,97.91666666666667,30.6856285106383,87.02598276595745,1.4668927659574469,165.39,25209.29,2819.84,0,0,0,0,1,165.39,2786,3902808.390000001,152.42330249712802,17.04964024427112,236.0577070212766,167.02,174.8814285714286,172.6615857189865
2015-09-30,24.0,266.73586361702127,99.42779,235.99440638297872,12.943594042553192,97.91666666666667,30.741457234042553,87.83086957446808,1.5329963829787234,171.36,26017.74,2771.02,0,0,0,0,1,171.36,2787,3902979.750000001,151.83088235294116,16.170751633986928,235.99440638297872,165.39,172.1657142857143,176.8130945687211
2015-10-01,24.0,265.370985625,99.44781458333334,235.79325791666668,12.99831875,100.0,29.577727708333335,88.060185625,1.6126766666666668,175.34,26670.99,2884.15,0,0,0,0,1,175.34,2788,3903155.090000001,152.11012889243756,16.448899281396145,235.79325791666668,171.36,169.41285714285715,177.42342790205444
2015-10-02,24.0,263.06908625,99.47847708333333,235.544163125,13.101830625,100.0,27.524923125,88.346364375,1.74757875,191.42,29069.88,3111.74,0,0,0,0,1,191.42,2789,3903346.5100000007,151.86438198725318,16.256086093407166,235.544163125,175.34,172.56857142857143,178.23709456872112
2015-10-03,24.0,263.14536875,99.488155,235.614198125,13.15069625,100.0,27.531170625,88.49821625,1.7500039583333333,189.77,28901.37,3203.79,0,0,0,0,1,189.77,2790,3903536.2800000007,152.29683300837854,16.882489329187962,235.61419812499997,191.42,175.42142857142858,179.5840945687211
2015-10-04,24.0,263.12915787234044,99.48959,235.60166021276595,13.210663829787235,97.91666666666667,27.52749765957447,88.7213659574468,1.7391931914893617,187.11,28320.49,3136.55,0,0,0,0,1,187.11,2791,3903723.3900000006,151.35743680188125,16.76313398535621,235.60166021276598,189.77,178.20142857142858,181.9377612353878
2015-10-05,24.0,263.12137021276595,99.48961723404256,235.6919525531915,13.064862978723404,100.0,27.42941765957447,86.50412957446808,1.669528085106383,187.63,28600.25,3186.81,0,0,0,0,1,187.63,2792,3903911.0200000005,152.42898257208336,16.984544049459043,235.69195255319147,187.11,181.1457142857143,181.71842790205443
2015-10-06,24.0,263.1234641666667,99.49230875,235.73656604166666,12.912912291666666,100.0,27.386898125,84.41955416666667,1.6260660416666666,186.65,28510.12,3181.96,0,0,0,0,1,186.65,2793,3904097.6700000004,152.74642378783818,17.047736405036165,235.7365660416667,187.63,184.18285714285713,181.6150945687211
2015-10-07,24.0,263.13516145833336,99.49856020833333,235.74716625,12.856094375,100.0,27.387995208333333,84.47399,1.6290745833333333,187.21,28401.45,3162.96,0,0,0,0,1,187.21,2794,3904284.8800000004,151.70904332033544,16.89525132204476,235.74716625000002,186.65,186.44714285714286,181.5747612353878
2015-10-08,24.0,263.190636875,99.49876291666666,235.7159425,12.975780208333333,100.0,27.474694375,86.24350729166666,1.6685983333333334,184.47,28204.41,3158.0,0,0,0,0,1,184.47,2795,3904469.3500000006,152.89429175475686,17.1193147937334,235.71594249999998,187.21,187.75142857142856,181.49409456872112
2015-10-09,24.0,263.338715625,99.50152645833333,235.67925208333332,13.231601041666666,100.0,27.659463541666668,88.61966875,1.7467408333333334,192.53,29098.55,3108.05,0,0,0,0,1,192.53,2796,3904661.8800000004,151.1377447670493,16.14319846257726,235.67925208333335,184.47,187.91000000000003,181.67842790205444
2015-10-10,24.0,263.29189541666665,99.50688958333333,235.74150270833334,13.181919791666667,100.0,27.550392708333334,88.32136625,1.698095625,191.96,29066.59,3128.61,0,0,0,0,1,191.96,2797,3904853.8400000003,151.42003542404666,16.29823921650344,235.74150270833331,192.53,188.22285714285718,181.86409456872113
2015-10-11,24.0,263.34885333333335,99.50752958333334,235.829625625,13.077119375,100.0,27.519227708333332,87.00403520833333,1.668735625,192.56,29140.96,3124.55,0,0,0,0,1,192.56,2798,3905046.4000000004,151.33444121312837,16.226371001246367,235.829625625,191.96,189.00142857142856,182.04942790205445
2015-10-12,24.0,263.41056895833333,99.508201875,235.85499083333335,13.098095833333334,100.0,27.555578125,87.432364375,1.6809079166666667,190.38,29018.31,3129.87,0,0,0,0,1,190.38,2799,3905236.7800000003,152.42310116608888,16.440119760479043,235.85499083333332,192.56,189.3942857142857,182.0780945687211
2015-10-13,23.16667,265.9188483830866,99.48208345076785,236.56664946312526,13.053929972408637,79.4500775,29.352198919961307,87.39374855245488,3.02691078864593,151.5,23326.06,2759.36,0,0,0,0,1,156.949617705091,2800,3905388.2800000003,153.96739273927395,18.213597359735974,236.5666494631253,190.38,185.15137395787013,181.04608182555748
2015-10-14,24.0,264.15041479166666,99.48839875,235.820823125,13.189476458333333,99.817111875,28.329591666666666,88.29047166666666,1.64116625,186.2,27997.95,3167.01,0,0,0,0,1,186.2,2801,3905574.4800000004,150.36493018259938,17.008646616541355,235.820823125,156.949617705091,185.0070882435844,181.15408182555748
2015-10-15,24.0,265.5621477083333,99.46669083333333,236.03510083333333,13.110650208333333,100.0,29.527046875,87.888210625,1.5356220833333334,185.5,28358.14,3120.42,0,0,0,0,1,185.5,2802,3905759.9800000004,152.87407008086254,16.82167115902965,236.03510083333333,186.2,185.15423110072726,181.02308182555745
2015-10-16,24.0,263.56649791666666,99.49841270833333,235.71866520833333,13.265008958333333,100.0,27.847832708333332,88.71150020833333,1.7164295833333334,190.93,28813.99,3282.1,0,0,0,0,1,190.93,2803,3905950.9100000006,150.91389514481747,17.19006965903734,235.71866520833333,185.5,184.92565967215586,181.01174849222417
2015-10-17,24.0,263.49626875,99.49339583333334,235.688615625,13.242824166666667,100.0,27.807653125,88.66650604166666,1.7018725,188.91,28359.69,3205.76,0,0,0,0,1,188.91,2804,3906139.8200000008,150.12275686835,16.969773966439046,235.688615625,190.93,184.48994538644158,180.99474849222415
2015-10-18,24.0,263.2601064583333,99.48809145833333,235.60226270833334,13.236508958333333,100.0,27.65784375,88.652095,1.6850964583333334,189.64,28222.39,3185.18,0,0,0,0,1,189.64,2805,3906329.460000001,148.8208711242354,16.795929128875766,235.6022627083333,188.91,184.0728025292987,180.74808182555748
2015-10-19,24.0,263.483248125,99.47817875,235.643315625,13.224746041666666,100.0,27.8399325,88.55672125,1.6431227083333333,183.8,27593.22,3136.26,0,0,0,0,1,183.8,2806,3906513.2600000007,150.12633297062024,17.06343852013058,235.64331562499999,189.64,183.13280252929871,180.49674849222413
2015-10-20,24.0,263.5558233333333,99.47441041666667,235.68204333333333,13.158935,100.0,27.87378,88.16795875,1.60140375,184.12,27609.32,3041.93,0,0,0,0,1,184.12,2807,3906697.380000001,149.95285683250054,16.52145339995655,235.6820433333333,183.8,187.01428571428573,180.52808182555745
2015-10-21,24.0,263.4229535416667,99.47311791666667,235.736964375,13.039007916666666,100.0,27.685989166666666,86.86143770833333,1.526610625,182.83,27417.31,3104.92,0,0,0,0,1,182.83,2808,3906880.210000001,149.96067385002462,16.982552097576985,235.736964375,184.12,186.53285714285715,180.15874849222413
2015-10-22,24.0,263.4344052083333,99.46914625,235.76906145833334,12.994312291666667,100.0,27.66534375,86.551155,1.5342733333333334,182.73,27338.28,2952.42,0,0,0,0,1,182.73,2809,3907062.940000001,149.61024462321458,16.15728123460844,235.7690614583333,182.83,186.13714285714286,182.80565392350303
2015-10-23,24.0,263.4261535416667,99.4648975,235.82205520833332,13.056760416666666,100.0,27.604098333333333,87.305319375,1.5549089583333333,180.53,27168.12,3035.7,0,0,0,0,1,180.53,2810,3907243.4700000007,150.49088794106243,16.815487730571096,235.82205520833335,182.73,184.65142857142857,182.47765392350303
2015-10-24,24.0,263.7003397916667,99.45917541666667,235.88395,12.968633333333333,100.0,27.816389791666666,87.20041375,1.50491125,178.36,27020.67,3255.37,0,0,0,0,1,178.36,2811,3907421.8300000005,151.49512222471404,18.25168199147791,235.88395000000003,180.53,183.14428571428576,181.9359872568364
2015-10-25,24.0,263.615693,99.4567194,235.8299322,13.0066542,100.0,27.7857608,87.1215216,1.5594208,188.52,28177.72,3271.54,0,0,0,0,1,188.52,2812,3907610.3500000006,149.468067048589,17.353808614470612,235.82993220000003,178.36,182.98428571428573,182.57565392350304
2015-10-26,24.0,263.38089083333335,99.457590625,235.86612041666666,13.001190416666667,100.0,27.514770416666668,87.09069291666667,1.5335704166666666,164.94,27046.03,3243.67,0,0,0,0,1,164.94,2813,3907775.2900000005,163.9749605917303,19.66575724505881,235.8661204166667,188.52,180.29000000000002,182.413653923503
2015-10-27,24.0,263.53508708333334,99.45945395833333,235.90212375,13.047770625,100.0,27.632963333333333,86.50222104166667,1.5373197916666668,164.86,26963.76,3278.68,0,0,0,0,1,164.86,2814,3907940.1500000004,163.55550163775322,19.887662258886326,235.90212375000002,164.94,177.53857142857143,182.32065392350304
2015-10-28,24.0,263.773425625,99.45906333333333,235.94670895833335,12.935670833333333,100.0,27.826716666666666,84.740995625,1.4899154166666666,179.02,28765.2,3452.06,0,0,0,0,1,179.02,2815,3908119.1700000004,160.68148810188805,19.283096860685955,235.94670895833335,164.86,176.99428571428572,182.72065392350302
2015-10-29,22.75,270.88702829858903,99.41195676138462,238.08418930083957,12.313917787586814,68.45869,32.80283899774945,80.09318783631208,6.275700169221978,151.69,23371.72,3023.88,0,0,0,0,1,160.0246153846154,2816,3908270.8600000003,154.0755488166656,19.934603467598393,238.08418930083957,179.02,173.75065934065933,182.54180776965686
2015-10-30,24.0,268.6170979166667,99.41832395833333,237.21877541666666,12.529264791666666,76.15220125,31.3983225,82.80833041666666,3.538471875,156.28,24487.88,3026.46,0,0,0,0,1,156.28,2817,3908427.14,156.69234706936268,19.36562579984643,237.2187754166667,160.0246153846154,170.28637362637366,182.03914110299021
2015-10-31,24.0,263.89000208333334,99.470851875,236.00946416666667,13.207653541666666,100.0,27.88053791666667,86.28916458333333,1.5891035416666666,187.47,32189.46,3805.21,0,0,0,0,1,187.47,2818,3908614.6100000003,171.70459273483758,20.297700965487813,236.00946416666667,156.28,171.5878021978022,182.44347443632353
2015-11-01,24.0,264.21499166666666,99.47685458333333,236.208849375,13.352016041666667,100.0,28.006142291666666,87.41560020833333,1.70604125,189.24,32003.61,3652.15,0,0,0,0,1,189.24,2819,3908803.8500000006,169.11651870640455,19.299038258296342,236.208849375,187.47,171.69065934065935,182.37080776965686
2015-11-02,23.50001,266.0893657247976,99.45964973740011,236.54409077487625,13.252007958179592,83.81318979166667,29.545274949921296,86.96297352669211,2.709193899870681,166.89,28104.06,2815.36,0,0,0,0,1,170.44077853583892,2820,3908970.7400000007,168.39870573431602,16.869554796572594,236.54409077487628,189.24,172.4764848457792,181.72650038751817
2015-11-03,24.0,264.5042027083333,99.451085,235.97388083333334,13.258784166666667,100.0,28.530321875,87.60126854166667,1.6283575,181.25,28100.08,3078.31,0,0,0,0,1,181.25,2821,3909151.9900000007,155.03492413793106,16.983779310344826,235.9738808333333,170.44077853583892,174.81791341720776,181.5311670541848
2015-11-04,24.0,265.007425,99.43482291666666,236.20552270833332,13.274020625,100.0,28.801902291666668,87.343555625,1.5781402083333333,187.6,28448.88,3101.53,0,0,0,0,1,187.6,2822,3909339.590000001,151.64648187633264,16.53267590618337,236.20552270833335,181.25,176.04362770292204,181.53016705418486
2015-11-05,24.0,266.4682285416667,99.403939375,236.50245145833333,13.122792916666667,77.81883208333333,29.965777083333332,86.06292895833333,2.4306825,167.76,25171.36,2809.16,0,0,0,0,1,167.76,2823,3909507.3500000006,150.04387219837864,16.745112064854553,236.50245145833335,187.6,177.14868264797698,180.90050038751818
2015-11-06,24.0,264.71347395833334,99.423241875,236.30466958333332,13.198335416666668,100.0,28.408804375,86.93007354166667,1.5067245833333334,174.96,26748.09,3216.41,0,0,0,0,1,174.96,2824,3909682.3100000005,152.88117283950618,18.383687700045723,236.30466958333335,167.76,179.8172540765484,180.49216705418485
2015-11-07,24.0,264.9705125,99.43223875,236.55432854166668,13.285720416666667,100.0,28.416183958333335,87.97258625,1.589755,172.15,26457.63,3203.88,0,0,0,0,1,172.15,2825,3909854.4600000004,153.68939878013362,18.610978797560268,236.55432854166665,174.96,177.628682647977,180.08150038751816
2015-11-08,24.0,265.390266875,99.4568525,236.952424375,13.325940208333334,100.0,28.4378425,86.90141833333334,1.59067,167.46,25749.98,3246.04,0,0,0,0,1,167.46,2826,3910021.9200000004,153.7679445837812,19.3839722918906,236.95242437500002,172.15,174.5172540765484,179.2458337208515
2015-11-09,24.0,265.7170639583333,99.47519895833334,237.20519416666667,13.326674791666667,100.0,28.511869791666665,86.326986875,1.6482804166666667,154.9,23794.71,3223.86,0,0,0,0,1,154.9,2827,3910176.8200000003,153.61336346029697,20.812524209167204,237.20519416666664,167.46,172.29714285714286,178.0105003875182
2015-11-10,24.0,265.796785625,99.492425625,237.35436020833333,13.530007083333333,100.0,28.442425416666666,87.8620725,1.7359070833333334,153.47,23708.73,3259.65,0,0,0,0,1,153.47,2828,3910330.2900000005,154.48445950348602,21.239655958819313,237.35436020833333,154.9,168.32857142857142,176.7075003875182
2015-11-11,24.0,265.2963433333333,99.51489833333333,237.49984229166665,13.616591458333334,100.0,27.796501041666666,87.77087333333333,1.8384497916666667,161.54,24524.12,3353.74,0,0,0,0,1,161.54,2829,3910491.8300000005,151.81453509966573,20.761049894762905,237.49984229166665,153.47,164.6057142857143,175.74616705418484
2015-11-12,24.0,265.5557635416667,99.52505541666666,237.734946875,13.582433125,100.0,27.820816666666666,86.73275083333333,1.8326033333333334,189.39,28885.9,3395.49,0,0,0,0,1,189.39,2830,3910681.2200000007,152.52072443106817,17.928560114050374,237.73494687500002,161.54,167.6957142857143,176.8275131306818
2015-11-13,24.0,266.06829212765956,99.53425083333333,237.91956587765958,13.585044375,100.0,28.14872625,86.66597531914894,1.8501715691489362,188.06,28745.67,3361.0,0,0,0,0,1,188.06,2831,3910869.2800000007,152.85371689886205,17.871955758800382,237.91956587765955,189.39,169.56714285714287,176.8895131306818
2015-11-14,24.0,265.9764735416667,99.55435083333333,238.048295625,13.629130208333333,100.0,27.928177916666666,87.76727791666667,1.9393445833333334,192.09,29406.12,3405.98,0,0,0,0,1,192.09,2832,3911061.3700000006,153.08511635171013,17.731167681815815,238.048295625,188.06,172.4157142857143,177.10917979734847
2015-11-15,24.0,266.2529055319149,99.56024229166667,238.05227106382978,13.836170425531915,100.0,28.200634468085106,88.54207723404255,1.9471210638297873,193.1,29099.41,3607.47,0,0,0,0,1,193.1,2833,3911254.4700000007,150.69606421543241,18.681874676333507,238.0522710638298,192.09,176.07857142857142,177.1815131306818
2015-11-16,24.0,266.29784170212764,99.55243702127659,237.97973957446808,13.626447659574469,97.91666666666667,28.318102127659575,86.61208978723404,1.8215217021276595,191.32,28880.41,3378.43,0,0,0,0,1,191.32,2834,3911445.7900000005,150.95342881037007,17.658530211164543,237.97973957446806,193.1,181.28142857142853,177.26184646401512
2015-11-17,24.0,266.1200127083333,99.55094145833333,237.854353125,13.584612291666666,100.0,28.265659583333335,86.26155729166666,1.8029529166666667,191.78,28942.81,3283.06,0,0,0,0,1,191.78,2835,3911637.5700000003,150.91672750026072,17.1188862237981,237.854353125,191.32,186.75428571428574,177.3331797973485
2015-11-18,24.0,265.6347,99.55858229166667,237.66261958333334,13.734580416666667,100.0,27.972080416666667,88.51084520833334,1.840604375,189.75,29390.6,3289.67,0,0,0,0,1,189.75,2836,3911827.3200000003,154.8911725955204,17.336864295125164,237.66261958333334,191.78,190.7842857142857,177.53151313068182
2015-11-19,24.0,265.1789910416667,99.56969,237.41236958333334,13.746854583333333,100.0,27.766621458333333,88.79266229166667,1.8489366666666667,195.58,30212.16,3299.0,0,0,0,0,1,195.58,2837,3912022.9000000004,154.47469066366702,16.86777789139994,237.41236958333334,189.75,191.66857142857143,177.91351313068182
2015-11-20,24.0,265.85444583333333,99.55940291666667,237.46900875,13.707364375,100.0,28.385437083333333,88.399715,1.7582389583333333,187.25,28888.57,3228.62,0,0,0,0,1,187.25,2838,3912210.1500000004,154.2780774365821,17.24229639519359,237.46900875,195.58,191.55285714285716,178.06084646401516
2015-11-21,24.0,266.64945229166665,99.54643583333333,237.50559604166668,13.557135416666666,100.0,29.14385625,88.139823125,1.687376875,192.44,29590.59,3161.57,0,0,0,0,1,192.44,2839,3912402.5900000003,153.7652774890875,16.428860943670756,237.50559604166665,187.25,191.60285714285715,178.3845131306818
2015-11-22,24.0,266.7182970833333,99.54377270833334,237.435599375,13.615225416666666,100.0,29.282697708333334,88.35061270833333,1.6796133333333334,187.21,28673.96,3210.34,0,0,0,0,1,187.21,2840,3912589.8000000003,153.16468137385823,17.14833609315742,237.43559937499998,192.44,190.76142857142855,178.6071797973485
2015-11-23,24.0,266.45321583333333,99.54544916666667,237.40048541666667,13.6055175,100.0,29.052730416666666,87.3072275,1.6350835416666667,187.69,28558.68,3222.81,0,0,0,0,1,187.69,2841,3912777.49,152.15877244392348,17.170920134263945,237.40048541666667,187.21,190.24285714285716,178.91817979734844
2015-11-24,24.0,266.46737,99.54004791666667,237.343408125,13.60165875,100.0,29.123961875,88.07856270833334,1.6253816666666667,186.03,28186.77,3087.85,0,0,0,0,1,186.03,2842,3912963.52,151.51733591356233,16.598666881685748,237.34340812500002,187.69,189.42142857142858,178.8351797973485
2015-11-25,24.0,266.464250625,99.539535625,237.35016375,13.5587825,100.0,29.114086875,88.13757145833333,1.597605,184.01,27960.8,3049.59,0,0,0,0,1,184.01,2843,3913147.53,151.95261127112659,16.57295799141351,237.35016374999998,186.03,188.60142857142856,179.47084646401512
2015-11-26,24.0,266.27843979166664,99.53994,237.295246875,13.579810833333333,100.0,28.983192916666667,87.29245041666667,1.5837458333333334,182.78,27848.47,3082.44,0,0,0,0,1,182.78,2844,3913330.3099999996,152.36059743954482,16.86420833789255,237.29524687499998,184.01,186.77285714285713,180.06817979734848
2015-11-27,24.0,266.46054458333333,99.52926,237.327025,13.53447875,100.0,29.13351958333333,86.77243791666666,1.5303764583333332,181.38,27420.72,3035.12,0,0,0,0,1,181.38,2845,3913511.6899999995,151.17829970228252,16.733487705369942,237.327025,182.78,185.93428571428572,180.14684646401517
2015-11-28,24.0,266.36056729166665,99.5285,237.305083125,13.463491666666666,100.0,29.055484166666666,86.59207979166666,1.5123645833333332,179.87,27588.52,3017.63,0,0,0,0,1,179.87,2846,3913691.5599999996,153.3803302385056,16.776727636626454,237.30508312499998,181.38,184.1385714285714,180.80835928452797
2015-11-29,24.0,266.2970427083333,99.52843645833333,237.27525833333334,13.388828958333333,100.0,29.021784375,86.68713354166667,1.4978966666666667,178.02,27140.43,3012.18,0,0,0,0,1,178.02,2847,3913869.5799999996,152.4571958206943,16.92045837546343,237.2752583333333,179.87,182.82571428571427,181.53302595119462
2015-11-30,24.0,266.17009708333336,99.52539791666666,237.23078354166665,13.426215,100.0,28.939313541666667,87.67329479166666,1.5350566666666667,176.59,26876.58,2972.74,0,0,0,0,1,176.59,2848,3914046.1699999995,152.1976329350473,16.834135568265474,237.23078354166668,178.02,181.24,181.17035928452796
2015-12-01,24.0,266.1679925,99.51944145833333,237.26891916666668,13.49356125,100.0,28.899073333333334,87.64986333333333,1.4842691666666668,174.05,26636.33,2940.46,0,0,0,0,1,174.05,2849,3914220.2199999993,153.03837977592644,16.894340706693477,237.2689191666667,176.59,179.52857142857144,180.66402595119465
2015-12-02,24.0,266.37263041666665,99.51531208333333,237.30405708333333,13.466317291666666,100.0,29.068573333333333,86.33597354166666,1.4507014583333333,173.3,26322.85,2935.18,0,0,0,0,1,173.3,2850,3914393.519999999,151.89180611656087,16.936987882285052,237.3040570833333,174.05,177.99857142857147,180.75933333333336
2015-12-03,24.0,266.41727145833335,99.511908125,237.31610958333334,13.51298625,100.0,29.101161875,87.472243125,1.480116875,173.84,26509.26,2950.26,0,0,0,0,1,173.84,2851,3914567.359999999,152.49229176254025,16.971122871606074,237.31610958333334,173.3,176.72142857142856,180.51233333333337
2015-12-04,24.0,266.02650666666665,99.53774270833334,237.49720833333333,13.574502083333334,100.0,28.529298333333333,86.90002333333334,1.5717729166666667,170.82,27216.84,3045.06,0,0,0,0,1,170.82,2852,3914738.179999999,159.3305233579206,17.82613277133825,237.4972083333333,173.84,175.21285714285713,179.953
2015-12-05,24.0,266.45078083333334,99.55282625,237.816956875,13.630076041666667,100.0,28.633823958333334,86.12608625,1.5687691666666668,178.49,27523.12,3115.76,0,0,0,0,1,178.49,2853,3914916.669999999,154.19978710291892,17.456216034511737,237.81695687500002,170.82,175.01571428571427,180.31066666666666
2015-12-06,24.0,266.711086875,99.56822979166667,237.99196041666667,13.735335208333334,100.0,28.719126458333335,87.67445666666667,1.6747716666666668,175.99,27069.12,3180.42,0,0,0,0,1,175.99,2854,3915092.659999999,153.8105574180351,18.071594976987328,237.99196041666664,178.49,174.72571428571428,180.34499999999997
2015-12-07,24.0,267.1913083333333,99.57761375,238.27287854166667,13.850703541666666,100.0,28.918429791666668,87.45805104166666,1.690118125,177.61,27393.27,3227.37,0,0,0,0,1,177.61,2855,3915270.269999999,154.23270086143796,18.17110523056134,238.27287854166667,175.99,174.8714285714286,180.52700000000002
2015-12-08,24.0,267.69095416666664,99.58225333333333,238.57102208333333,13.817316875,100.0,29.11993208333333,86.41568375,1.6512170833333333,176.95,27260.83,3241.17,0,0,0,0,1,176.95,2856,3915447.2199999993,154.05950833568807,18.316869172082512,238.5710220833333,177.61,175.28571428571428,180.84333333333333
2015-12-09,20.5,273.23341656082437,99.5199110960683,240.11406001409267,13.174557219819512,53.29707583333333,33.11935654673171,82.14660915597561,5.5065409757902435,96.23,15003.33,2249.76,0,0,0,0,1,112.65951219512196,2857,3915543.4499999993,155.9111503689078,23.37898784162943,240.11406001409267,176.95,166.622787456446,179.43531707317072
2015-12-10,24.0,268.26538395833336,99.56813041666666,238.42687979166666,13.915806666666667,58.16890625,29.838504166666667,85.80317833333334,3.6487277083333334,138.11,20790.18,2692.57,0,0,0,0,1,138.11,2858,3915681.559999999,150.53348779958003,19.495836651944103,238.4268797916667,112.65951219512196,161.51850174216028,178.92331707317075
2015-12-11,24.0,267.3457477083333,99.56455645833333,238.22653333333332,13.94851875,77.47440541666667,29.119214375,87.48341916666666,2.7908145833333333,163.14,24844.6,2997.32,0,0,0,0,1,163.14,2859,3915844.6999999993,152.29005761922275,18.372686036533043,238.2265333333333,138.11,160.42135888501744,178.9766504065041
2015-12-12,24.0,266.48943979166665,99.57889541666667,238.06158708333334,14.08501,100.0,28.427852708333333,88.53545854166667,2.081040625,181.72,27559.4,3185.18,0,0,0,0,1,181.72,2860,3916026.4199999995,151.65859564164649,17.527955095751704,238.06158708333334,163.14,160.882787456446,178.72098373983738
2015-12-13,24.0,266.334170625,99.5720075,238.01146729166666,14.052564166666667,100.0,28.322703333333333,88.43072166666667,2.03840125,178.83,27064.65,3119.97,0,0,0,0,1,178.83,2861,3916205.2499999995,151.34289548733435,17.446569367555778,238.0114672916667,181.72,161.28850174216026,178.41331707317073
2015-12-14,24.0,266.19608229166664,99.55904166666667,238.012726875,13.95787125,100.0,28.183355416666668,87.93034625,1.9790014583333333,177.31,26908.07,3123.6,0,0,0,0,1,177.31,2862,3916382.5599999996,151.75720489538097,17.616603688455246,238.01272687499997,178.83,161.24564459930315,177.92065040650408
2015-12-15,24.0,266.020944375,99.55318729166666,237.98928166666667,13.869595,100.0,28.031662708333332,86.48707520833334,1.9257041666666668,176.31,26691.91,3221.92,0,0,0,0,1,176.31,2863,3916558.8699999996,151.39192331688503,18.274176166978616,237.98928166666667,177.31,161.15421602787455,177.36098373983742
2015-12-16,24.0,265.910254375,99.54902625,237.95736875,13.812784375,100.0,27.952885625,85.80931333333334,1.885365,173.96,26495.54,3195.15,0,0,0,0,1,173.96,2864,3916732.8299999996,152.3082317774201,18.36715336859048,237.95736875000003,176.31,169.9114285714286,176.78231707317076
2015-12-17,24.0,265.80284770833333,99.54550375,237.863591875,13.894489583333334,100.0,27.939255833333334,87.05611979166666,1.883038125,175.4,26554.73,3194.1,0,0,0,0,1,175.4,2865,3916908.2299999995,151.39526795895097,18.21037628278221,237.863591875,173.96,175.23857142857142,176.2363170731707
2015-12-18,24.0,265.6967445833333,99.540595625,237.773028125,13.861030833333333,100.0,27.923716458333335,86.1734525,1.88383125,172.75,26279.98,3197.19,0,0,0,0,1,172.75,2866,3917080.9799999995,152.12723589001448,18.507612156295224,237.773028125,175.4,176.61142857142858,175.66965040650405
2015-12-19,24.0,265.57637916666664,99.53979229166667,237.76457604166666,13.837944375,100.0,27.811803125,86.71825833333334,1.835355625,171.45,26038.85,3146.26,0,0,0,0,1,171.45,2867,3917252.4299999997,151.8743073782444,18.350889472149316,237.76457604166663,172.75,175.1442857142857,174.86531707317073
2015-12-20,24.0,265.42437770833334,99.539336875,237.66189125,13.813151458333333,100.0,27.762486458333335,86.24262895833333,1.8213639583333334,168.92,25787.9,3127.93,0,0,0,0,1,168.92,2868,3917421.3499999996,152.6633909542979,18.517227089746626,237.66189125,171.45,173.72857142857146,174.2543170731707
2015-12-21,24.0,265.34619979166666,99.53537416666667,237.609775,13.753518125,100.0,27.736424791666668,85.93637354166667,1.8186897916666667,168.06,25565.08,3108.17,0,0,0,0,1,168.06,2869,3917589.4099999997,152.11876710698562,18.49440675949066,237.60977499999998,168.92,172.40714285714284,173.44165040650407
2015-12-22,24.0,265.3262310416667,99.530609375,237.5845925,13.755382916666667,100.0,27.741638541666667,86.05689,1.8147677083333333,166.23,25329.23,3093.37,0,0,0,0,1,166.23,2870,3917755.6399999997,152.37460145581423,18.608975515851533,237.5845925,168.06,170.96714285714285,172.74231707317074
2015-12-23,24.0,264.96531127659574,99.53594666666666,237.49733978723404,13.721545744680851,97.91666666666667,27.4679714893617,85.48557191489361,1.8316570212765957,164.49,25186.09,3096.18,0,0,0,0,1,164.49,2871,3917920.13,153.11623806918354,18.82290716760897,237.49733978723404,166.23,169.6142857142857,171.9689837398374
2015-12-24,24.0,264.8452725,99.53526916666667,237.49908916666666,13.676089375,100.0,27.346183333333332,85.97917666666666,1.796266875,164.4,25272.63,3086.15,0,0,0,0,1,164.4,2872,3918084.53,153.7264598540146,18.77220194647202,237.4990891666667,164.49,168.04285714285714,171.2479837398374
2015-12-25,24.0,264.80999333333335,99.53360208333334,237.40746770833334,13.746002083333334,100.0,27.402525625,86.86332229166666,1.8657877083333334,163.95,25025.82,3059.08,0,0,0,0,1,163.95,2873,3918248.48,152.6430009149131,18.658615431534006,237.40746770833334,164.4,166.78571428571428,170.57931707317076
2015-12-26,24.0,264.745733125,99.53112708333333,237.36987020833334,13.762611666666666,100.0,27.375862916666666,87.20107229166666,1.8791922916666666,162.36,24957.58,3065.18,0,0,0,0,1,162.36,2874,3918410.84,153.71754126632175,18.87891106183789,237.36987020833334,163.95,165.48714285714286,169.89865040650406
2015-12-27,24.0,264.847345625,99.52855916666667,237.38957416666668,13.66182625,100.0,27.457771458333333,86.48063770833333,1.8209252083333334,158.71,24815.95,3002.45,0,0,0,0,1,158.71,2875,3918569.55,156.36034276353095,18.9178375653708,237.38957416666668,162.36,164.02857142857144,169.14298373983738
2015-12-28,24.0,264.7000312765957,99.52887957446808,237.43511765957447,13.65861829787234,97.91666666666667,27.264913617021275,84.66216340425532,1.7908036170212767,158.77,24475.26,3007.79,0,0,0,0,1,158.77,2876,3918728.32,154.15544498330917,18.944321975184227,237.43511765957444,158.71,162.70142857142858,168.43965040650406
2015-12-29,24.0,264.67351145833334,99.528913125,237.42958854166667,13.623892083333333,100.0,27.243922916666666,84.56971520833333,1.7502997916666667,159.12,24611.04,3008.7,0,0,0,0,1,159.12,2877,3918887.44,154.66968325791856,18.90837104072398,237.42958854166667,158.77,161.68571428571428,167.8096504065041
2015-12-30,24.0,264.655938125,99.52932916666667,237.42061791666666,13.62895875,100.0,27.235320208333334,84.74360395833334,1.7295177083333333,159.04,24539.49,2988.94,0,0,0,0,1,159.04,2878,3919046.48,154.2975980885312,18.793636820925556,237.42061791666663,159.12,160.90714285714284,167.22465040650408
2015-12-31,24.0,264.631905625,99.53024791666667,237.36991291666666,13.712794791666667,100.0,27.261992708333334,85.73584729166667,1.7486772916666666,157.78,24402.43,2991.11,0,0,0,0,1,157.78,2879,3919204.26,154.6611104068957,18.957472429965776,237.36991291666666,159.04,159.96142857142857,166.68231707317074
2016-01-01,24.0,264.61807166666665,99.53187166666666,237.30818020833334,13.783160625,100.0,27.309891458333333,86.6202775,1.799146875,157.2,24192.67,2980.12,0,0,0,0,1,157.2,2880,3919361.46,153.89739185750636,18.957506361323155,237.3081802083333,157.78,158.99714285714285,166.14565040650405
2016-01-02,24.0,264.8098272916667,99.53100916666666,237.40704979166668,13.59965,100.0,27.4027775,83.33432395833333,1.7325995833333334,153.88,23889.12,2949.44,0,0,0,0,1,153.88,2881,3919515.34,155.2451260722641,19.167143228489735,237.40704979166668,157.2,157.78571428571428,165.4803170731707
2016-01-03,21.5,271.9098764817953,99.39389539908372,234.80050439990234,11.73814851192093,71.01746791666666,37.10937208189302,70.66079362429767,1.7638029883534885,96.03,14848.19,1919.42,0,0,0,0,1,107.19627906976744,2882,3919611.3699999996,154.62032698115172,19.987712173279185,234.8005043999023,153.88,150.42661129568108,163.35952637549633
2016-01-04,24.0,269.26841083333335,99.44137354166666,237.119869375,12.398872916666667,68.27500708333334,32.148541458333334,76.46815666666667,4.371738333333333,104.68,16982.97,2470.15,0,0,0,0,1,104.68,2883,3919716.05,162.2370080244555,23.59715322888804,237.119869375,107.19627906976744,142.69946843853822,160.89919304216298
2016-01-05,24.0,264.528569375,99.53161229166666,237.19705375,13.790945625,100.0,27.331515625,84.24761958333333,1.751445625,155.56,25128.01,3224.39,0,0,0,0,1,155.56,2884,3919871.61,161.53259192594496,20.72762921059398,237.19705375,104.68,142.1908970099668,160.218193042163
2016-01-06,24.0,265.19283625,99.54950645833334,237.67647958333333,13.899725208333333,100.0,27.516356666666667,84.17263354166667,1.8027635416666667,153.43,24977.98,3470.8,0,0,0,0,1,153.43,2885,3920025.04,162.7972365247996,22.621390862282475,237.67647958333336,155.56,141.38946843853822,159.41219304216298
2016-01-07,24.0,265.559093125,99.57985708333334,238.05517875,13.962696458333333,100.0,27.503914375,83.735986875,1.8742079166666668,154.18,24949.37,3227.0,0,0,0,0,1,154.18,2886,3920179.22,161.81975612919962,20.93008172266182,238.05517875,153.43,140.87518272425248,158.65319304216297
2016-01-08,24.0,266.0488285416667,99.58801,238.24226375,14.137616666666666,100.0,27.806564791666666,86.665054375,1.9536704166666667,155.28,24855.82,3280.51,0,0,0,0,1,155.28,2887,3920334.5,160.07096857290057,21.126416795466255,238.24226375000003,154.18,140.6008970099668,160.07387596899224
2016-01-09,24.0,266.32586125,99.58865083333333,238.45813583333333,14.150233958333333,100.0,27.867725416666666,85.84856,1.9694422916666667,155.81,24953.98,3283.17,0,0,0,0,1,155.81,2888,3920490.31,160.1564726269174,21.07162569796547,238.45813583333333,155.28,140.87661129568107,160.66387596899224
2016-01-10,24.0,266.562766875,99.59945,238.623001875,14.203741875,100.0,27.939765,85.70226604166666,1.9844070833333334,156.29,25059.65,3309.67,0,0,0,0,1,156.29,2889,3920646.6,160.34071277752898,21.17646682449293,238.62300187500003,155.81,147.89000000000001,160.4355426356589
2016-01-11,24.0,266.94011479166664,99.60569270833334,238.790939375,14.368825625,100.0,28.149175416666665,86.679853125,2.0058416666666665,157.86,25218.3,3326.32,0,0,0,0,1,157.86,2890,3920804.46,159.75104522995056,21.071329025718992,238.790939375,156.29,155.48714285714283,159.6402093023256
2016-01-12,24.0,267.21286395833334,99.61503625,238.85648541666666,14.561784166666667,100.0,28.35637854166667,88.27487041666667,2.1269229166666666,158.65,25290.17,3394.47,0,0,0,0,1,158.65,2891,3920963.11,159.40857232902613,21.395965962811218,238.8564854166667,157.86,155.92857142857142,158.96754263565893
2016-01-13,23.33333,268.93460024059146,99.59186359480623,239.19545752487966,14.513019994347141,85.20861354166667,29.739142715711818,88.01830515782359,3.2570769719152817,132.99,21208.2,3115.61,0,0,0,0,1,136.78973382710484,2892,3921096.1,159.47214076246334,23.427400556432815,239.19545752487966,158.65,153.55139054672924,157.61686709656243
2016-01-14,24.0,267.0714404166667,99.5967225,238.52838083333333,14.526714583333334,100.0,28.543059583333335,88.04036375,2.10065,160.15,24701.74,3476.98,0,0,0,0,1,160.15,2893,3921256.25,154.24127380580705,21.710771152044956,238.52838083333336,136.78973382710484,154.4042476895864,157.07820042989573
2016-01-15,24.0,266.62837270833336,99.588489375,238.40208770833334,14.483320625,100.0,28.226285,87.92063416666667,2.1036675,160.07,24923.18,3658.21,0,0,0,0,1,160.07,2894,3921416.32,155.70175548197665,22.853813956394077,238.40208770833337,160.15,155.08853340387213,156.6152004298957
2016-01-16,24.0,266.32193729166664,99.58801,238.28438770833333,14.405523958333333,100.0,28.037549583333334,88.13577270833333,2.1242477083333333,159.17,24704.97,3486.62,0,0,0,0,1,159.17,2895,3921575.4899999998,155.21122070741976,21.90500722497958,238.2843877083333,160.07,155.56853340387212,156.07420042989574
2016-01-17,24.0,266.0893785416667,99.58800875,238.19012041666667,14.536248541666666,100.0,27.899258125,88.43793125,2.1066070833333335,157.52,24443.73,3372.08,0,0,0,0,1,157.52,2896,3921733.01,155.17858049771456,21.407313357034024,238.1901204166667,159.17,155.74424768958642,155.56653376322907
2016-01-18,24.0,266.0700125,99.58116145833333,238.15999708333334,14.422487291666666,100.0,27.910015416666667,87.99628708333333,2.041666875,156.34,24340.25,3497.91,0,0,0,0,1,156.34,2897,3921889.3499999996,155.6879237559166,22.373736727644875,238.15999708333334,157.52,155.52710483244354,155.06286709656243
2016-01-19,24.0,266.21676729166666,99.574770625,238.078624375,14.392207916666667,100.0,28.138142916666666,88.23776333333333,2.0411577083333334,151.67,23541.01,3517.22,0,0,0,0,1,151.67,2898,3922041.0199999996,155.21203929583965,23.189951869189688,238.078624375,156.34,154.5299619753007,154.4878670965624
2016-01-20,20.83333,268.7070404761937,99.53590917056466,238.85251444101831,14.327190755337721,70.71155333333333,29.854526035175365,87.80807598112736,3.085345669938507,110.37,17902.89,2766.79,0,0,0,0,1,127.14626034340166,2899,3922151.3899999997,162.2079369393857,25.068315665488807,238.85251444101834,151.67,153.15232290620023,153.1240757746758
2016-01-21,24.0,267.70393229166666,99.54289291666667,238.221378125,14.399443333333334,93.68123875,29.482554166666667,87.15853166666666,1.7328027083333333,141.28,21943.41,3346.26,0,0,0,0,1,141.28,2900,3922292.6699999995,155.318587202718,23.68530577576444,238.221378125,127.14626034340166,150.45660862048595,152.29240910800914
2016-01-22,24.0,267.09557520833334,99.54906770833334,238.2291925,14.273658541666666,100.0,28.866382708333333,85.49332708333333,1.5653239583333334,149.94,23637.22,3012.48,0,0,0,0,1,149.94,2901,3922442.6099999994,157.64452447645726,20.09123649459784,238.2291925,141.28,149.0094657633431,151.80740910800915
2016-01-23,24.0,266.29450145833334,99.56614604166667,238.07936604166667,14.418525208333334,100.0,28.215135416666666,86.48291395833333,1.6980608333333334,154.65,24044.1,3106.77,0,0,0,0,1,154.65,2902,3922597.2599999993,155.47429679922405,20.089039767216295,238.07936604166667,149.94,148.3637514776288,151.4824091080091
2016-01-24,24.0,265.57247666666666,99.57875104166666,238.0229025,14.479139791666666,100.0,27.549574166666666,87.10577104166667,1.7086129166666666,156.47,24215.97,3098.97,0,0,0,0,1,156.47,2903,3922753.7299999995,154.76429986578898,19.80552182527002,238.0229025,154.65,148.21375147762882,151.2330757746758
2016-01-25,22.66666,268.9144704105148,99.5405890728012,238.64815815762006,14.185632746911102,72.448944375,30.26631225289478,85.62383849958485,3.576803158131811,153.24,20360.92,2648.3,0,0,0,0,1,162.25416536887218,2904,3922906.9699999997,132.86948577394935,17.28204124249543,238.64815815762003,156.47,149.05863224461055,151.22954795363822
2016-01-26,24.0,268.82451979166666,99.51182,238.478750625,14.02410125,80.353846875,30.345769166666667,84.39742625,3.471181875,138.82,22037.09,2831.31,0,0,0,0,1,138.82,2905,3923045.7899999996,158.74578590981127,20.395548191903185,238.478750625,162.25416536887218,147.22291795889626,150.5665479536382
2016-01-27,24.0,265.30707229166666,99.55322979166667,237.74800708333333,14.504101041666667,100.0,27.559065208333333,88.24021541666667,1.6899708333333334,159.12,24555.34,3106.7,0,0,0,0,1,159.12,2906,3923204.9099999997,154.3196329813977,19.524258421317242,237.74800708333333,138.82,151.79059505269603,150.57821462030486
2016-01-28,24.0,265.36801041666666,99.55325083333334,237.890516875,14.369233958333334,100.0,27.477493541666668,86.42693854166667,1.627525,151.83,23738.93,3085.85,0,0,0,0,1,151.83,2907,3923356.7399999998,156.35203846407165,20.324375946782585,237.890516875,159.12,153.29773790983887,150.33521462030487
2016-01-29,24.0,265.340758125,99.55825,237.91461041666668,14.277721041666666,100.0,27.426147708333332,85.16592416666667,1.5793979166666667,152.55,23702.58,3083.14,0,0,0,0,1,152.55,2908,3923509.2899999996,155.37581120943952,20.21068502130449,237.91461041666665,151.83,153.67059505269603,150.11888128697152
2016-01-30,24.0,265.352645,99.55169583333333,237.89645979166667,14.21180625,100.0,27.456185208333334,85.35075479166666,1.5793645833333334,151.74,23548.82,3068.34,0,0,0,0,1,151.74,2909,3923661.03,155.1919072097008,20.22103598260182,237.89645979166667,152.55,153.25488076698176,149.91754795363823
2016-01-31,24.0,265.31975916666664,99.54907375,237.82767375,14.389266875,100.0,27.492085416666665,88.09238083333334,1.644308125,149.53,23227.29,3032.72,0,0,0,0,1,149.53,2910,3923810.5599999996,155.33531732762657,20.281682605497224,237.82767374999997,151.74,152.26345219555316,149.66188128697155
2016-02-01,24.0,265.34643270833334,99.54559,237.89277145833333,14.295593333333333,100.0,27.45366125,86.02063229166667,1.5637791666666667,148.07,23135.46,3035.09,0,0,0,0,1,148.07,2911,3923958.6299999994,156.24677517390424,20.497670020936045,237.89277145833333,149.53,150.23714285714283,149.46821462030488
2016-02-02,24.0,265.39916208333335,99.540899375,237.879755,14.207849166666668,100.0,27.519407083333334,85.83470791666667,1.556846875,148.14,23002.03,3016.28,0,0,0,0,1,148.14,2912,3924106.7699999996,155.27224247333604,20.361009855542058,237.87975500000002,148.07,151.56857142857143,150.83300531797929
2016-02-03,24.0,265.44895145833334,99.54001645833333,237.83878208333334,14.29583,100.0,27.610169375,87.57620145833333,1.5936629166666667,145.61,22835.6,2978.86,0,0,0,0,1,145.61,2913,3924252.3799999994,156.82714099306364,20.45779822814367,237.83878208333334,148.14,149.63857142857142,152.19733865131263
2016-02-04,23.58333,269.1548465278059,99.50360839659623,238.47006296590854,14.120479946809887,80.93448854166667,30.684783561897323,86.37808391800904,4.532499882421185,123.99,19531.13,2614.91,0,0,0,0,1,126.18065387712421,2914,3924376.3699999996,157.5218162755061,21.089684651988062,238.47006296590857,145.61,145.97437912530344,151.21802711388344
2016-02-05,24.0,265.966044375,99.528559375,237.94289479166667,14.274363125,88.06338625,28.023149583333332,86.46524166666667,1.9868816666666667,143.41,22613.56,2984.92,0,0,0,0,1,143.41,2915,3924519.78,157.68468028728822,20.81389024475281,237.9428947916667,126.18065387712421,144.66866483958918,150.8840271138834
2016-02-06,24.0,265.232261875,99.541153125,237.77594958333333,15.0963375,100.0,27.456312291666666,86.75936645833333,1.59253625,146.6,22719.97,3029.48,0,0,0,0,1,146.6,2916,3924666.38,154.9793315143247,20.664938608458392,237.77594958333333,143.41,143.93437912530345,150.63136044721676
2016-02-07,24.0,265.3934125,99.54433145833333,237.89042395833334,19.771419166666668,100.0,27.502988541666667,85.48411604166667,1.52711875,143.3,22728.81,3006.18,0,0,0,0,1,143.3,2917,3924809.6799999997,158.60997906489882,20.978227494766223,237.89042395833334,146.6,143.04437912530346,150.23202711388342
2016-02-08,24.0,265.5506564583333,99.54852395833333,237.84014229166667,19.883924375,100.0,27.710514166666666,86.95282395833334,1.5746802083333333,143.01,22720.85,2985.33,0,0,0,0,1,143.01,2918,3924952.6899999995,158.8759527305783,20.87497377805748,237.84014229166667,143.3,142.3215219824463,149.80536044721674
2016-02-09,24.0,265.72609895833335,99.54297145833333,237.84215895833333,19.957785625,100.0,27.88394,87.57348354166666,1.5694329166666667,143.71,22949.73,3004.35,0,0,0,0,1,143.71,2919,3925096.3999999994,159.69473244728968,20.905643309442627,237.84215895833336,143.01,141.68866483958917,149.38602711388342
2016-02-10,24.0,266.09010770833333,99.53520333333333,237.85125958333333,20.05069125,100.0,28.238848125,88.37105604166666,1.589681875,141.92,22009.95,2951.97,0,0,0,0,1,141.92,2920,3925238.3199999994,155.08702085682077,20.80023957158963,237.85125958333333,143.71,141.16152198244632,148.8546937805501
2016-02-11,24.0,266.6952533333333,99.52464479166666,237.92772645833332,19.97385166666667,100.0,28.767526875,87.9886575,1.55836125,143.84,22398.72,2893.9,0,0,0,0,1,143.84,2921,3925382.159999999,155.71968854282537,20.11888209121246,237.92772645833332,141.92,143.68428571428572,148.3610271138834
2016-02-12,24.0,266.7444385416667,99.52355520833333,237.93308104166667,19.801930833333333,100.0,28.8113575,87.1079125,1.5391629166666667,135.93,21069.69,2904.42,0,0,0,0,1,135.93,2922,3925518.0899999994,155.00397263297285,21.367027146325313,237.9330810416667,143.84,142.6157142857143,148.3323693196466
2016-02-13,24.0,266.78503479166665,99.52041041666666,237.88245041666667,19.979018958333334,100.0,28.902584375,88.07352125,1.5520002083333333,131.98,20527.65,2899.81,0,0,0,0,1,131.98,2923,3925650.0699999994,155.53606607061678,21.971586604030914,237.88245041666664,135.93,140.52714285714288,147.3933693196466
2016-02-14,24.0,266.9659408333333,99.519289375,237.89813395833335,19.915175416666667,100.0,29.067806875,87.91555020833333,1.5496991666666666,134.47,21085.83,2839.66,0,0,0,0,1,134.47,2924,3925784.5399999996,156.80694578716444,21.117423960734737,237.89813395833332,131.98,139.26571428571427,146.54003598631328
2016-02-15,24.0,266.895889375,99.51921770833333,237.8992725,19.87137166666667,100.0,28.996616875,87.972329375,1.5732508333333333,134.02,20916.36,2829.45,0,0,0,0,1,134.02,2925,3925918.5599999996,156.068944933592,21.11214744068049,237.89927250000002,134.47,137.98142857142858,145.70170265297995
2016-02-16,24.0,266.8907414583333,99.51111979166667,238.01891,19.723676041666668,100.0,28.871831458333332,86.03207375,1.49382875,132.57,20786.49,2818.56,0,0,0,0,1,132.57,2926,3926051.1299999994,156.79633401221997,21.26091875990043,238.01890999999998,134.02,136.39000000000001,144.87003598631327
2016-02-17,24.0,266.98687333333334,99.507750625,238.02496666666667,19.662428125,100.0,28.961906666666668,86.15326479166667,1.466548125,132.18,20619.41,2788.25,0,0,0,0,1,132.18,2927,3926183.3099999996,155.9949311544863,21.09434105008322,238.02496666666667,132.57,134.99857142857144,144.06470265297995
2016-02-18,24.0,267.0005525,99.50226645833334,237.92721979166666,19.941262083333335,100.0,29.073332708333332,87.772893125,1.5495047916666667,129.78,20406.18,2774.16,0,0,0,0,1,129.78,2928,3926313.0899999994,157.23670827554324,21.375866851595006,237.9272197916667,132.18,132.99,143.33503598631327
2016-02-19,24.0,266.7571379166667,99.502229375,238.00768895833335,19.757986458333335,100.0,28.749448958333332,86.002936875,1.4698589583333332,125.46,19728.51,2828.69,0,0,0,0,1,125.46,2929,3926438.5499999993,157.24940219990435,22.546548700781127,238.00768895833335,129.78,131.49428571428572,143.2788273081999
2016-02-20,24.0,266.6846,99.509799375,238.05832645833334,19.766093333333334,100.0,28.626273541666666,86.47950458333334,1.5246447916666668,129.68,20150.4,2881.94,0,0,0,0,1,129.68,2930,3926568.2299999995,155.38556446637878,22.223473164713138,238.0583264583333,125.46,131.16571428571427,142.89216064153322
2016-02-21,24.0,267.03303645833336,99.52512666666667,238.313885625,19.830323541666665,100.0,28.719150833333334,86.87221333333333,1.5827733333333334,123.46,19625.27,2902.28,0,0,0,0,1,123.46,2931,3926691.6899999995,158.96055402559534,23.507856795723313,238.313885625,129.68,129.59285714285716,142.00949397486653
2016-02-22,24.0,266.76252625,99.55194041666667,238.409183125,20.055431458333334,100.0,28.353343125,88.02633541666667,1.6817508333333333,125.82,20186.73,2988.26,0,0,0,0,1,125.82,2932,3926817.5099999993,160.44134477825466,23.750278175170884,238.409183125,123.46,128.42142857142855,141.04849397486657
2016-02-23,24.0,267.138595625,99.56589479166666,238.662980625,20.08914625,100.0,28.475615,87.87647479166667,1.7340422916666667,125.71,20106.08,3017.27,0,0,0,0,1,125.71,2933,3926943.2199999993,159.9401797788561,24.001829607827542,238.662980625,125.82,127.44142857142857,140.02316064153322
2016-02-24,24.0,267.47280854166667,99.58068729166666,238.8673575,20.195656666666668,100.0,28.605451041666665,88.17303020833333,1.791736875,125.29,19949.11,3066.1,0,0,0,0,1,125.29,2934,3927068.5099999993,159.22348152286693,24.47202490222683,238.8673575,125.71,126.45714285714284,138.79102179590416
2016-02-25,24.0,268.14652020833336,99.58678958333333,239.096050625,20.3091675,100.0,29.050469583333335,88.37164104166666,1.812115,127.94,20265.22,3128.27,0,0,0,0,1,127.94,2935,3927196.4499999993,158.39627950601846,24.45107081444427,239.09605062500003,125.29,126.19428571428571,138.42835512923747
2016-02-26,24.0,267.224465625,99.61570416666666,239.08079208333334,20.592176458333334,100.0,28.143673541666665,88.86297708333333,1.965548125,139.07,22471.11,3226.23,0,0,0,0,1,139.07,2936,3927335.519999999,161.58128999784282,23.198605019055154,239.08079208333334,127.94,128.13857142857142,137.76002179590415
2016-02-27,24.0,267.76867583333336,99.62150833333334,239.41255708333333,20.669772291666668,100.0,28.35611875,88.91595354166667,2.0082202083333334,138.2,22382.55,3233.13,0,0,0,0,1,138.2,2937,3927473.7199999993,161.95767004341536,23.39457308248915,239.41255708333335,139.07,129.3557142857143,137.3056884625708
2016-02-28,24.0,268.224286875,99.63309541666666,239.60505916666668,20.756672291666668,100.0,28.619227708333334,89.0604625,2.0516777083333335,139.83,22436.45,3242.16,0,0,0,0,1,139.83,2938,3927613.5499999993,160.45519559465063,23.1864406779661,239.60505916666668,138.2,131.6942857142857,136.8816884625708
2016-02-29,24.0,268.42488979166666,99.64375458333333,239.8365225,20.615159583333334,100.0,28.588367291666668,87.81419645833333,1.9779216666666666,138.78,22299.88,3487.94,0,0,0,0,1,138.78,2939,3927752.329999999,160.6851131286929,25.13287217178268,239.8365225,139.83,133.54571428571427,136.4496884625708
2016-03-01,24.0,268.2537941666667,99.6369575,239.67789791666667,20.347528333333333,100.0,28.57589625,86.18466875,1.902161875,140.97,22203.35,3339.96,0,0,0,0,1,140.97,2940,3927893.2999999993,157.50407888203162,23.69270057459034,239.6778979166667,138.78,135.72571428571428,136.16435512923746
2016-03-02,24.0,268.08276416666666,99.630018125,239.4393575,20.648985833333334,100.0,28.643406666666667,88.83585479166666,1.96586,138.93,21922.63,3333.07,0,0,0,0,1,138.93,2941,3928032.2299999995,157.79622831641834,23.991002663211688,239.4393575,140.97,137.67428571428573,135.8596884625708
2016-03-03,24.0,267.9366054166667,99.62920395833333,239.35151458333334,20.244190833333334,100.0,28.585090833333332,88.96761083333334,1.9628591666666666,137.47,21836.38,3316.57,0,0,0,0,1,137.47,2942,3928169.6999999997,158.84469338764822,24.12577289590456,239.35151458333334,138.93,139.03571428571428,135.50402179590412
2016-03-04,24.0,267.80793416666666,99.6292,239.32699395833333,19.792875416666668,100.0,28.480940208333333,88.23425041666667,1.9047422916666668,136.45,21640.65,3288.94,0,0,0,0,1,136.45,2943,3928306.15,158.5976548186149,24.103627702455114,239.32699395833333,137.47,138.66142857142856,135.19868846257083
2016-03-05,24.0,267.6467191666667,99.6292,239.22566645833334,19.846169375,100.0,28.421052708333335,88.83290479166666,1.9385579166666667,134.55,21418.91,3294.06,0,0,0,0,1,134.55,2944,3928440.6999999997,159.1892233370494,24.48205128205128,239.22566645833336,136.45,138.14000000000001,135.47766666666666
2016-03-06,24.0,267.57247666666666,99.6292,239.16952020833332,19.828179375,100.0,28.402956458333332,88.707328125,1.9267052083333334,134.34,21301.46,3286.86,0,0,0,0,1,134.34,2945,3928575.0399999996,158.563793360131,24.46672621706119,239.16952020833332,134.55,137.3557142857143,135.17533333333333
2016-03-07,24.0,267.5115877083333,99.6292,239.12610583333333,19.815,100.0,28.385481875,88.80321479166666,1.9330677083333334,132.94,21157.04,3264.44,0,0,0,0,1,132.94,2946,3928707.9799999995,159.14728448924328,24.5557394313224,239.1261058333333,134.34,136.52142857142857,134.72
2016-03-08,24.0,267.52109270833336,99.62915979166667,239.175536875,19.7724,100.0,28.345555833333332,88.02812104166667,1.8418954166666666,131.43,21006.34,3241.29,0,0,0,0,1,131.43,2947,3928839.4099999997,159.82911055314617,24.661721068249257,239.17553687500003,132.94,135.15857142857143,134.32433333333333
2016-03-09,24.0,267.5033579166667,99.62915979166667,239.18540541666667,19.740359583333333,100.0,28.3179525,87.91619083333333,1.7830285416666667,129.73,20772.77,3222.79,0,0,0,0,1,129.73,2948,3928969.1399999997,160.12310182687122,24.842287828567027,239.1854054166667,131.43,133.84428571428572,133.88166666666666
2016-03-10,24.0,267.46514083333335,99.6292,239.17127625,19.757530208333332,100.0,28.293864583333335,87.849651875,1.7902564583333334,129.67,20565.11,3210.51,0,0,0,0,1,129.67,2949,3929098.8099999996,158.5957430400247,24.759080743425624,239.17127625,129.73,132.73,133.41366666666667
2016-03-11,24.0,267.46538354166665,99.6292,239.185968125,19.64113875,100.0,28.279415416666666,86.80610270833333,1.7620239583333333,128.01,20437.46,3190.68,0,0,0,0,1,128.01,2950,3929226.8199999994,159.65518318881337,24.925240215608156,239.185968125,129.67,131.5242857142857,132.95
2016-03-12,18.66666,270.28345203879536,99.59403290827603,240.09580692195604,19.08988249564732,60.97387583333333,30.187645116839327,84.94917956465163,4.007051563359487,78.86,12597.55,2086.84,0,0,0,0,1,101.39146478266599,2951,3929305.6799999992,159.74575196550848,26.46259193507482,240.09580692195604,128.01,126.78735211180943,131.53504882608888
2016-03-13,24.0,267.89991354166665,99.62730395833333,239.317568125,19.895071666666666,100.0,28.582345416666666,87.35851666666667,1.8112020833333333,123.15,20011.15,3185.74,0,0,0,0,1,123.15,2952,3929428.829999999,162.49411287048315,25.868777913114087,239.31756812499998,101.39146478266599,125.188780683238,131.10904882608887
2016-03-14,24.0,266.96243895833334,99.633731875,239.16234520833333,20.124239791666668,100.0,27.80009375,88.59500520833333,1.9233989583333333,126.68,20262.88,3254.58,0,0,0,0,1,126.68,2953,3929555.5099999993,159.95326807704453,25.691348279128512,239.16234520833333,123.15,124.29449496895229,130.9323821594222
2016-03-15,24.0,266.979935,99.64896,239.19468708333332,19.97588208333333,100.0,27.785247916666666,88.73483645833333,1.9146714583333333,125.61,20144.33,3243.8,0,0,0,0,1,125.61,2954,3929681.119999999,160.37202452034074,25.824377040044585,239.19468708333335,126.68,123.4630663975237,130.6370488260889
2016-03-16,24.0,266.9720575,99.64863375,239.197558125,19.825792291666666,100.0,27.774499375,88.73715708333333,1.9103977083333334,127.05,20528.02,3230.29,0,0,0,0,1,127.05,2955,3929808.169999999,161.57434081070446,25.42534435261708,239.197558125,125.61,123.08020925466657,130.40471549275554
2016-03-17,24.0,266.96180645833334,99.63912979166666,239.20820166666667,22.01955729166667,100.0,27.753604791666667,88.74661104166667,1.8874908333333333,120.66,19397.8,3029.64,0,0,0,0,1,120.66,2956,3929928.829999999,160.7641306149511,25.108901044256587,239.20820166666667,127.05,121.79306639752372,130.00771549275552
2016-03-18,24.0,267.131796875,99.63770333333333,239.23981645833334,22.308150833333332,100.0,27.891980416666666,88.6943575,1.8484602083333332,118.92,19424.43,3203.3,0,0,0,0,1,118.92,2957,3930047.749999999,163.34031281533805,26.936596030945175,239.23981645833337,120.66,120.49449496895228,129.56571549275552
2016-03-19,24.0,266.973531875,99.63731854166667,239.21530458333334,22.294369166666666,100.0,27.758227291666667,88.61174604166666,1.8524672916666667,117.8,19356.7,3237.39,0,0,0,0,1,117.8,2958,3930165.549999999,164.31833616298812,27.482088285229203,239.21530458333334,118.92,122.83857142857143,129.1663821594222
2016-03-20,24.0,267.08127833333333,99.63525520833333,239.21296104166666,22.2894475,100.0,27.868317291666667,88.56514166666666,1.8247810416666668,118.58,19257.65,3228.33,0,0,0,0,1,118.58,2959,3930284.129999999,162.4021757463316,27.22491145218418,239.21296104166666,117.8,122.18571428571428,128.93704882608887
2016-03-21,24.0,267.2675335416667,99.62994666666667,239.19988583333333,22.30743625,100.0,28.067647708333332,88.658573125,1.7931485416666666,117.29,19166.0,3190.88,0,0,0,0,1,117.29,2960,3930401.419999999,163.40694006309147,27.205047318611985,239.19988583333335,118.58,120.8442857142857,128.52404882608886
2016-03-22,24.0,267.210183125,99.62865958333333,239.17053541666667,22.361712291666667,100.0,28.039647708333334,88.77896458333333,1.7995247916666666,113.59,18353.37,3166.42,0,0,0,0,1,113.59,2961,3930515.009999999,161.57557883616514,27.875869354696714,239.17053541666667,117.29,119.12714285714287,128.19504882608888
2016-03-23,24.0,267.322405625,99.62456375,239.18914333333333,22.41559875,100.0,28.133262291666668,88.75425229166666,1.7630210416666667,112.78,18106.6,3172.83,0,0,0,0,1,112.78,2962,3930627.7899999986,160.54796949813795,28.13291363716971,239.18914333333333,113.59,117.08857142857143,127.76038215942218
2016-03-24,24.0,267.3301329166667,99.61956791666667,239.20277979166667,22.282819166666666,100.0,28.127353125,87.49101395833334,1.6997391666666666,113.55,18413.81,3178.21,0,0,0,0,1,113.55,2963,3930741.3399999985,162.16477322765303,27.989520035226775,239.20277979166667,112.78,116.07285714285715,127.35504882608888
2016-03-25,24.0,267.1902177083333,99.61860166666666,239.12715833333334,22.298369166666667,100.0,28.063059375,88.35439229166667,1.7316339583333333,114.13,18607.59,3181.15,0,0,0,0,1,114.13,2964,3930855.4699999983,163.03855252781915,27.873039516341017,239.1271583333333,113.55,115.38857142857144,126.98304882608886
2016-03-26,24.0,267.3890060416667,99.617619375,239.22956916666666,22.047627291666668,100.0,28.159436875,86.36814833333334,1.614136875,111.92,18399.35,3137.07,0,0,0,0,1,111.92,2965,3930967.3899999983,164.39733738384558,28.02957469621158,239.22956916666666,114.13,114.54857142857142,126.44904882608888
2016-03-27,23.0,267.59574304347825,99.60984652173913,239.2244536956522,22.02723608695652,100.0,28.371289347826085,86.01632260869565,1.5931832608695653,106.43,17693.97,2982.27,0,0,0,0,1,111.05739130434783,2966,3931073.8199999984,166.2498355726769,28.02095273888941,239.22445369565216,111.92,113.47391304347828,125.51529520290046
2016-03-28,24.0,267.6301397916667,99.6086,239.20261770833332,22.088687083333333,100.0,28.427522083333333,86.60829729166667,1.5954054166666667,109.31,18094.55,3100.02,0,0,0,0,1,109.31,2967,3931183.1299999985,165.53426036044277,28.359893879791418,239.20261770833335,111.05739130434783,112.33391304347825,124.55229520290047
2016-03-29,24.0,267.6699252083333,99.60246416666666,239.17842583333334,22.296779166666667,100.0,28.491499375,88.61511020833333,1.715845,110.06,18031.96,3118.92,0,0,0,0,1,110.06,2968,3931293.1899999985,163.8375431582773,28.338360894057786,239.17842583333334,109.31,111.82962732919255,123.55996186956712
2016-03-30,24.0,267.68991458333335,99.59962104166667,239.224435,22.36566125,100.0,28.465479583333334,88.62155854166667,1.7160958333333334,107.52,17612.38,3121.41,0,0,0,0,1,107.52,2969,3931400.7099999986,163.80561755952382,29.030970982142858,239.22443500000003,110.06,111.07819875776397,122.51796186956713
2016-03-31,24.0,267.941584375,99.59466895833333,239.23636833333333,22.295019375,100.0,28.705216041666667,88.55315729166666,1.732954375,105.42,17188.97,3080.98,0,0,0,0,1,105.42,2970,3931506.1299999985,163.05226712198825,29.225763612217794,239.23636833333333,107.52,109.9167701863354,121.33296186956711
2016-04-01,24.0,268.000816875,99.58836083333334,239.33691020833334,22.088865416666668,100.0,28.663906666666666,86.88464458333333,1.6235097916666668,103.59,16844.89,3065.33,0,0,0,0,1,103.59,2971,3931609.7199999983,162.61115937831835,29.590983685683945,239.33691020833334,105.42,108.41105590062112,120.15496186956713
2016-04-02,24.0,267.93242625,99.58432333333333,239.206641875,22.206891458333335,100.0,28.725784375,87.50381083333333,1.648543125,102.03,16799.8,3064.01,0,0,0,0,1,102.03,2972,3931711.749999998,164.6554934823091,30.030481231010487,239.206641875,103.59,106.99819875776396,118.97362853623379
2016-04-03,24.0,267.798046875,99.57954145833334,239.23902979166667,22.203980625,100.0,28.559017083333334,87.55379291666667,1.6251633333333333,102.69,16803.44,3060.46,0,0,0,0,1,102.69,2973,3931814.439999998,163.6326808842146,29.802901937871265,239.23902979166667,102.03,105.80285714285715,117.84829520290046
2016-04-04,24.0,267.48910958333335,99.57981979166667,239.17788208333334,22.251881458333333,100.0,28.3112275,88.14749958333333,1.66025875,102.82,16703.24,3244.61,0,0,0,0,1,102.82,2974,3931917.259999998,162.45127407119242,31.556214744213193,239.17788208333334,102.69,104.87571428571428,116.7906285362338
2016-04-05,24.0,267.32471625,99.58198229166666,239.20405875,22.196388333333335,100.0,28.1206575,87.66915354166666,1.6351783333333334,102.44,16780.89,3108.26,0,0,0,0,1,102.44,2975,3932019.699999998,163.81188988676297,30.342249121436943,239.20405875,102.82,103.78714285714285,115.72729520290046
2016-04-06,22.83333,275.7858406792658,99.498403265345,240.45891147362212,21.492114770478068,65.90897166666667,35.32692920564368,82.95830794905517,8.745248890621736,76.6,12888.86,2426.4,0,0,0,0,1,80.51388036698982,2976,3932096.299999998,168.26187989556138,31.67624020887729,240.4589114736221,102.44,99.92912576671283,113.97975788180013
2016-04-07,24.0,269.38369458333335,99.55035729166667,239.41805125,22.057110208333334,76.5376375,29.965643333333333,87.77217083333333,3.9021566666666665,94.06,15158.2,2972.23,0,0,0,0,1,94.06,2977,3932190.359999998,161.15458218158622,31.599298320221134,239.41805125000002,80.51388036698982,98.30626862385569,112.73409121513346
2016-04-08,24.0,266.614080625,99.58856541666667,238.95429416666667,22.322098333333333,100.0,27.659786458333333,88.594436875,1.798984375,118.84,19607.4,3282.46,0,0,0,0,1,118.84,2978,3932309.199999998,164.98990238976776,27.620834735779198,238.95429416666664,94.06,100.48484005242712,112.37109121513346
2016-04-09,24.0,266.659615,99.58976729166666,239.14726958333333,22.207841041666665,100.0,27.512345416666665,87.491961875,1.66963125,115.85,19096.41,3246.69,0,0,0,0,1,115.85,2979,3932425.049999998,164.83737591713424,28.024946050927927,239.1472695833333,118.84,102.45912576671284,111.91042454846679
2016-04-10,24.0,266.60268791666664,99.59932541666667,239.08714854166666,22.152209791666667,100.0,27.515539375,87.47915854166666,1.6862725,115.19,18799.03,3212.89,0,0,0,0,1,115.19,2980,3932540.239999998,163.2001909888011,27.892091327372167,239.08714854166664,115.85,104.24484005242711,111.48309121513346
2016-04-11,24.0,266.55528354166665,99.58979708333334,239.00681229166668,22.279471458333333,100.0,27.54847125,87.98808729166667,1.7083622916666668,112.58,18754.17,3203.7,0,0,0,0,1,112.58,2981,3932652.819999998,166.58527269497245,28.45709717534198,239.00681229166665,115.19,105.63912576671284,111.85604238904459
2016-04-12,24.0,266.515078125,99.58801,238.97613125,22.283203541666666,100.0,27.538946875,88.10671166666667,1.7033397916666666,109.13,18147.3,3195.0,0,0,0,0,1,109.13,2982,3932761.949999998,166.29066251259965,29.27700907174929,238.97613125,112.58,106.59484005242712,111.38870905571126
2016-04-13,24.0,266.4695947916667,99.58971791666667,238.93041104166667,22.29335625,100.0,27.53918375,88.03432020833333,1.6963939583333334,108.94,18046.97,3167.13,0,0,0,0,1,108.94,2983,3932870.889999998,165.65972094731046,29.07224160088122,238.93041104166667,109.13,110.65571428571427,110.79737572237792
2016-04-14,24.0,266.4240927083333,99.5987775,238.864805625,22.363772708333332,100.0,27.559287083333334,88.571825625,1.7078375,109.65,17906.05,3165.48,0,0,0,0,1,109.65,2984,3932980.5399999977,163.3018695850433,28.86894664842681,238.86480562499997,108.94,112.88285714285715,110.26537572237791
2016-04-15,24.0,266.37307854166664,99.59946729166667,238.82612854166666,22.30713625,100.0,27.54695,88.32280479166667,1.691649375,106.58,17732.87,3158.98,0,0,0,0,1,106.58,2985,3933087.119999998,166.38084068305497,29.639519609682868,238.82612854166663,109.65,111.13142857142857,109.58304238904459
2016-04-16,24.0,266.337858125,99.60659125,238.79916333333333,22.300031041666667,100.0,27.538694791666668,88.413545625,1.6947702083333334,112.71,21902.22,3259.33,0,0,0,0,1,112.71,2986,3933199.8299999977,194.3236624966729,28.917842250022183,238.79916333333335,106.58,110.68285714285715,109.31804238904459
2016-04-17,24.0,265.89242145833333,99.61974375,238.70700145833334,22.287558333333333,100.0,27.18542,87.71800291666666,1.6960827083333334,116.79,21844.79,3284.31,0,0,0,0,1,116.79,2987,3933316.619999998,187.0433256271941,28.121500128435652,238.70700145833334,112.71,110.91142857142857,109.2470423890446
2016-04-18,24.0,266.8362695833333,99.61867958333333,238.756776875,22.242148333333333,94.13128375,28.079492708333333,87.187158125,2.36883875,98.36,17562.02,3331.3,0,0,0,0,1,98.36,2988,3933414.9799999977,178.5483936559577,33.86844245628304,238.75677687499999,116.79,108.88,108.59904238904458
2016-04-19,24.0,268.5286635416667,99.59557166666667,238.80092708333333,22.103817916666667,78.28967458333334,29.727736458333332,87.91853541666667,3.9279270833333335,112.19,18437.93,3025.78,0,0,0,0,1,112.19,2989,3933527.1699999976,164.34557447187808,26.97013994117123,238.80092708333333,98.36,109.31714285714285,108.38604238904459
2016-04-20,24.0,266.04944416666666,99.62117833333333,238.5250525,22.376341041666667,100.0,27.524391666666666,88.27243333333334,1.7124022916666666,115.51,19842.04,3187.32,0,0,0,0,1,115.51,2990,3933642.6799999974,171.77768158600986,27.593455112111506,238.5250525,112.19,110.25571428571429,108.32670905571126
2016-04-21,24.0,266.0240910416667,99.626218125,238.50182791666666,22.334955625,100.0,27.522263125,88.34346,1.7108472916666666,111.87,17549.88,3173.77,0,0,0,0,1,111.87,2991,3933754.5499999975,156.87744703673908,28.370161794940554,238.50182791666668,115.51,110.57285714285715,108.26937572237792
2016-04-22,21.0,272.78711873548093,99.55274471875238,239.58870004848572,21.427903395623808,63.7431925,33.19841868699524,83.9895121957238,7.4615913419,77.77,11703.47,2400.14,0,0,0,0,1,88.88,2992,3933832.3199999975,150.4882345377395,30.86202906004886,239.5887000484857,111.87,108.04428571428572,107.47270905571126
2016-04-23,24.0,265.753003125,99.64313020833333,238.20205645833335,22.216329583333334,100.0,27.55094666666667,87.93627479166666,1.735308125,110.55,17782.0,3284.21,0,0,0,0,1,110.55,2993,3933942.8699999973,160.85029398462234,29.70791497060154,238.20205645833335,88.88,107.73571428571428,107.37270905571125
2016-04-24,24.0,267.76771333333335,99.62056354166667,238.53231916666667,22.066216666666666,70.72040458333333,29.235394166666666,88.12523666666667,3.423225625,99.04,15991.93,3051.28,0,0,0,0,1,99.04,2994,3934041.9099999974,161.46940630048465,30.808562197092083,238.5323191666667,110.55,105.20000000000002,106.86970905571124
2016-04-25,24.0,269.727620625,99.60464520833334,238.83884208333333,22.002413541666666,46.48683625,30.888778541666667,87.77091770833333,4.983956041666667,96.43,15474.1,3037.19,0,0,0,0,1,96.43,2995,3934138.3399999975,160.4697708182101,31.496318573058176,238.8388420833333,99.04,104.92428571428572,106.35337572237792
2016-04-26,24.0,270.50434479166665,99.59945,238.97532833333332,22.01633875,43.140228125,31.529016458333334,87.82923020833333,5.746545833333333,93.76,15009.64,2864.74,0,0,0,0,1,93.76,2996,3934232.0999999973,160.0857508532423,30.553967576791806,238.97532833333332,96.43,102.29142857142857,105.77679601223299
2016-04-27,24.0,270.54472875,99.59871666666666,238.99499645833333,22.078878333333332,43.037061875,31.54973229166667,88.13128104166667,5.718461875,92.3,14879.97,2814.12,0,0,0,0,1,92.3,2997,3934324.399999997,161.2131094257855,30.48884073672806,238.99499645833333,93.76,98.97571428571428,105.209796012233
2016-04-28,24.0,270.4766672916667,99.60125145833334,239.105130625,22.099085625,43.13352916666667,31.371536666666668,87.840061875,5.5877679166666665,93.42,14692.89,2788.75,0,0,0,0,1,93.42,2998,3934417.819999997,157.27777777777777,29.85174480839221,239.10513062500002,92.3,96.34,104.65512934556634
2016-04-29,24.0,270.52615729166666,99.60862291666666,239.14120958333334,22.041666458333335,43.164235625,31.384947708333332,87.432805625,5.601956458333333,100.39,15863.53,2941.33,0,0,0,0,1,100.39,2999,3934518.209999997,158.0190257993824,29.299033768303616,239.14120958333334,93.42,97.98428571428572,104.41746267889967
2016-04-30,24.0,270.5831558333333,99.616605625,239.16989604166668,22.155578541666667,43.204911458333335,31.41325979166667,88.04290145833333,5.733214375,100.33,15808.49,2917.75,0,0,0,0,1,100.33,3000,3934618.5399999972,157.56493571214992,29.08153094787202,239.16989604166665,100.39,96.52428571428572,104.247796012233
2016-05-01,24.0,270.69078083333335,99.62099979166666,239.30114791666668,22.019675833333334,43.14962375,31.389632916666667,86.80595229166667,5.612864375,97.69,15756.73,2886.76,0,0,0,0,1,97.69,3001,3934716.229999997,161.29317227966015,29.550209847476715,239.30114791666668,100.33,96.33142857142857,104.05112934556632
2016-05-02,24.0,270.9138277083333,99.62847291666667,239.355411875,22.012851875,43.059604791666665,31.558415833333335,86.238390625,5.5350914583333335,101.32,16340.09,2895.34,0,0,0,0,1,101.32,3002,3934817.549999997,161.27210817212793,28.576194236083698,239.355411875,97.69,97.03,104.02746267889967
2016-05-03,24.0,271.08904729166665,99.63303729166667,239.30635375,22.18316625,42.96701375,31.782693541666667,87.25895520833333,5.553490625,111.05,17787.13,2917.56,0,0,0,0,1,111.05,3003,3934928.599999997,160.1722647456101,26.272489869428185,239.30635374999997,101.32,99.5,104.30612934556633
2016-05-04,24.0,270.83572395833335,99.64538625,239.375196875,22.145443333333333,43.08009375,31.460527083333332,86.60702833333333,5.52615625,110.1,17547.9,2933.41,0,0,0,0,1,110.1,3004,3935038.699999997,159.3814713896458,26.643142597638512,239.37519687500003,111.05,102.04285714285716,104.54879601223298
2016-05-05,24.0,270.69837333333334,99.65679541666667,239.37797666666665,22.114870625,43.067681875,31.320396666666667,86.09551395833333,5.5393125,110.78,17489.5,2946.91,0,0,0,0,1,110.78,3005,3935149.4799999967,157.87597039176745,26.60146235782632,239.37797666666665,110.1,104.52285714285713,104.82679601223299
2016-05-06,24.0,270.68900333333335,99.66485333333334,239.37949333333333,22.235952083333334,43.03576770833333,31.30951,86.72686791666666,5.538181041666666,111.23,17468.21,2926.54,0,0,0,0,1,111.23,3006,3935260.7099999967,157.04585093949473,26.310707542929066,239.37949333333336,110.78,106.07142857142857,105.85066666666667
2016-05-07,24.0,270.6838510416667,99.67457791666666,239.29712416666666,22.419657916666665,42.95842041666667,31.386726875,88.01213770833333,5.5923139583333334,110.71,17535.68,2920.69,0,0,0,0,1,110.71,3007,3935371.4199999967,158.39291843555236,26.38144702375576,239.2971241666667,111.23,107.5542857142857,106.40566666666668
2016-05-08,24.0,270.6842135416667,99.68302041666666,239.369813125,22.321918958333335,43.14234458333333,31.31440041666667,85.76654875,5.49152125,110.4,17405.18,2910.37,0,0,0,0,1,110.4,3008,3935481.8199999966,157.655615942029,26.362047101449274,239.369813125,110.71,109.37,106.12433333333334
2016-05-09,24.0,270.6283702083333,99.692008125,239.36882520833333,22.371001041666666,43.09314020833333,31.259545,86.20904729166666,5.4993260416666665,108.96,17226.41,2930.57,0,0,0,0,1,108.96,3009,3935590.7799999965,158.0984765051395,26.895833333333336,239.3688252083333,110.4,110.46142857142856,105.89466666666667
2016-05-10,24.0,270.6255414583333,99.70259916666667,239.27953395833333,22.54902125,43.016331875,31.3460075,88.16721291666667,5.57068375,107.66,17029.67,3883.25,0,0,0,0,1,107.66,3010,3935698.4399999967,158.18010403120934,36.06957087126138,239.27953395833333,108.96,109.97714285714287,105.64366666666666
2016-05-11,24.0,270.71053458333336,99.7123325,239.259205,22.595179375,43.291530208333334,31.451329583333333,88.48192354166666,5.6580320833333335,107.36,17023.43,2860.2,0,0,0,0,1,107.36,3011,3935805.7999999966,158.56399031296573,26.641207153502233,239.259205,107.66,109.58571428571427,105.46966666666667
2016-05-12,24.0,270.74777166666667,99.7231,239.23952458333332,22.6531875,43.26442,31.508247083333334,88.6020375,5.708541041666667,106.46,16917.58,2859.72,0,0,0,0,1,106.46,3012,3935912.2599999965,158.91020101446554,26.861919969941763,239.23952458333332,107.36,108.96857142857142,105.38066666666667
2016-05-13,24.0,270.79185875,99.73416083333333,239.250966875,22.458745625,43.191019583333336,31.540891875,88.19205083333334,5.744122083333333,105.69,16786.98,2860.3,0,0,0,0,1,105.69,3013,3936017.9499999965,158.83224524552938,27.06310909262939,239.25096687500002,106.46,108.17714285714285,105.27233333333332
2016-05-14,24.0,270.79120479166664,99.745658125,239.25661125,22.416872291666667,43.158295208333335,31.534593541666666,87.93346416666667,5.745662708333334,104.75,16664.88,2845.05,0,0,0,0,1,104.75,3014,3936122.6999999965,159.09193317422435,27.160381861575182,239.25661125,105.69,107.32571428571428,105.109
2016-05-15,18.0,274.24417305555556,99.72707138888889,240.2239825,21.258308333333332,30.1400825,34.02019055555556,82.99673944444444,8.168599166666667,71.02,11456.18,1943.51,0,0,0,0,1,94.69333333333333,3015,3936193.7199999965,161.30920867361309,27.365671641791046,240.2239825,104.75,105.08190476190475,104.71277777777777
2016-05-16,24.0,270.1425545833333,99.78575916666667,239.476846875,22.7949475,47.38328645833333,30.665707708333333,88.26529916666667,4.85224375,106.52,12281.25,2908.18,0,0,0,0,1,106.52,3016,3936300.2399999965,115.29524971836275,27.301727375140818,239.47684687499998,94.69333333333333,104.73333333333333,104.50644444444445
2016-05-17,24.0,270.745501875,99.778513125,239.22273395833332,22.9577325,43.202365625,31.522767916666666,88.40293916666667,5.722931458333333,103.84,16629.88,2832.53,0,0,0,0,1,103.84,3017,3936404.0799999963,160.1490755007704,27.277831278890602,239.22273395833332,106.52,104.18761904761904,104.07477777777777
2016-05-18,24.0,270.7506485416667,99.80004125,239.28565729166667,22.903238541666667,43.13294770833333,31.46499125,88.02078854166666,5.65518625,103.26,16593.06,2820.25,0,0,0,0,1,103.26,3018,3936507.339999996,160.69203951191167,27.312124733681966,239.2856572916667,103.84,103.60190476190476,104.23811111111111
2016-05-19,24.0,270.666335625,99.821590625,239.23450583333334,22.478728125,43.24422875,31.431829791666665,87.98749625,5.639559583333333,102.32,16485.58,2811.24,0,0,0,0,1,102.32,3019,3936609.659999996,161.11786551993748,27.47498045347928,239.23450583333332,103.26,103.0104761904762,103.90911111111112
2016-05-20,24.0,270.77208,99.82828,239.268680625,22.503962916666666,43.10102520833333,31.503399375,87.67103270833333,5.703411458333333,102.15,16243.09,2806.22,0,0,0,0,1,102.15,3020,3936711.809999996,159.01213901125794,27.471561429270675,239.268680625,102.32,102.5047619047619,103.46377777777776
2016-05-21,24.0,270.63552625,99.82834,239.258309375,22.469496666666668,43.127211875,31.377216875,87.0952775,5.600321666666667,100.7,15979.29,2840.15,0,0,0,0,1,100.7,3021,3936812.509999996,158.6821251241311,28.204071499503474,239.258309375,102.15,101.92619047619048,103.09144444444445
2016-05-22,24.0,270.55044625,99.83029270833333,239.14411,22.610566875,43.01564520833333,31.40633625,88.261019375,5.598478125,101.14,16108.07,2891.32,0,0,0,0,1,101.14,3022,3936913.649999996,159.26507810955113,28.58730472612221,239.14410999999998,100.7,102.84714285714287,103.50011111111111
2016-05-23,24.0,270.51295375,99.84230583333333,239.10642875,22.650405625,43.08321708333333,31.406525,88.633095,5.62445375,101.57,16190.44,2897.94,0,0,0,0,1,101.57,3023,3937015.219999996,159.40179186767747,28.53145613862361,239.10642875000002,101.14,102.14,103.20077777777779
2016-05-24,24.0,270.6246252083333,99.85090875,239.14368375,22.552860833333334,43.29054645833333,31.480941458333334,88.356158125,5.703909375,102.31,16300.54,2893.01,0,0,0,0,1,102.31,3024,3937117.529999996,159.3249926693383,28.27690352849184,239.14368374999998,101.57,101.92142857142858,103.30977777777778
2016-05-25,24.0,270.60368854166666,99.860435625,239.11396020833334,22.712543333333333,43.19122541666667,31.489728333333332,88.60360479166667,5.696693958333333,102.71,16301.58,2877.82,0,0,0,0,1,102.71,3025,3937220.239999996,158.71463343394024,28.018888131632757,239.1139602083333,102.31,101.84285714285714,103.51911111111112
2016-05-26,24.0,270.5699475,99.87246166666667,239.07678125,22.883973958333332,43.165553333333335,31.49316625,88.79474895833333,5.691118125,102.73,16309.03,2881.48,0,0,0,0,1,102.73,3026,3937322.969999996,158.7562542587365,28.04906064440767,239.07678125,102.71,101.90142857142857,103.81811111111112
2016-05-27,24.0,270.49749041666666,99.882394375,239.05352625,22.918924791666665,43.189841875,31.443964166666667,88.78675895833334,5.653304583333333,101.76,16199.04,2877.57,0,0,0,0,1,101.76,3027,3937424.729999996,159.18867924528303,28.2780070754717,239.05352625,102.73,101.84571428571428,104.13344444444444
2016-05-28,24.0,270.5673995833333,99.89099166666666,239.077965,22.9373875,43.26818,31.489434583333335,88.69135916666667,5.701943125,102.13,16268.23,2897.44,0,0,0,0,1,102.13,3028,3937526.8599999957,159.28943503378048,28.370116518163126,239.077965,101.76,102.05,104.42377777777777
2016-05-29,24.0,270.5965639583333,99.90142041666667,239.096755,22.922640416666667,43.15885625,31.499808958333332,88.076543125,5.726359583333333,101.12,16205.62,2901.88,0,0,0,0,1,101.12,3029,3937627.979999996,160.26127373417722,28.69738924050633,239.09675499999997,102.13,102.04714285714284,104.4481111111111
2016-05-30,24.0,270.60828458333333,99.91051583333333,239.063126875,22.979128958333334,43.097108541666664,31.545157708333335,88.828825625,5.7536764583333335,100.78,15984.09,2882.54,0,0,0,0,1,100.78,3030,3937728.7599999956,158.60379043461003,28.60230204405636,239.063126875,101.12,101.9342857142857,104.46311111111112
2016-05-31,24.0,270.5166952083333,99.92208791666667,239.04225791666667,22.903012708333332,43.16315958333333,31.474437291666668,88.62866875,5.685396875,102.74,16342.69,2875.8,0,0,0,0,1,102.74,3031,3937831.499999996,159.0684251508663,27.991045357212386,239.04225791666664,100.78,101.99571428571427,104.63144444444444
2016-06-01,24.0,270.457390625,99.93087979166667,239.03729729166668,22.876517916666668,43.150848333333336,31.420093333333334,88.53788291666666,5.6396025,102.65,16128.54,2859.57,0,0,0,0,1,102.65,3032,3937934.1499999957,157.12167559668777,27.857476863127133,239.03729729166668,102.74,101.98714285714287,104.67577777777777
2016-06-02,24.0,270.4201458333333,99.93917291666666,239.03528333333333,22.93865875,43.11982625,31.3848625,88.57085916666666,5.599912291666667,101.83,16245.66,2882.58,0,0,0,0,1,101.83,3033,3938035.979999996,159.53707158990474,28.30776784837474,239.03528333333333,102.65,101.85857142857142,104.36844444444445
2016-06-03,24.0,270.3777445833333,99.95017291666667,238.986226875,23.14620125,43.00968375,31.391517708333332,88.92559854166667,5.60134875,97.14,15591.82,2839.02,0,0,0,0,1,97.14,3034,3938133.119999996,160.5087502573605,29.2260654725139,238.98622687499997,101.83,101.19857142857143,103.93644444444446
2016-06-04,24.0,270.324576875,99.95891395833333,238.98956354166666,23.04198875,43.03511458333333,31.335013333333332,88.76260020833334,5.548384166666667,102.59,16857.01,2885.87,0,0,0,0,1,102.59,3035,3938235.709999996,164.31435812457352,28.130129642265327,238.98956354166666,97.14,101.26428571428572,103.66344444444444
2016-06-05,24.0,270.26967958333336,99.9677175,238.96990979166668,23.10155875,43.019637708333335,31.299769791666666,88.77056770833333,5.50851625,103.15,16827.74,2894.82,0,0,0,0,1,103.15,3036,3938338.8599999957,163.1385361124576,28.064178380998545,238.96990979166668,102.59,101.55428571428571,103.39411111111112
2016-06-06,24.0,270.2359533333333,99.978710625,238.976083125,23.302367291666666,43.02548125,31.259870208333332,88.85746875,5.462211875,103.3,16775.03,2904.85,0,0,0,0,1,103.3,3037,3938442.1599999955,162.39138431752178,28.12052274927396,238.976083125,103.15,101.91428571428571,103.14711111111112
2016-06-07,24.0,270.51426375,99.983189375,239.00286708333334,23.267555416666667,43.19166104166667,31.511396666666666,88.81900708333333,5.71856375,103.68,16887.0,2921.12,0,0,0,0,1,103.68,3038,3938545.8399999957,162.8761574074074,28.17438271604938,239.00286708333334,103.3,102.04857142857144,102.92311111111111
2016-06-08,22.41666,273.1591583242017,99.9705800938766,239.79926097042556,22.494279619002118,37.861826666666666,33.35989735377616,86.40151715454041,7.967162172589494,91.57,14945.84,2554.32,0,0,0,0,1,98.03779867295127,3039,3938637.4099999955,163.2176477012122,27.89472534672928,239.79926097042556,103.68,101.38968552470733,102.55903773354281
2016-06-09,24.0,268.02385375,100.027849375,238.70769229166666,23.245204583333333,53.93733270833334,29.316161458333333,88.85594333333333,3.7903466666666668,102.38,16629.16,3106.49,0,0,0,0,1,102.38,3040,3938739.7899999954,162.42586442664583,30.34274272318812,238.70769229166666,98.03779867295127,101.46825695327877,102.38303773354282
2016-06-10,24.0,267.9220779166667,100.0423575,238.67553,23.414306458333332,56.41114854166667,29.246547916666668,89.06075708333333,3.703971666666667,105.78,17387.3,3063.59,0,0,0,0,1,105.78,3041,3938845.569999995,164.37228209491397,28.961902060881076,238.67553000000004,102.38,102.70254266756447,102.33037106687614
2016-06-11,23.98519,266.80485902166293,100.07956441158481,238.55558166467307,23.660710145723257,88.61951083333334,28.249277356989875,89.28727410496226,2.6871570859059277,109.05,17640.76,3093.81,0,0,0,0,1,109.1173344884906,3042,3938954.619999995,161.76762952773956,28.37056396148556,238.55558166467307,105.78,103.63501902306312,102.41894888315916
2016-06-12,21.68148,274.1126015048788,99.97587662599601,239.9297683769881,22.273842173555494,58.29478270833334,34.18283312789072,82.43115366080636,8.687697534831571,91.46,14732.22,2574.89,0,0,0,0,1,101.24032123268337,3043,3939046.079999995,161.07828558932866,28.153181718784168,239.92976837698808,109.1173344884906,103.36220777058932,102.27062625758195
2016-06-13,24.0,267.820925,100.06243625,238.66417479166665,23.575405,71.53201916666667,29.15675020833333,88.89753979166667,3.6248397916666666,107.23,17395.7,3057.6,0,0,0,0,1,107.23,3044,3939153.309999995,162.22792129068358,28.51440828126457,238.66417479166665,101.24032123268337,103.92363634201789,102.35329292424862
2016-06-14,24.0,269.68143395833334,100.03759041666666,238.86110604166666,23.42901,45.042214375,30.820327916666667,88.44504625,5.302699375,104.48,16824.06,2968.09,0,0,0,0,1,104.48,3045,3939257.789999995,161.02660796324656,28.408212098009187,238.8611060416667,107.23,104.03792205630361,102.67951514647083
2016-06-15,24.0,269.71297166666665,100.05011104166667,238.8346825,23.441083333333335,45.025039791666664,30.878289166666665,88.624225,5.334084375,103.8,16745.98,2984.87,0,0,0,0,1,103.8,3046,3939361.5899999947,161.32928709055878,28.75597302504817,238.83468249999999,104.48,104.86109367445341,102.58884847980418
2016-06-16,24.0,269.70859,100.05094,238.83355,23.44567,45.03461,30.87504,88.72131,5.32183,104.63,16836.0,3004.53,0,0,0,0,1,104.63,3047,3939466.2199999946,160.90987288540572,28.715760298193636,238.83355,103.8,105.18252224588198,102.61518181313751
2016-06-17,24.0,269.73424875,100.07291125,238.83943520833333,23.660816875,44.938628125,30.894813541666668,89.22569791666666,5.368747708333333,103.29,16456.74,2979.58,0,0,0,0,1,103.29,3048,3939569.5099999947,159.3255881498693,28.84674218220544,238.83943520833333,104.63,104.8268079601677,102.6161818131375
2016-06-18,24.0,269.68260895833333,100.08052166666667,238.858874375,23.414846875,44.99246083333333,30.823734583333334,88.8059925,5.308560833333333,103.44,16551.02,2972.75,0,0,0,0,1,103.44,3049,3939672.9499999946,160.00599381283837,28.738882443928848,238.858874375,103.29,104.01576017609763,102.65351514647084
2016-06-19,24.0,269.6514364583333,100.09138520833334,238.87272125,23.583725,45.022687708333336,30.778715208333335,88.93697708333333,5.267049166666666,103.55,16524.52,2984.83,0,0,0,0,1,103.55,3050,3939776.4999999944,159.58010622887494,28.82501207146306,238.87272124999998,103.44,104.34571428571428,102.70018181313752
2016-06-20,24.0,269.603839375,99.80753125,238.87797958333334,23.529305,44.90168958333334,30.725859791666668,87.80892604166667,5.204200625,103.75,16525.42,2978.42,0,0,0,0,1,103.75,3051,3939880.2499999944,159.281156626506,28.707662650602412,238.87797958333334,103.55,103.84857142857142,102.80184847980418
2016-06-21,24.0,269.6070060416667,100.11087979166666,238.877680625,23.749839375,44.92384666666667,30.729325416666665,89.046011875,5.203657916666667,103.44,16508.09,2992.62,0,0,0,0,1,103.44,3052,3939983.6899999944,159.59097061098223,28.930974477958237,238.87768062500004,103.75,103.7,102.87851514647085
2016-06-22,24.0,269.5841835416667,100.12050145833334,238.95866458333333,23.63613,44.945734791666666,30.625518958333334,88.46815979166666,5.120723125,103.21,16511.03,2993.41,0,0,0,0,1,103.21,3053,3940086.8999999943,159.97509931208216,29.0031004747602,238.95866458333333,103.44,103.61571428571428,102.93318181313751
2016-06-23,24.0,269.55476604166665,100.12965270833334,238.941828125,23.750499791666666,44.92858,30.612937916666667,88.75116770833333,5.111549791666667,103.27,16566.18,3022.9,0,0,0,0,1,103.27,3054,3940190.1699999943,160.4161905684129,29.27181175559214,238.94182812499997,103.21,103.42142857142858,102.9651818131375
2016-06-24,24.0,269.56835083333334,100.14008833333334,238.84521895833333,23.980203125,44.79734479166667,30.723131875,89.44609958333334,5.190156875,103.37,16499.88,2980.02,0,0,0,0,1,103.37,3055,3940293.5399999944,159.619618844926,28.828673696430297,238.84521895833333,103.27,103.43285714285716,102.98718181313751
2016-06-25,24.0,269.51866916666665,100.14972541666667,238.84552854166665,24.015235625,44.81040958333333,30.673140625,89.45617041666667,5.148882708333334,102.57,16434.67,2981.04,0,0,0,0,1,102.57,3056,3940396.1099999943,160.2288193428878,29.063468850541096,238.84552854166665,103.37,103.30857142857143,102.98184847980419
2016-06-26,24.0,269.4845477083333,100.15920645833333,238.83925,23.920048541666667,44.859468541666665,30.645297708333334,89.32238458333333,5.110392916666667,102.85,16501.91,2983.48,0,0,0,0,1,102.85,3057,3940498.9599999944,160.4463782207098,29.00807000486145,238.83924999999996,102.57,103.20857142857143,103.01818181313752
2016-06-27,24.0,269.76166520833334,100.1670025,238.90431375,23.877888958333333,45.107035208333336,30.857351458333333,89.05148895833334,5.342120625,101.46,16274.31,2976.42,0,0,0,0,1,101.46,3058,3940600.4199999943,160.40124186871674,29.33589591957422,238.90431375,102.85,102.88142857142859,102.99584847980418
2016-06-28,24.0,269.87687520833333,100.17323083333333,238.9077025,23.92824020833333,45.126061875,30.969172708333332,88.78092458333333,5.451190625,102.26,16444.37,2973.66,0,0,0,0,1,102.26,3059,3940702.679999994,160.80940739291998,29.07940543712106,238.9077025,101.46,102.71285714285715,103.03384847980418
2016-06-29,24.0,269.8275966666667,100.18541291666666,238.94032979166667,23.871834375,45.20392833333333,30.887266875,88.37994541666667,5.36717125,102.38,16458.56,2980.12,0,0,0,0,1,102.38,3060,3940805.059999994,160.75952334440322,29.108419613205704,238.9403297916667,102.26,102.5942857142857,103.0871818131375
2016-06-30,24.0,269.82660708333333,100.19530895833333,238.89340875,23.48338083333333,45.15536604166667,30.933198333333333,88.835300625,5.398404583333333,101.47,16397.18,2985.45,0,0,0,0,1,101.47,3061,3940906.529999994,161.5963338917907,29.421996649255938,238.89340875,102.38,102.33714285714284,103.04484847980417
2016-07-01,24.0,269.8926466666667,100.20332083333334,238.9119425,23.503142708333332,45.16079270833333,30.980704166666666,88.82726354166667,5.323273333333334,102.89,16369.86,2979.13,0,0,0,0,1,102.89,3062,3941009.4199999943,159.10059286616774,28.95451453008067,238.9119425,101.47,102.2685714285714,103.05284847980418
2016-07-02,24.0,269.79387916666667,100.21691354166667,238.8679725,23.61056125,45.175064791666664,30.925906666666666,89.17633416666666,5.389035833333334,101.58,16365.91,2992.0,0,0,0,0,1,101.58,3063,3941110.9999999944,161.11350659578656,29.45461705060051,238.8679725,102.89,102.12714285714286,103.04451514647084
2016-07-03,24.0,269.78869875,100.226029375,238.82612041666667,23.651138333333332,45.10948125,30.962578333333333,89.14163270833333,5.436901458333334,102.43,16269.74,2976.87,0,0,0,0,1,102.43,3064,3941213.4299999946,158.83764522112662,29.06248169481597,238.82612041666664,101.58,102.06714285714285,103.22084847980416
2016-07-04,24.0,269.77985020833336,100.23517354166667,238.81865270833333,23.758682291666666,45.08410791666667,30.9611975,89.476961875,5.443450208333333,100.67,16263.02,2990.1,0,0,0,0,1,100.67,3065,3941314.0999999945,161.54782954206814,29.70199662262839,238.81865270833336,102.43,101.9542857142857,103.15684847980418
2016-07-05,24.0,269.76627083333335,100.24581166666667,238.796704375,23.806924375,45.07721458333334,30.969566458333333,89.52474541666666,5.43335125,101.88,16284.48,2974.3,0,0,0,0,1,101.88,3066,3941415.9799999944,159.83981154299175,29.194149980369065,238.79670437500002,100.67,101.89999999999999,103.11451514647085
2016-07-06,24.0,269.59938854166666,100.25713833333333,238.79399854166667,23.775145833333333,45.85685604166667,30.80539,89.42880166666667,5.282118125,98.3,16217.43,2994.84,0,0,0,0,1,98.3,3067,3941514.279999994,164.97894201424214,30.466327568667346,238.79399854166667,101.88,101.31714285714284,102.94784847980416
2016-07-07,24.0,266.1987652083333,100.31404458333333,238.43649270833333,23.94783875,93.42386270833333,27.7622725,89.44170833333334,2.187301875,106.19,17427.78,3172.96,0,0,0,0,1,106.19,3068,3941620.469999994,164.11884358225822,29.880026367831245,238.43649270833333,98.3,101.99142857142859,103.03151514647084
2016-07-08,24.0,266.0380191666667,100.32772208333333,238.47496083333334,23.988557083333333,100.0,27.563058333333334,89.3095125,1.998215,106.3,17541.2,3187.95,0,0,0,0,1,106.3,3069,3941726.769999994,165.01599247412983,29.990122295390403,238.47496083333334,106.19,102.47857142857141,103.30692185737247
2016-07-09,22.66666,268.8127640685747,100.29545565866785,239.08116658222252,23.64642570273697,82.19068541666667,29.7315974863522,87.86405648852103,4.1143401555059285,102.09,16681.29,2326.24,0,0,0,0,1,108.09532591038997,3070,3941828.859999994,163.39788421980606,22.786169066509938,239.08116658222252,106.3,103.40933227291285,103.49743272105212
2016-07-10,24.0,265.92262958333333,100.33843645833333,238.398366875,23.980052083333334,100.0,27.52426270833333,89.153704375,1.9594822916666668,113.38,18753.12,3185.47,0,0,0,0,1,113.38,3071,3941942.2399999937,165.40059975304285,28.095519491973892,238.398366875,108.09532591038997,104.97361798719855,103.75076605438547
2016-07-11,23.66667,267.7685209641069,100.32095638960192,238.63866906525084,23.935043643026248,91.162324375,29.12985189885607,89.07477433753037,3.4077682623410896,108.84,17979.28,3056.29,0,0,0,0,1,110.37294220099406,3072,3942051.0799999936,165.1900036751194,28.080576993752295,238.63866906525087,113.38,106.35975258734058,103.79261964480224
2016-07-12,24.0,266.002483125,100.34586520833334,238.27390375,24.058640625,100.0,27.728579375,89.50352375,1.9382102083333332,113.84,18543.76,3148.91,0,0,0,0,1,113.84,3073,3942164.9199999934,162.89318341531973,27.660839775122977,238.27390375000002,110.37294220099406,108.06832401591201,104.21260893704613
2016-07-13,14.89167,266.38889756236205,100.35873412013562,238.25723011711244,24.06214039698704,60.58989208333333,28.131667445249594,89.35479354491471,2.53668264023444,68.47,10591.65,1907.46,0,0,0,0,1,110.34894004500502,3074,3942233.3899999936,154.69037534686723,27.858332116255294,238.25723011711244,113.84,109.78960116519843,104.31657360521298
2016-07-14,0.0,298.77946,99.08426,235.57592,7.83336,1.0756016666666666,63.20354,22.68846,17.12527,0.0,0.0,0.0,1,0,0,0,1,0.0,3075,3942233.3899999936,,,235.57591999999997,110.34894004500502,94.61960116519843,100.8339069385463
2016-07-15,0.0,297.70191,98.75261,235.98928,6.28885,1.1302897916666668,61.71263,16.08436,6.8448,0.0,0.0,0.0,1,0,0,0,1,0.0,3076,3942233.3899999936,,,235.98928,0.0,79.43388687948415,97.3739069385463
2016-07-16,0.0,296.6106,98.59342,236.07912,5.67486,1.105256875,60.53148,15.75318,10.13282,0.0,0.0,0.0,1,0,0,0,1,0.0,3077,3942233.3899999936,,,236.07912,0.0,63.991697463714154,93.88624027187964
2016-07-17,0.0,297.69869,98.49029,236.55107,5.293,1.2236370833333334,61.14762,15.66534,12.91573,0.0,0.0,0.0,1,0,0,0,1,0.0,3078,3942233.3899999936,,,236.55106999999998,0.0,47.794554606571296,90.44324027187965
2016-07-18,0.0,296.69888,98.40569,236.51314,5.03675,1.0413195833333333,60.18574,16.20824,13.67139,0.0,0.0,0.0,1,0,0,0,1,0.0,3079,3942233.3899999936,,,236.51313999999996,0.0,32.02699143500072,86.99524027187964
2016-07-19,0.0,297.36854,98.34696,239.20565,4.90071,0.918846875,58.16289,17.85106,17.56225,0.0,0.0,0.0,1,0,0,0,1,0.0,3080,3942233.3899999936,,,239.20565,0.0,15.764134292143575,83.54357360521297
2016-07-20,0.0,298.65977,98.29392,289.59368,4.94093,1.234085625,9.06609,22.67846,2.90346,0.0,0.0,0.0,1,0,0,0,1,0.0,3081,3942233.3899999936,,,289.59368,0.0,0.0,80.08524027187964
2016-07-21,0.0,299.72845,98.2467,299.70222,4.69894,1.2431866666666667,0.02623,6.88365,0.02305,0.0,0.0,0.0,1,0,0,0,1,0.0,3082,3942233.3899999936,,,299.70222,0.0,0.0,76.63724027187963
2016-07-22,0.0,298.78489,98.20471,298.78489,4.55279,1.1578935416666667,0.0,0.0,0.03974,0.0,0.0,0.0,1,0,0,0,1,0.0,3083,3942233.3899999936,,,298.78489,0.0,0.0,73.1969069385463
2016-07-23,0.0,296.91789,98.16866,296.91789,4.46573,1.1569566666666666,0.0,0.0,0.07314,0.0,0.0,0.0,1,0,0,0,1,0.0,3084,3942233.3899999936,,,296.91789,0.0,0.0,69.75457360521297
2016-07-24,0.0,297.19216,98.13922,297.19216,4.40561,1.2441660416666667,0.0,0.0,0.10148,0.0,0.0,0.0,1,0,0,0,1,0.0,3085,3942233.3899999936,,,297.19216,0.0,0.0,66.3089069385463
2016-07-25,0.0,298.45777,98.11246,298.45777,4.15093,1.1472627083333333,0.0,0.0,0.12389,0.0,0.0,0.0,1,0,0,0,1,0.0,3086,3942233.3899999936,,,298.45777,0.0,0.0,62.889906938546304
2016-07-26,0.0,299.43045,98.08512,299.38316,0.06872,1.24097625,0.04729,0.0,0.11186,0.0,0.0,0.0,1,0,0,0,1,0.0,3087,3942233.3899999936,,,299.38316000000003,0.0,0.0,59.46157360521297
2016-07-27,0.0,298.61409,98.05971,298.54357,0.06111,1.2028047916666667,0.07052,0.0,0.12647,0.0,0.0,0.0,1,0,0,0,1,0.0,3088,3942233.3899999936,,,298.54357,0.0,0.0,56.07957360521297
2016-07-28,0.0,298.92542,98.04004,298.85257,0.06214,1.1196179166666667,0.07285,0.0,0.15363,0.0,0.0,0.0,1,0,0,0,1,0.0,3089,3942233.3899999936,,,298.85256999999996,0.0,0.0,52.6709069385463
2016-07-29,0.0,299.54902,98.01826,298.95014,0.05845,1.2864939583333332,0.59888,0.0,0.33719,0.0,0.0,0.0,1,0,0,0,1,0.0,3090,3942233.3899999936,,,298.95014,0.0,0.0,49.258240271879636
2016-07-30,0.0,302.87841,90.78333,286.59795,0.13574,1.1992804166666666,16.28046,0.0,15.99704,0.0,0.0,0.0,1,0,0,0,1,0.0,3091,3942233.3899999936,,,286.59794999999997,0.0,0.0,45.8759069385463
2016-07-31,0.0,334.65614,78.80357,262.52025,0.0,1.1887333333333334,72.13589,0.0,71.81582,0.0,0.0,0.0,1,0,0,0,1,0.0,3092,3942233.3899999936,,,262.52025,0.0,0.0,42.44624027187964
2016-08-01,0.0,140.07483,43.9085,132.86026,0.0,1.3210716666666666,7.21457,0.0,6.85612,0.0,0.0,0.0,1,0,0,0,1,0.0,3093,3942233.3899999936,,,132.86025999999998,0.0,0.0,39.06024027187963
2016-08-02,0.0,0.0,0.0,10.88271,0.0,1.2851014583333333,10.88271,0.0,10.48263,0.0,0.0,0.0,1,0,0,0,1,0.0,3094,3942233.3899999936,,,-10.88271,0.0,0.0,35.645906938546304
2016-08-03,0.0,0.0,0.0,10.88253,2.30229,1.2914816666666666,10.88253,0.0,10.42743,0.0,0.0,0.0,1,0,0,0,1,0.0,3095,3942233.3899999936,,,-10.88253,0.0,0.0,32.29024027187963
2016-08-04,0.0,0.0,0.0,10.88144,1.81968,1.118525,10.88144,0.0,10.37836,0.0,0.0,0.0,1,0,0,0,1,0.0,3096,3942233.3899999936,,,-10.88144,0.0,0.0,28.894240271879635
2016-08-05,0.0,0.0,0.0,10.88275,1.58107,0.9850039583333333,10.88275,0.0,10.6363,0.0,0.0,0.0,1,0,0,0,1,0.0,3097,3942233.3899999936,,,-10.88275,0.0,0.0,25.617573605212968
2016-08-06,0.0,0.0,0.0,10.88265,1.43615,1.0558341666666666,10.88265,0.0,10.79472,0.0,0.0,0.0,1,0,0,0,1,0.0,3098,3942233.3899999936,,,-10.88265,0.0,0.0,22.0779069385463
2016-08-07,0.0,0.0,0.0,10.88285,1.35908,1.2207729166666668,10.88285,0.0,10.71638,0.0,0.0,0.0,1,0,0,0,1,0.0,3099,3942233.3899999936,,,-10.88285,0.0,0.0,18.53457360521297
2016-08-08,0.0,0.0,0.0,10.88248,1.29217,1.211040625,10.88248,0.0,10.67437,0.0,0.0,0.0,1,0,0,0,1,0.0,3100,3942233.3899999936,,,-10.88248,0.0,0.0,14.931396074866635
2016-08-09,0.0,0.0,0.0,10.88194,1.3124,1.3118391666666667,10.88194,0.0,10.64935,0.0,0.0,0.0,1,0,0,0,1,0.0,3101,3942233.3899999936,,,-10.88194,0.0,0.0,11.152062741533303
2016-08-10,0.0,0.0,0.0,10.88113,3.90822,1.24907375,10.88113,0.0,10.59783,0.0,0.0,0.0,1,0,0,0,1,0.0,3102,3942233.3899999936,,,-10.88113,0.0,0.0,7.472964668166834
2016-08-11,0.0,0.0,0.0,10.87803,10.57412,1.3026385416666666,10.87803,0.0,10.52729,0.0,0.0,0.0,1,0,0,0,1,0.0,3103,3942233.3899999936,,,-10.87803,0.0,0.0,3.6782980015001674
2016-08-12,0.0,0.0,0.0,10.87769,10.58031,1.223501875,10.87769,0.0,10.45642,0.0,0.0,0.0,1,0,0,0,1,0.0,3104,3942233.3899999936,,,-10.87769,0.0,0.0,0.0
2016-08-13,0.0,0.0,0.0,10.87453,10.58245,1.2013083333333334,10.87453,0.0,10.39904,0.0,0.0,0.0,1,0,0,0,1,0.0,3105,3942233.3899999936,,,-10.87453,0.0,0.0,0.0
2016-08-14,0.0,0.0,0.0,10.87019,10.57995,1.31111,10.87019,0.0,10.34975,0.0,0.0,0.0,1,0,0,0,1,0.0,3106,3942233.3899999936,,,-10.87019,0.0,0.0,0.0
2016-08-15,0.0,0.0,0.0,10.87984,10.58222,1.1058991666666667,10.87984,0.0,10.30588,0.0,0.0,0.0,1,0,0,0,1,0.0,3107,3942233.3899999936,,,-10.87984,0.0,0.0,0.0
2016-08-16,0.0,0.0,0.0,10.87528,10.58351,1.0819383333333332,10.87528,0.0,10.24014,0.0,0.0,0.0,1,0,0,0,1,0.0,3108,3942233.3899999936,,,-10.87528,0.0,0.0,0.0
2016-08-17,0.0,0.0,0.0,10.88278,10.57874,1.1346483333333333,10.88278,0.0,10.17953,0.0,0.0,0.0,1,0,0,0,1,0.0,3109,3942233.3899999936,,,-10.88278,0.0,0.0,0.0
2016-08-18,0.0,0.0,0.0,10.87603,10.58085,1.302505625,10.87603,0.0,10.11671,0.0,0.0,0.0,1,0,0,0,1,0.0,3110,3942233.3899999936,,,-10.87603,0.0,0.0,0.0
2016-08-19,0.0,0.0,0.0,10.87959,10.58339,1.11364,10.87959,0.0,10.06401,0.0,0.0,0.0,1,0,0,0,1,0.0,3111,3942233.3899999936,,,-10.87959,0.0,0.0,0.0
2016-08-20,0.0,0.0,0.0,10.88243,10.58347,1.0661547916666667,10.88243,0.0,10.0208,0.0,0.0,0.0,1,0,0,0,1,0.0,3112,3942233.3899999936,,,-10.88243,0.0,0.0,0.0
2016-08-21,0.0,0.0,0.0,10.87982,10.58349,1.0628335416666668,10.87982,0.0,9.97974,0.0,0.0,0.0,1,0,0,0,1,0.0,3113,3942233.3899999936,,,-10.87982,0.0,0.0,0.0
2016-08-22,0.0,0.0,0.0,10.87816,10.58358,1.1983522916666667,10.87816,0.0,9.93833,0.0,0.0,0.0,1,0,0,0,1,0.0,3114,3942233.3899999936,,,-10.87816,0.0,0.0,0.0
2016-08-23,0.0,0.0,0.0,10.88049,10.58349,1.2878141666666667,10.88049,0.0,9.91165,0.0,0.0,0.0,1,0,0,0,1,0.0,3115,3942233.3899999936,,,-10.88049,0.0,0.0,0.0
2016-08-24,0.0,0.0,0.0,10.88138,10.57432,1.1078775,10.88138,0.0,9.8649,0.0,0.0,0.0,1,0,0,0,1,0.0,3116,3942233.3899999936,,,-10.88138,0.0,0.0,0.0
2016-08-25,0.0,0.0,0.0,10.87842,10.57875,1.1304227083333334,10.87842,0.0,9.82757,0.0,0.0,0.0,1,0,0,0,1,0.0,3117,3942233.3899999936,,,-10.87842,0.0,0.0,0.0
2016-08-26,0.0,0.0,0.0,10.87396,10.58069,1.1814933333333333,10.87396,0.0,9.69519,0.0,0.0,0.0,1,0,0,0,1,0.0,3118,3942233.3899999936,,,-10.87396,0.0,0.0,0.0
2016-08-27,0.0,0.0,0.0,10.87401,10.58064,1.215870625,10.87401,0.0,9.44269,0.0,0.0,0.0,1,0,0,0,1,0.0,3119,3942233.3899999936,,,-10.87401,0.0,0.0,0.0
2016-08-28,0.0,0.0,0.0,10.87383,10.57853,1.166075625,10.87383,0.0,9.39423,0.0,0.0,0.0,1,0,0,0,1,0.0,3120,3942233.3899999936,,,-10.87383,0.0,0.0,0.0
2016-08-29,0.0,0.0,0.0,10.88187,10.57636,1.1179364583333333,10.88187,0.0,9.35331,0.0,0.0,0.0,1,0,0,0,1,0.0,3121,3942233.3899999936,,,-10.88187,0.0,0.0,0.0
2016-08-30,0.0,0.0,0.0,10.88124,10.57739,1.0841797916666667,10.88124,0.0,9.31724,0.0,0.0,0.0,1,0,0,0,1,0.0,3122,3942233.3899999936,,,-10.88124,0.0,0.0,0.0
2016-08-31,0.0,0.0,0.0,10.87961,10.58218,1.19030625,10.87961,0.0,9.28087,0.0,0.0,0.0,1,0,0,0,1,0.0,3123,3942233.3899999936,,,-10.87961,0.0,0.0,0.0
2016-09-01,0.0,0.0,0.0,10.88261,10.5685,1.1401275,10.88261,0.0,9.19691,0.0,0.0,0.0,1,0,0,0,1,0.0,3124,3942233.3899999936,,,-10.88261,0.0,0.0,0.0
2016-09-02,0.0,0.0,0.0,10.88278,10.56948,1.0656635416666667,10.88278,0.0,9.14892,0.0,0.0,0.0,1,0,0,0,1,0.0,3125,3942233.3899999936,,,-10.88278,0.0,0.0,0.0
2016-09-03,0.0,0.0,0.0,10.8802,10.57693,1.0425854166666666,10.8802,0.0,9.11433,0.0,0.0,0.0,1,0,0,0,1,0.0,3126,3942233.3899999936,,,-10.8802,0.0,0.0,0.0
2016-09-04,0.0,0.0,0.0,10.8808,10.57415,1.2884066666666667,10.8808,0.0,9.10142,0.0,0.0,0.0,1,0,0,0,1,0.0,3127,3942233.3899999936,,,-10.8808,0.0,0.0,0.0
2016-09-05,0.0,0.0,0.0,10.88218,10.57627,1.271208125,10.88218,0.0,9.08129,0.0,0.0,0.0,1,0,0,0,1,0.0,3128,3942233.3899999936,,,-10.88218,0.0,0.0,0.0
2016-09-06,0.0,0.0,0.0,10.88092,10.57999,1.22078,10.88092,0.0,9.044,0.0,0.0,0.0,1,0,0,0,1,0.0,3129,3942233.3899999936,,,-10.88092,0.0,0.0,0.0
2016-09-07,0.0,0.0,0.0,10.87523,10.58238,1.162124375,10.87523,0.0,9.01685,0.0,0.0,0.0,1,0,0,0,1,0.0,3130,3942233.3899999936,,,-10.87523,0.0,0.0,0.0
2016-09-08,0.0,0.0,0.0,10.87567,10.58328,1.071653125,10.87567,0.0,8.98759,0.0,0.0,0.0,1,0,0,0,1,0.0,3131,3942233.3899999936,,,-10.87567,0.0,0.0,0.0
2016-09-09,0.0,0.0,0.0,10.88066,10.58083,1.0480625,10.88066,0.0,8.97629,0.0,0.0,0.0,1,0,0,0,1,0.0,3132,3942233.3899999936,,,-10.88066,0.0,0.0,0.0
2016-09-10,0.0,0.0,0.0,10.87828,10.57878,1.1188145833333334,10.87828,0.0,8.95578,0.0,0.0,0.0,1,0,0,0,1,0.0,3133,3942233.3899999936,,,-10.87828,0.0,0.0,0.0
2016-09-11,0.0,0.0,0.0,10.88101,10.57532,1.0309725,10.88101,0.0,8.95451,0.0,0.0,0.0,1,0,0,0,1,0.0,3134,3942233.3899999936,,,-10.88101,0.0,0.0,0.0
2016-09-12,0.0,0.0,0.0,10.87672,10.57874,0.9809391666666667,10.87672,0.0,8.92281,0.0,0.0,0.0,1,0,0,0,1,0.0,3135,3942233.3899999936,,,-10.87672,0.0,0.0,0.0
2016-09-13,0.0,0.0,0.0,10.87335,10.58266,0.9493660416666667,10.87335,0.0,8.89437,0.0,0.0,0.0,1,0,0,0,1,0.0,3136,3942233.3899999936,,,-10.87335,0.0,0.0,0.0
2016-09-14,0.0,0.0,0.0,10.87699,10.58311,1.1145235416666666,10.87699,0.0,8.88767,0.0,0.0,0.0,1,0,0,0,1,0.0,3137,3942233.3899999936,,,-10.87699,0.0,0.0,0.0
2016-09-15,0.0,0.0,0.0,10.88277,10.58207,1.0004739583333333,10.88277,0.0,8.85606,0.0,0.0,0.0,1,0,0,0,1,0.0,3138,3942233.3899999936,,,-10.88277,0.0,0.0,0.0
2016-09-16,0.0,0.0,0.0,10.87889,10.58325,1.1606595833333333,10.87889,0.0,8.83878,0.0,0.0,0.0,1,0,0,0,1,0.0,3139,3942233.3899999936,,,-10.87889,0.0,0.0,0.0
2016-09-17,0.0,0.0,0.0,10.87613,10.58302,1.1132164583333333,10.87613,0.0,8.82793,0.0,0.0,0.0,1,0,0,0,1,0.0,3140,3942233.3899999936,,,-10.87613,0.0,0.0,0.0
